# Blender v2.78 (sub 0) OBJ File: ''
# www.blender.org
mtllib Unit02.mtl
o e02_201_0_Untitled.076
v 0.027692 3.568991 0.176004
v 0.000000 3.508959 0.227267
v 0.000000 3.594851 0.160712
v 0.043981 3.625771 0.126332
v 0.000000 3.597805 0.158238
v 0.040306 3.615211 0.105854
v 0.027737 3.552489 0.157995
v 0.064448 3.681576 0.101742
v 0.067035 3.678901 0.126177
v -0.000000 3.670947 0.152100
v -0.000000 3.669172 0.152258
v 0.057985 3.770997 0.142188
v -0.000000 3.738447 0.169513
v -0.000000 3.746324 0.154729
v 0.058021 3.779825 0.129041
v 0.000000 3.494270 0.207804
v 0.000000 3.508959 0.227267
v -0.027692 3.568991 0.176004
v -0.043981 3.625771 0.126332
v -0.067035 3.678901 0.126177
v -0.057985 3.770997 0.142188
v -0.058021 3.779825 0.129041
v -0.040306 3.615211 0.105854
v -0.027737 3.552489 0.157995
v -0.064448 3.681576 0.101742
v 0.000000 3.494270 0.207804
v 0.000000 3.508959 0.227267
v 0.085542 3.702179 0.084289
v 0.118506 3.697267 0.049359
v 0.080604 3.644912 0.106170
v 0.083374 3.765741 0.048976
v 0.083252 3.742363 0.039466
v 0.150608 3.634477 0.076309
v 0.080604 3.644912 0.106170
v 0.063072 3.626891 0.116962
v 0.109505 3.683287 0.042331
v 0.083252 3.742363 0.039466
v 0.146984 3.621572 0.068326
v 0.141023 3.597816 0.113965
v 0.063072 3.626891 0.116962
v 0.089967 3.588359 0.130163
v 0.146984 3.621572 0.068326
v 0.141357 3.586121 0.098562
v 0.090150 3.580450 0.112257
v 0.046829 3.571871 0.143156
v 0.046907 3.568125 0.126059
v 0.046829 3.571871 0.143156
v 0.063072 3.626891 0.116962
v 0.046907 3.568125 0.126059
v 0.057536 3.600675 0.114693
v 0.063072 3.626891 0.116962
v 0.046829 3.571871 0.143156
v 0.080604 3.644912 0.106170
v 0.077310 3.616674 0.099956
v 0.063072 3.626891 0.116962
v 0.085542 3.702179 0.084289
v 0.088416 3.673154 0.077318
v 0.080604 3.644912 0.106170
v 0.083252 3.742363 0.039466
v 0.083374 3.765741 0.048976
v 0.161678 2.772521 -0.221043
v 0.202299 2.894146 -0.143829
v 0.131652 2.833656 -0.244379
v 0.226934 2.767052 -0.143520
v 0.294803 2.729894 0.019959
v 0.242392 2.848449 0.019520
v 0.204035 2.653654 0.130264
v 0.168017 2.713088 0.142014
v 0.118735 2.950226 -0.248616
v 0.127010 2.985719 -0.214309
v 0.065875 2.634965 0.191133
v 0.157984 2.592573 0.161809
v 0.152992 2.531291 0.199192
v 0.042258 2.572812 0.209674
v 0.083143 2.477579 0.221581
v 0.021465 2.505427 0.252571
v 0.000000 2.486618 0.269460
v 0.042962 2.343231 0.288034
v -0.021465 2.505427 0.252571
v -0.083143 2.477579 0.221581
v -0.042258 2.572812 0.209674
v -0.152992 2.531291 0.199192
v -0.065875 2.634965 0.191133
v -0.157984 2.592573 0.161809
v -0.204035 2.653654 0.130264
v -0.168017 2.713088 0.142014
v -0.242392 2.848449 0.019520
v -0.294803 2.729894 0.019959
v -0.202299 2.894146 -0.143829
v -0.226934 2.767052 -0.143520
v -0.161678 2.772521 -0.221043
v -0.131652 2.833656 -0.244379
v -0.118735 2.950226 -0.248616
v -0.127010 2.985719 -0.214309
v -0.042962 2.343231 0.288034
v 0.124299 2.979761 0.132055
v 0.081354 2.888866 0.168032
v 0.123798 3.021940 0.122495
v 0.198193 3.042302 0.034225
v 0.200481 3.070518 0.034164
v 0.234426 3.100057 -0.127830
v 0.023120 2.668982 0.229914
v 0.000000 2.658789 0.245001
v 0.000000 2.788668 0.207312
v 0.066037 2.728011 0.202985
v 0.081354 2.888866 0.168032
v 0.126092 2.829093 0.166207
v 0.124299 2.979761 0.132055
v 0.222349 2.902409 0.034532
v 0.198193 3.042302 0.034225
v 0.239977 2.964982 -0.143613
v 0.234426 3.100057 -0.127830
v 0.168750 3.016925 -0.218970
v 0.154222 3.145169 -0.189757
v 0.095921 3.106962 -0.243318
v 0.084386 3.190758 -0.216502
v -0.023120 2.668982 0.229914
v -0.066037 2.728011 0.202985
v -0.081354 2.888866 0.168032
v -0.126092 2.829093 0.166207
v -0.124299 2.979761 0.132055
v -0.222349 2.902409 0.034532
v -0.198193 3.042302 0.034225
v -0.239977 2.964982 -0.143613
v -0.234426 3.100057 -0.127830
v -0.168750 3.016925 -0.218970
v -0.154222 3.145169 -0.189757
v -0.095921 3.106962 -0.243318
v -0.084386 3.190758 -0.216502
v 0.274614 3.306117 0.033592
v 0.244622 3.140366 0.035994
v 0.239723 3.293595 0.110295
v 0.184365 3.102212 0.158217
v 0.164096 3.232337 0.191662
v 0.093382 3.020273 0.225194
v 0.091172 3.177616 0.235329
v 0.052089 3.080203 0.246501
v 0.286016 3.210359 -0.156226
v 0.296833 3.348366 -0.133556
v 0.178224 3.251597 -0.219137
v 0.163406 3.383222 -0.177751
v 0.090431 3.280635 -0.221981
v 0.113795 3.397377 -0.196563
v 0.024916 3.039145 0.253736
v 0.051261 2.944945 0.241956
v 0.073529 3.404363 -0.215204
v 0.000000 3.022807 0.257440
v 0.025216 2.890678 0.251996
v 0.000000 2.876754 0.261717
v -0.025216 2.890678 0.251996
v -0.051261 2.944945 0.241956
v -0.024916 3.039145 0.253736
v -0.093382 3.020273 0.225194
v -0.052089 3.080203 0.246501
v -0.091172 3.177616 0.235329
v -0.164096 3.232337 0.191662
v -0.184365 3.102212 0.158217
v -0.239723 3.293595 0.110295
v -0.244622 3.140366 0.035994
v -0.274614 3.306117 0.033592
v -0.286016 3.210359 -0.156226
v -0.296833 3.348366 -0.133556
v -0.178224 3.251597 -0.219137
v -0.163406 3.383222 -0.177751
v -0.090431 3.280635 -0.221981
v -0.113795 3.397377 -0.196563
v -0.073529 3.404363 -0.215204
v 0.360145 3.495462 0.032895
v 0.296833 3.348366 -0.133556
v 0.274614 3.306117 0.033592
v 0.364683 3.495575 -0.184697
v 0.445859 3.511939 -0.112570
v 0.368310 3.591535 0.000304
v 0.271075 3.602221 0.038619
v 0.221832 3.604423 0.090166
v 0.237139 3.453327 0.141511
v 0.398194 3.659960 -0.116906
v 0.334278 3.649922 -0.161843
v 0.157765 3.567081 -0.299889
v 0.314470 3.689945 -0.070245
v 0.103329 3.656114 0.030918
v 0.174153 3.705318 -0.087238
v 0.047544 3.755483 0.104169
v 0.000000 3.654248 0.095336
v 0.000000 3.739559 0.144137
v 0.062472 3.803936 -0.004166
v 0.051926 3.872376 0.039105
v 0.040657 3.817817 0.152468
v 0.108916 3.696878 -0.180995
v 0.000000 3.831799 -0.052466
v 0.000000 3.719579 -0.180998
v 0.071200 3.582767 0.133477
v 0.000000 3.557688 0.168973
v 0.118393 3.429597 0.220416
v 0.000000 3.403802 0.261854
v -0.000000 3.803852 0.188587
v 0.000000 3.571427 -0.302521
v 0.073529 3.404363 -0.215204
v -0.000000 3.904573 -0.010415
v 0.054405 3.371345 -0.227978
v 0.000000 3.376401 -0.272884
v 0.000000 3.316325 -0.252789
v 0.147156 3.422003 -0.196874
v 0.163406 3.383222 -0.177751
v 0.113795 3.397377 -0.196563
v -0.054405 3.371345 -0.227978
v 0.000000 3.316325 -0.252789
v -0.073529 3.404363 -0.215204
v 0.047794 3.359883 -0.257914
v 0.090431 3.280635 -0.221981
v 0.083505 3.277380 -0.243965
v 0.048783 3.191054 -0.223825
v 0.073529 3.404363 -0.215204
v 0.041732 3.219364 -0.273054
v 0.000000 3.314401 -0.299258
v 0.000000 3.316325 -0.252789
v 0.000000 3.165320 -0.283383
v 0.036542 3.182162 -0.214820
v 0.000000 3.126814 -0.212467
v -0.041732 3.219364 -0.273054
v -0.036542 3.182162 -0.214820
v 0.000000 3.126814 -0.212467
v -0.083505 3.277380 -0.243965
v -0.048783 3.191054 -0.223825
v -0.090431 3.280635 -0.221981
v -0.047794 3.359883 -0.257914
v -0.073529 3.404363 -0.215204
v 0.000000 3.316325 -0.252789
v 0.000000 3.316325 -0.252789
v -0.178224 3.251597 -0.219137
v -0.084386 3.190758 -0.216502
v -0.154222 3.145169 -0.189757
v -0.286016 3.210359 -0.156226
v -0.234426 3.100057 -0.127830
v -0.200481 3.070518 0.034164
v -0.244622 3.140366 0.035994
v -0.123798 3.021940 0.122495
v -0.184365 3.102212 0.158217
v -0.093382 3.020273 0.225194
v -0.081354 2.888866 0.168032
v -0.051261 2.944945 0.241956
v -0.025216 2.890678 0.251996
v 0.000000 2.788668 0.207312
v 0.000000 2.876754 0.261717
v 0.025216 2.890678 0.251996
v 0.081354 2.888866 0.168032
v 0.051261 2.944945 0.241956
v 0.093382 3.020273 0.225194
v 0.123798 3.021940 0.122495
v 0.184365 3.102212 0.158217
v 0.244622 3.140366 0.035994
v 0.200481 3.070518 0.034164
v 0.286016 3.210359 -0.156226
v 0.234426 3.100057 -0.127830
v 0.154222 3.145169 -0.189757
v 0.178224 3.251597 -0.219137
v 0.084386 3.190758 -0.216502
v 0.048783 3.191054 -0.223825
v 0.045376 3.165997 -0.253461
v 0.075805 3.126557 -0.209993
v 0.076992 3.087334 -0.237441
v 0.082172 3.036723 -0.201958
v 0.000000 3.120954 -0.289950
v 0.000000 3.126814 -0.212467
v 0.036542 3.182162 -0.214820
v 0.048783 3.191054 -0.223825
v 0.031333 3.032456 -0.256266
v 0.035902 2.979555 -0.208594
v 0.057240 2.997401 -0.207365
v 0.082172 3.036723 -0.201958
v 0.074733 3.013461 -0.202957
v 0.094734 2.992826 -0.190780
v 0.117038 2.974325 -0.173479
v 0.080204 2.928318 -0.208919
v 0.168750 3.016925 -0.218970
v 0.169203 2.932867 -0.137898
v 0.239977 2.964982 -0.143613
v 0.222349 2.902409 0.034532
v 0.095921 3.106962 -0.243318
v 0.174809 2.902347 -0.138085
v 0.127010 2.985719 -0.214309
v 0.202299 2.894146 -0.143829
v 0.242392 2.848449 0.019520
v 0.199736 2.830302 0.014177
v 0.168017 2.713088 0.142014
v 0.169203 2.932867 -0.137898
v 0.134490 2.710549 0.119737
v 0.179082 2.845171 0.015600
v 0.094819 2.752376 0.107375
v 0.069773 2.701187 0.142384
v 0.169203 2.932867 -0.137898
v 0.126092 2.829093 0.166207
v 0.065875 2.634965 0.191133
v 0.047037 2.644710 0.169714
v 0.014181 2.560888 0.196844
v 0.042258 2.572812 0.209674
v 0.028677 2.643770 0.170991
v 0.066037 2.728011 0.202985
v 0.023120 2.668982 0.229914
v 0.000000 2.626205 0.189041
v 0.000000 2.658789 0.245001
v 0.021465 2.505427 0.252571
v 0.000000 2.553794 0.207338
v 0.000000 2.486618 0.269460
v -0.021465 2.505427 0.252571
v -0.023120 2.668982 0.229914
v -0.028677 2.643770 0.170991
v -0.066037 2.728011 0.202985
v -0.069773 2.701187 0.142384
v -0.094819 2.752376 0.107375
v -0.134490 2.710549 0.119737
v -0.179082 2.845171 0.015600
v -0.199736 2.830302 0.014177
v -0.169203 2.932867 -0.137898
v -0.222349 2.902409 0.034532
v -0.126092 2.829093 0.166207
v -0.168017 2.713088 0.142014
v -0.242392 2.848449 0.019520
v -0.174809 2.902347 -0.138085
v -0.202299 2.894146 -0.143829
v -0.127010 2.985719 -0.214309
v -0.094734 2.992826 -0.190780
v -0.169203 2.932867 -0.137898
v -0.065875 2.634965 0.191133
v -0.047037 2.644710 0.169714
v -0.014181 2.560888 0.196844
v -0.042258 2.572812 0.209674
v -0.117038 2.974325 -0.173479
v -0.082172 3.036723 -0.201958
v -0.074733 3.013461 -0.202957
v -0.057240 2.997401 -0.207365
v -0.076992 3.087334 -0.237441
v -0.035902 2.979555 -0.208594
v -0.031333 3.032456 -0.256266
v -0.080204 2.928318 -0.208919
v -0.168750 3.016925 -0.218970
v -0.169203 2.932867 -0.137898
v -0.239977 2.964982 -0.143613
v -0.095921 3.106962 -0.243318
v -0.045376 3.165997 -0.253461
v -0.075805 3.126557 -0.209993
v -0.048783 3.191054 -0.223825
v 0.000000 3.126814 -0.212467
v -0.036542 3.182162 -0.214820
v -0.082172 3.036723 -0.201958
v -0.048783 3.191054 -0.223825
v 0.000000 2.958598 -0.273862
v 0.035902 2.979555 -0.208594
v 0.000000 2.934481 -0.209760
v 0.000000 2.958598 -0.273862
v 0.035902 2.979555 -0.208594
v -0.075805 3.126557 -0.209993
v -0.084386 3.190758 -0.216502
v -0.075805 3.126557 -0.209993
v -0.082172 3.036723 -0.201958
v -0.036542 3.182162 -0.214820
v -0.035902 2.979555 -0.208594
v 0.000000 2.934481 -0.209760
v 0.114796 2.394133 0.096149
v 0.000000 2.320739 -0.014752
v 0.037756 2.315095 0.086121
v 0.036678 2.362668 0.162783
v 0.203983 2.515619 0.076863
v 0.252792 2.457458 0.072087
v 0.198661 2.529937 -0.132531
v 0.234162 2.454493 -0.114548
v 0.172135 2.332491 0.079402
v 0.146409 2.301443 -0.006892
v 0.076294 2.347425 -0.010842
v 0.000000 2.320739 -0.014752
v 0.111788 2.412111 -0.158941
v 0.173871 2.377214 -0.162460
v 0.043509 2.270110 0.096897
v 0.000000 2.207129 0.110763
v 0.059956 2.345673 0.205015
v 0.037344 2.198747 0.169212
v 0.042962 2.343231 0.288034
v 0.083143 2.477579 0.221581
v 0.057326 2.454317 0.178571
v 0.152992 2.531291 0.199192
v 0.157272 2.527559 0.148742
v 0.000000 2.354066 -0.140105
v 0.058810 2.386142 -0.194099
v 0.064715 2.493870 -0.216723
v 0.055253 2.391997 -0.231037
v 0.064217 2.496541 -0.275017
v 0.000000 2.389008 -0.250940
v 0.000000 2.505730 -0.312309
v 0.000000 2.605431 -0.313724
v 0.101697 2.605267 -0.269768
v 0.109828 2.619305 -0.212697
v 0.154090 2.671711 -0.183833
v 0.126905 2.639467 -0.246004
v 0.048124 2.742118 -0.268191
v 0.064353 2.788007 -0.212275
v 0.000000 2.747717 -0.235894
v 0.042067 2.807650 -0.220704
v 0.000000 2.706350 -0.311627
v 0.186498 2.738693 -0.127868
v 0.239554 2.701309 0.002309
v 0.226934 2.767052 -0.143520
v 0.294803 2.729894 0.019959
v 0.161678 2.772521 -0.221043
v 0.133463 2.760851 -0.202864
v 0.204035 2.653654 0.130264
v 0.195636 2.634083 0.085003
v 0.155464 2.580686 0.110910
v 0.157984 2.592573 0.161809
v 0.077406 2.841151 -0.210472
v 0.039450 2.823815 -0.247088
v 0.092182 2.819844 -0.227457
v 0.077406 2.841151 -0.210472
v 0.131652 2.833656 -0.244379
v 0.118735 2.950226 -0.248616
v 0.081793 2.953726 -0.227215
v 0.076374 2.852284 -0.221214
v 0.000000 2.922238 -0.278017
v 0.062379 2.924137 -0.228453
v 0.080204 2.928318 -0.208919
v 0.046330 2.959884 -0.241977
v 0.000000 2.934481 -0.209760
v 0.035902 2.979555 -0.208594
v 0.077406 2.841151 -0.210472
v 0.035902 2.979555 -0.208594
v 0.074733 3.013461 -0.202957
v 0.081793 2.953726 -0.227215
v 0.000000 2.773010 -0.272088
v -0.042067 2.807650 -0.220704
v -0.064353 2.788007 -0.212275
v -0.048124 2.742118 -0.268191
v -0.154090 2.671711 -0.183833
v -0.126905 2.639467 -0.246004
v -0.101697 2.605267 -0.269768
v -0.109828 2.619305 -0.212697
v -0.198661 2.529937 -0.132531
v -0.064217 2.496541 -0.275017
v -0.055253 2.391997 -0.231037
v -0.064715 2.493870 -0.216723
v -0.058810 2.386142 -0.194099
v -0.111788 2.412111 -0.158941
v -0.234162 2.454493 -0.114548
v -0.252792 2.457458 0.072087
v -0.203983 2.515619 0.076863
v -0.114796 2.394133 0.096149
v -0.036678 2.362668 0.162783
v -0.172135 2.332491 0.079402
v -0.146409 2.301443 -0.006892
v -0.076294 2.347425 -0.010842
v -0.173871 2.377214 -0.162460
v -0.057326 2.454317 0.178571
v -0.157272 2.527559 0.148742
v -0.152992 2.531291 0.199192
v -0.083143 2.477579 0.221581
v -0.059956 2.345673 0.205015
v -0.042962 2.343231 0.288034
v -0.037344 2.198747 0.169212
v -0.043509 2.270110 0.096897
v -0.037756 2.315095 0.086121
v 0.000000 2.320739 -0.014752
v -0.155464 2.580686 0.110910
v -0.157984 2.592573 0.161809
v -0.204035 2.653654 0.130264
v -0.195636 2.634083 0.085003
v -0.239554 2.701309 0.002309
v -0.294803 2.729894 0.019959
v -0.226934 2.767052 -0.143520
v -0.186498 2.738693 -0.127868
v -0.161678 2.772521 -0.221043
v -0.133463 2.760851 -0.202864
v -0.092182 2.819844 -0.227457
v -0.077406 2.841151 -0.210472
v -0.131652 2.833656 -0.244379
v -0.118735 2.950226 -0.248616
v -0.081793 2.953726 -0.227215
v -0.080204 2.928318 -0.208919
v -0.081793 2.953726 -0.227215
v -0.074733 3.013461 -0.202957
v -0.081793 2.953726 -0.227215
v -0.074733 3.013461 -0.202957
v -0.077406 2.841151 -0.210472
v -0.039450 2.823815 -0.247088
v -0.076374 2.852284 -0.221214
v -0.062379 2.924137 -0.228453
v -0.077406 2.841151 -0.210472
v -0.080204 2.928318 -0.208919
v -0.046330 2.959884 -0.241977
v 0.000000 2.934481 -0.209760
v -0.035902 2.979555 -0.208594
v -0.035902 2.979555 -0.208594
v 0.360145 3.495462 0.032895
v 0.239723 3.293595 0.110295
v 0.237139 3.453327 0.141511
v 0.274614 3.306117 0.033592
v 0.118393 3.429597 0.220416
v 0.153011 3.262266 0.162839
v 0.000000 3.283962 0.257824
v 0.072547 3.198901 0.207552
v 0.042552 3.123255 0.212934
v 0.000000 3.403802 0.261854
v 0.018773 3.084534 0.217450
v 0.000000 3.269937 0.256179
v 0.000000 3.072849 0.218253
v -0.018773 3.084534 0.217450
v -0.118393 3.429597 0.220416
v -0.153011 3.262266 0.162839
v -0.072547 3.198901 0.207552
v -0.042552 3.123255 0.212934
v -0.239723 3.293595 0.110295
v -0.237139 3.453327 0.141511
v -0.360145 3.495462 0.032895
v -0.274614 3.306117 0.033592
v 0.000000 2.378501 0.304828
v 0.000000 2.486618 0.269460
v 0.000000 2.290046 0.358593
v 0.000000 2.290046 0.358593
v 0.000000 2.115112 0.229345
v 0.000000 2.115112 0.229345
v 0.000000 2.290046 0.358593
v 0.000000 2.115112 0.229345
v 0.000000 2.115112 0.229345
v 0.084386 3.190758 -0.216502
v 0.075805 3.126557 -0.209993
v 0.082172 3.036723 -0.201958
v 0.075805 3.126557 -0.209993
v 0.036542 3.182162 -0.214820
v 0.153011 3.262266 0.162839
v 0.091172 3.177616 0.235329
v 0.072547 3.198901 0.207552
v 0.164096 3.232337 0.191662
v 0.042552 3.123255 0.212934
v 0.052089 3.080203 0.246501
v 0.239723 3.293595 0.110295
v 0.018773 3.084534 0.217450
v 0.024916 3.039145 0.253736
v 0.000000 3.072849 0.218253
v 0.000000 3.022807 0.257440
v -0.024916 3.039145 0.253736
v -0.018773 3.084534 0.217450
v -0.052089 3.080203 0.246501
v -0.042552 3.123255 0.212934
v -0.091172 3.177616 0.235329
v -0.072547 3.198901 0.207552
v -0.153011 3.262266 0.162839
v -0.164096 3.232337 0.191662
v -0.239723 3.293595 0.110295
v 0.000000 2.320739 -0.014752
v 0.000000 2.344073 -0.177450
v 0.074733 3.013461 -0.202957
v 0.080204 2.928318 -0.208919
v 0.081793 2.953726 -0.227215
v -0.085542 3.702179 0.084289
v -0.080604 3.644912 0.106170
v -0.118506 3.697267 0.049359
v -0.083374 3.765741 0.048976
v -0.083252 3.742363 0.039466
v -0.150608 3.634477 0.076309
v -0.080604 3.644912 0.106170
v -0.063072 3.626891 0.116962
v -0.109505 3.683287 0.042331
v -0.083252 3.742363 0.039466
v -0.146984 3.621572 0.068326
v -0.063072 3.626891 0.116962
v -0.141023 3.597816 0.113965
v -0.089967 3.588359 0.130163
v -0.146984 3.621572 0.068326
v -0.141357 3.586121 0.098562
v -0.090150 3.580450 0.112257
v -0.046829 3.571871 0.143156
v -0.046907 3.568125 0.126059
v -0.046829 3.571871 0.143156
v -0.063072 3.626891 0.116962
v -0.046907 3.568125 0.126059
v -0.046829 3.571871 0.143156
v -0.063072 3.626891 0.116962
v -0.057536 3.600675 0.114693
v -0.080604 3.644912 0.106170
v -0.063072 3.626891 0.116962
v -0.077310 3.616674 0.099956
v -0.085542 3.702179 0.084289
v -0.080604 3.644912 0.106170
v -0.088416 3.673154 0.077318
v -0.083252 3.742363 0.039466
v -0.083374 3.765741 0.048976
v -0.124299 2.979761 0.132055
v -0.123798 3.021940 0.122495
v -0.081354 2.888866 0.168032
v -0.198193 3.042302 0.034225
v -0.200481 3.070518 0.034164
v -0.234426 3.100057 -0.127830
v -0.360145 3.495462 0.032895
v -0.296833 3.348366 -0.133556
v -0.364683 3.495575 -0.184697
v -0.274614 3.306117 0.033592
v -0.445859 3.511939 -0.112570
v -0.368310 3.591535 0.000304
v -0.271075 3.602221 0.038619
v -0.221832 3.604423 0.090166
v -0.237139 3.453327 0.141511
v -0.398194 3.659960 -0.116906
v -0.334278 3.649922 -0.161843
v -0.157765 3.567081 -0.299889
v -0.314470 3.689945 -0.070245
v -0.103329 3.656114 0.030918
v -0.174153 3.705318 -0.087238
v -0.047544 3.755483 0.104169
v -0.062472 3.803936 -0.004166
v -0.051926 3.872376 0.039105
v -0.040657 3.817817 0.152468
v -0.108916 3.696878 -0.180995
v -0.071200 3.582767 0.133477
v -0.118393 3.429597 0.220416
v -0.147156 3.422003 -0.196874
v -0.163406 3.383222 -0.177751
v -0.113795 3.397377 -0.196563
v 0.000000 2.320739 -0.014752
v -0.035902 2.979555 -0.208594
v 0.000000 2.958598 -0.273862
v -0.437328 3.495117 -0.378522
v -0.334051 3.500626 -0.295848
v -0.306451 3.624259 -0.390631
v -0.346287 3.696624 -0.449706
v -0.273554 3.694388 -0.407557
v -0.405345 3.707368 -0.479439
v -0.405345 3.707368 -0.479439
v -0.346287 3.696624 -0.449706
v -0.418162 3.826976 -0.272291
v -0.294495 3.770390 -0.254853
v -0.317362 3.719130 -0.109884
v -0.390161 3.738334 -0.108995
v -0.273554 3.694388 -0.407557
v -0.306451 3.624259 -0.390631
v -0.353621 3.623496 -0.261934
v -0.273554 3.694388 -0.407557
v -0.334051 3.500626 -0.295848
v -0.356736 3.485303 -0.238589
v -0.360587 3.514097 -0.113765
v -0.337577 3.627536 -0.050520
v -0.294495 3.770390 -0.254853
v -0.317362 3.719130 -0.109884
v -0.334051 3.500626 -0.295848
v -0.437328 3.495117 -0.378522
v -0.449843 3.485301 -0.156607
v -0.356736 3.485303 -0.238589
v -0.360587 3.514097 -0.113765
v -0.372234 3.595200 0.059570
v -0.386163 3.512173 0.023177
v -0.412778 3.561716 0.138726
v -0.438641 3.608575 0.024735
v -0.443443 3.524311 -0.011281
v -0.448507 3.320540 0.013205
v -0.423524 3.703937 0.005785
v -0.367997 3.719524 0.017827
v -0.410641 3.654596 0.140522
v -0.369633 3.737771 -0.192209
v -0.419367 3.713591 -0.177427
v -0.433498 3.580754 -0.210284
v -0.388012 3.578522 -0.230700
v -0.440875 3.396585 -0.197692
v -0.398502 3.429842 -0.216685
v -0.410032 3.490908 -0.381544
v -0.430219 3.483002 -0.386764
v -0.440875 3.396585 -0.197692
v -0.396166 3.599015 -0.420275
v -0.415049 3.594020 -0.427384
v -0.463760 3.745007 -0.199406
v -0.486184 3.729150 0.005059
v -0.512134 3.605746 0.045625
v -0.482232 3.658179 0.147645
v -0.514802 3.522611 0.009566
v -0.493685 3.570350 0.138144
v -0.482641 3.321310 0.009217
v -0.444473 3.785255 0.151137
v -0.432030 3.843595 0.021052
v -0.422497 3.881331 -0.126196
v -0.420222 3.850431 0.024256
v -0.407214 3.894659 -0.111302
v -0.391180 3.880195 -0.127912
v -0.405902 3.839802 0.018632
v -0.420224 3.782714 0.153528
v -0.431510 3.795304 0.152832
v -0.382299 3.700995 -0.496675
v -0.368747 3.951274 -0.444331
v -0.399878 3.698911 -0.505674
v -0.382644 3.953565 -0.454113
v -0.380618 4.375602 -0.348885
v -0.395306 4.385324 -0.364925
v -0.372142 4.354896 -0.271066
v -0.390570 3.981768 -0.169256
v -0.420350 3.701125 -0.501206
v -0.400820 3.952780 -0.448723
v -0.476219 3.585182 -0.237309
v -0.440875 3.396585 -0.197692
v -0.482129 3.436046 -0.222866
v -0.449214 3.493945 -0.384774
v -0.440875 3.396585 -0.197692
v -0.434782 3.600599 -0.424155
v -0.415298 4.375453 -0.357157
v -0.413148 3.981504 -0.171614
v -0.430175 4.356809 -0.282270
v -0.400027 4.363839 -0.278010
v -0.403277 3.969811 -0.150823
v -0.403277 3.969811 -0.150823
v -0.448507 3.320540 0.013205
v -0.467968 3.308982 0.009107
v -0.482641 3.321310 0.009217
v -0.467968 3.308982 0.009107
v -0.478313 3.463258 0.140849
v -0.467968 3.308982 0.009107
v -0.482641 3.321310 0.009217
v -0.467968 3.308982 0.009107
v -0.469024 3.440490 0.141935
v -0.455609 3.463439 0.142995
v -0.467968 3.308982 0.009107
v -0.448507 3.320540 0.013205
v -0.410753 4.308224 -0.077783
v -0.390570 3.981768 -0.169256
v -0.403277 3.969811 -0.150823
v -0.397202 4.305728 -0.096457
v -0.400027 4.363839 -0.278010
v -0.430175 4.356809 -0.282270
v -0.423192 4.305252 -0.096668
v -0.403277 3.969811 -0.150823
v -0.413148 3.981504 -0.171614
v -0.403277 3.969811 -0.150823
v -0.372142 4.354896 -0.271066
v -0.454306 3.505015 0.229663
v -0.458528 3.625762 0.273196
v -0.443411 3.629613 0.265148
v -0.468207 3.486447 0.237878
v -0.440576 3.764429 0.299135
v -0.431002 3.742458 0.288284
v -0.478174 3.507804 0.233605
v -0.470307 3.632597 0.260254
v -0.440576 3.764429 0.299135
v -0.453615 3.742667 0.285944
v -0.469024 3.440490 0.141935
v -0.454306 3.505015 0.229663
v -0.455609 3.463439 0.142995
v -0.468207 3.486447 0.237878
v -0.412778 3.561716 0.138726
v -0.443411 3.629613 0.265148
v -0.410641 3.654596 0.140522
v -0.431002 3.742458 0.288284
v -0.420224 3.782714 0.153528
v -0.440576 3.764429 0.299135
v -0.431510 3.795304 0.152832
v -0.440576 3.764429 0.299135
v -0.444473 3.785255 0.151137
v -0.482232 3.658179 0.147645
v -0.453615 3.742667 0.285944
v -0.440576 3.764429 0.299135
v -0.470307 3.632597 0.260254
v -0.493685 3.570350 0.138144
v -0.478174 3.507804 0.233605
v -0.478313 3.463258 0.140849
v -0.469024 3.440490 0.141935
v -0.468207 3.486447 0.237878
v -0.084766 3.832324 0.216953
v -0.051907 3.816303 0.277198
v -0.071507 3.804009 0.279446
v -0.065742 3.842468 0.214017
v -0.035497 3.807236 0.261502
v -0.055402 3.839092 0.201767
v -0.040243 3.786187 0.251482
v -0.056258 3.819274 0.193945
v -0.053579 3.779730 0.254672
v -0.068891 3.813987 0.197719
v -0.069950 3.783439 0.265728
v -0.082265 3.817543 0.207459
v -0.085597 3.846030 0.168083
v -0.085597 3.846030 0.168083
v -0.085597 3.846030 0.168083
v -0.085597 3.846030 0.168083
v -0.053654 3.798109 0.265560
v -0.082883 3.912750 0.255453
v -0.057821 3.901396 0.300442
v -0.076768 3.887927 0.300637
v -0.068720 3.922765 0.256012
v -0.040243 3.891796 0.291148
v -0.049996 3.912522 0.246674
v -0.040702 3.870328 0.281265
v -0.056113 3.896767 0.239385
v -0.057759 3.861692 0.280639
v -0.068993 3.890784 0.238210
v -0.073379 3.867602 0.289133
v -0.082539 3.895026 0.246489
v -0.078960 3.924233 0.211900
v -0.078960 3.924233 0.211900
v -0.078960 3.924233 0.211900
v -0.078960 3.924233 0.211900
v -0.078960 3.924233 0.211900
v -0.056810 3.880156 0.292764
v -0.078960 3.924233 0.211900
v -0.102231 3.886493 -0.000856
v -0.088028 3.885157 -0.001941
v -0.069037 3.914886 -0.031419
v 0.000000 3.910132 -0.031584
v 0.000000 3.936467 -0.064883
v 0.000000 3.870066 0.018599
v 0.000000 3.832706 0.063625
v -0.101135 3.823946 0.078210
v 0.069037 3.914886 -0.031419
v 0.088028 3.885157 -0.001941
v 0.102231 3.886493 -0.000856
v 0.101135 3.823946 0.078210
v -0.110859 3.770670 0.152562
v -0.114234 3.824946 0.081153
v -0.100580 3.747294 0.182565
v -0.027528 3.743140 0.164098
v -0.128693 3.780408 0.157222
v -0.116680 3.743595 0.206492
v -0.076940 3.754524 0.102457
v -0.101135 3.823946 0.078210
v -0.101135 3.823946 0.078210
v 0.000000 3.742684 0.113602
v 0.000000 3.737895 0.162404
v 0.027528 3.743140 0.164098
v 0.076940 3.754524 0.102457
v 0.110859 3.770670 0.152562
v 0.100580 3.747294 0.182565
v 0.128693 3.780408 0.157222
v 0.116680 3.743595 0.206492
v 0.101135 3.823946 0.078210
v 0.101135 3.823946 0.078210
v 0.114234 3.824946 0.081153
v -0.086005 4.043352 0.113096
v -0.065119 4.023377 0.031159
v -0.057710 4.057677 0.065809
v -0.106207 3.995200 0.088997
v -0.096174 4.011968 0.166436
v -0.106944 3.957629 0.149868
v -0.067061 3.971216 0.006554
v -0.108340 3.944394 0.056606
v -0.051472 4.066091 0.127945
v -0.069037 3.914886 -0.031419
v -0.102231 3.886493 -0.000856
v -0.109646 3.900166 0.118472
v -0.114234 3.824946 0.081153
v -0.096473 3.925385 0.209172
v -0.103274 3.855937 0.185132
v -0.090492 3.841134 0.223764
v -0.088496 3.892730 0.233746
v -0.076652 3.939391 0.241958
v -0.090927 3.980584 0.227375
v -0.068012 4.007131 0.233522
v -0.064159 4.038643 0.180734
v 0.000000 4.066865 0.192982
v 0.000000 4.087301 0.131754
v -0.067254 3.980093 0.269301
v 0.000000 4.043243 0.254219
v 0.000000 4.012444 0.303648
v -0.043928 3.942979 0.305765
v -0.036053 3.979012 0.302482
v 0.000000 3.981908 0.324977
v -0.055419 3.892228 0.258946
v -0.044704 3.901009 0.306698
v -0.072757 3.870831 0.267047
v -0.074009 3.835778 0.253573
v 0.000000 3.942576 0.332831
v 0.000000 3.891905 0.316582
v -0.026511 3.861742 0.301882
v 0.000000 3.845705 0.333144
v -0.059886 3.832628 0.227531
v -0.050660 3.819985 0.283115
v -0.017621 3.786901 0.284161
v -0.043082 3.722865 0.250337
v -0.023064 3.758327 0.275079
v -0.081457 3.753779 0.210344
v -0.110859 3.770670 0.152562
v -0.081457 3.753779 0.210344
v -0.054338 3.853050 0.287171
v -0.026328 3.836318 0.299118
v 0.000000 3.821045 0.320049
v 0.000000 3.785054 0.303360
v -0.066006 3.713344 0.228647
v -0.104598 3.745531 0.200948
v 0.017621 3.786901 0.284161
v 0.026328 3.836318 0.299118
v 0.050660 3.819985 0.283115
v 0.059886 3.832628 0.227531
v 0.074009 3.835778 0.253573
v 0.043082 3.722865 0.250337
v 0.023064 3.758327 0.275079
v 0.081457 3.753779 0.210344
v 0.090492 3.841134 0.223764
v 0.072757 3.870831 0.267047
v 0.088496 3.892730 0.233746
v 0.096473 3.925385 0.209172
v 0.103274 3.855937 0.185132
v 0.076652 3.939391 0.241958
v 0.090927 3.980584 0.227375
v 0.068012 4.007131 0.233522
v 0.096174 4.011968 0.166436
v 0.064159 4.038643 0.180734
v 0.067254 3.980093 0.269301
v 0.043928 3.942979 0.305765
v 0.036053 3.979012 0.302482
v 0.055419 3.892228 0.258946
v 0.044704 3.901009 0.306698
v 0.026511 3.861742 0.301882
v 0.051472 4.066091 0.127945
v 0.000000 4.072668 0.054300
v 0.000000 4.041603 0.012290
v 0.000000 3.992789 -0.017151
v 0.000000 3.936467 -0.064883
v 0.057710 4.057677 0.065809
v 0.086005 4.043352 0.113096
v 0.065119 4.023377 0.031159
v 0.106207 3.995200 0.088997
v 0.106944 3.957629 0.149868
v 0.067061 3.971216 0.006554
v 0.108340 3.944394 0.056606
v 0.069037 3.914886 -0.031419
v 0.102231 3.886493 -0.000856
v 0.109646 3.900166 0.118472
v 0.114234 3.824946 0.081153
v 0.110859 3.770670 0.152562
v 0.109665 3.821261 -0.002243
v 0.115949 3.787786 0.052054
v 0.081457 3.753779 0.210344
v 0.066006 3.713344 0.228647
v 0.104598 3.745531 0.200948
v 0.122314 3.784407 0.158140
v 0.104598 3.745531 0.200948
v 0.116680 3.743595 0.206492
v 0.066006 3.713344 0.228647
v 0.081457 3.753779 0.210344
v 0.110859 3.770670 0.152562
v -0.034802 3.659164 0.229714
v -0.029787 3.599618 0.299369
v 0.000000 3.589948 0.281901
v -0.046746 3.668129 0.246570
v -0.041527 3.708816 0.205480
v -0.066006 3.713344 0.228647
v 0.000000 3.597004 0.322019
v 0.000000 3.648974 0.229499
v 0.000000 3.702178 0.201093
v 0.000000 3.719234 0.189313
v -0.049587 3.728078 0.193466
v -0.116680 3.743595 0.206492
v -0.100580 3.747294 0.182565
v -0.027528 3.743140 0.164098
v 0.000000 3.737895 0.162404
v 0.029787 3.599618 0.299369
v 0.034802 3.659164 0.229714
v 0.046746 3.668129 0.246570
v 0.041527 3.708816 0.205480
v 0.066006 3.713344 0.228647
v 0.049587 3.728078 0.193466
v 0.116680 3.743595 0.206492
v 0.100580 3.747294 0.182565
v 0.027528 3.743140 0.164098
v -0.104598 3.745531 0.200948
v -0.066006 3.713344 0.228647
v -0.116680 3.743595 0.206492
v -0.122314 3.784407 0.158140
v -0.081457 3.753779 0.210344
v -0.110859 3.770670 0.152562
v -0.116680 3.743595 0.206492
v -0.113014 3.792590 0.226253
v -0.104598 3.745531 0.200948
v -0.127897 3.826332 0.179172
v -0.113014 3.792590 0.226253
v -0.104598 3.745531 0.200948
v -0.122314 3.784407 0.158140
v -0.127897 3.826332 0.179172
v -0.128693 3.780408 0.157222
v -0.113014 3.792590 0.226253
v -0.127897 3.826332 0.179172
v -0.029083 3.669163 0.272604
v -0.037476 3.706374 0.265400
v -0.023064 3.758327 0.275079
v 0.000000 3.748414 0.287504
v 0.000000 3.663051 0.290607
v -0.043082 3.722865 0.250337
v -0.046746 3.668129 0.246570
v -0.066006 3.713344 0.228647
v -0.029787 3.599618 0.299369
v 0.000000 3.597004 0.322019
v 0.029083 3.669163 0.272604
v 0.023064 3.758327 0.275079
v 0.037476 3.706374 0.265400
v 0.043082 3.722865 0.250337
v 0.046746 3.668129 0.246570
v 0.066006 3.713344 0.228647
v 0.029787 3.599618 0.299369
v -0.109665 3.821261 -0.002243
v -0.088028 3.885157 -0.001941
v -0.115949 3.787786 0.052054
v -0.101135 3.823946 0.078210
v -0.109665 3.821261 -0.002243
v -0.109665 3.821261 -0.002243
v -0.115949 3.787786 0.052054
v -0.101135 3.823946 0.078210
v -0.115949 3.787786 0.052054
v -0.122314 3.784407 0.158140
v -0.128693 3.780408 0.157222
v -0.110859 3.770670 0.152562
v 0.000000 3.748414 0.287504
v -0.032141 3.962947 0.405098
v -0.068555 3.970295 0.375183
v -0.044053 3.977403 0.406255
v -0.054376 3.931636 0.367893
v -0.017984 3.944530 0.402819
v -0.026165 3.912388 0.381087
v -0.074941 4.011438 0.385477
v -0.057385 4.008330 0.407360
v -0.072639 4.051479 0.395680
v -0.086666 4.016977 0.362900
v -0.077664 4.054405 0.384414
v -0.059962 4.050630 0.407372
v -0.054988 4.085728 0.404777
v -0.082141 3.986745 0.338475
v -0.033083 3.878289 0.316061
v -0.060554 3.907198 0.301541
v -0.082115 3.978254 0.320819
v -0.088282 3.972035 0.278904
v 0.000000 3.904414 0.388585
v 0.000000 3.862908 0.327878
v 0.000000 3.941790 0.401784
v 0.033083 3.878289 0.316061
v 0.026165 3.912388 0.381087
v 0.054376 3.931636 0.367893
v 0.017984 3.944530 0.402819
v 0.032141 3.962947 0.405098
v 0.068555 3.970295 0.375183
v 0.044053 3.977403 0.406255
v 0.074941 4.011438 0.385477
v 0.057385 4.008330 0.407360
v 0.072639 4.051479 0.395680
v 0.086666 4.016977 0.362900
v 0.077664 4.054405 0.384414
v 0.059962 4.050630 0.407372
v 0.054988 4.085728 0.404777
v 0.082141 3.986745 0.338475
v 0.060554 3.907198 0.301541
v 0.082115 3.978254 0.320819
v 0.088282 3.972035 0.278904
v -0.082141 3.986745 0.338475
v -0.066638 3.983880 0.320327
v -0.073211 3.987356 0.339205
v -0.082115 3.978254 0.320819
v -0.086666 4.016977 0.362900
v -0.088282 3.972035 0.278904
v -0.063921 4.003636 0.265931
v -0.053775 4.015371 0.273199
v -0.033830 4.038551 0.222764
v -0.040799 3.961308 0.362396
v -0.052949 3.978879 0.367393
v -0.032141 3.962947 0.405098
v -0.044053 3.977403 0.406255
v -0.067587 4.014630 0.376853
v -0.057385 4.008330 0.407360
v -0.059962 4.050630 0.407372
v -0.017984 3.944530 0.402819
v -0.086666 4.016977 0.362900
v -0.077664 4.054405 0.384414
v -0.054988 4.085728 0.404777
v 0.000000 4.038928 0.284654
v -0.018761 4.005423 0.331505
v 0.000000 4.007908 0.336646
v -0.017990 3.961167 0.362509
v -0.017984 3.944530 0.402819
v 0.000000 3.961480 0.364668
v 0.000000 3.941790 0.401784
v 0.017984 3.944530 0.402819
v 0.017990 3.961167 0.362509
v 0.040799 3.961308 0.362396
v 0.018761 4.005423 0.331505
v 0.053775 4.015371 0.273199
v 0.033830 4.038551 0.222764
v 0.063921 4.003636 0.265931
v 0.066638 3.983880 0.320327
v 0.088282 3.972035 0.278904
v 0.082115 3.978254 0.320819
v 0.082141 3.986745 0.338475
v 0.073211 3.987356 0.339205
v 0.086666 4.016977 0.362900
v 0.052949 3.978879 0.367393
v 0.032141 3.962947 0.405098
v 0.044053 3.977403 0.406255
v 0.067587 4.014630 0.376853
v 0.057385 4.008330 0.407360
v 0.059962 4.050630 0.407372
v 0.086666 4.016977 0.362900
v 0.077664 4.054405 0.384414
v 0.054988 4.085728 0.404777
v 0.017984 3.944530 0.402819
v 0.000000 4.056622 0.222098
v 0.084766 3.832324 0.216953
v 0.051907 3.816303 0.277198
v 0.065742 3.842468 0.214017
v 0.071507 3.804009 0.279446
v 0.035497 3.807236 0.261502
v 0.055402 3.839092 0.201767
v 0.040243 3.786187 0.251482
v 0.056258 3.819274 0.193945
v 0.053579 3.779730 0.254672
v 0.068891 3.813987 0.197719
v 0.069950 3.783439 0.265728
v 0.082265 3.817543 0.207459
v 0.085597 3.846030 0.168083
v 0.085597 3.846030 0.168083
v 0.085597 3.846030 0.168083
v 0.085597 3.846030 0.168083
v 0.053654 3.798109 0.265560
v 0.082883 3.912750 0.255453
v 0.057821 3.901396 0.300442
v 0.068720 3.922765 0.256012
v 0.076768 3.887927 0.300637
v 0.040243 3.891796 0.291148
v 0.049996 3.912522 0.246674
v 0.040702 3.870328 0.281265
v 0.056113 3.896767 0.239385
v 0.057759 3.861692 0.280639
v 0.068993 3.890784 0.238210
v 0.073379 3.867602 0.289133
v 0.082539 3.895026 0.246489
v 0.078960 3.924233 0.211900
v 0.078960 3.924233 0.211900
v 0.078960 3.924233 0.211900
v 0.078960 3.924233 0.211900
v 0.078960 3.924233 0.211900
v 0.056810 3.880156 0.292764
v 0.078960 3.924233 0.211900
v 0.116680 3.743595 0.206492
v 0.104598 3.745531 0.200948
v 0.113014 3.792590 0.226253
v 0.127897 3.826332 0.179172
v 0.113014 3.792590 0.226253
v 0.104598 3.745531 0.200948
v 0.122314 3.784407 0.158140
v 0.128693 3.780408 0.157222
v 0.127897 3.826332 0.179172
v 0.113014 3.792590 0.226253
v 0.127897 3.826332 0.179172
v 0.054338 3.853050 0.287171
v 0.088028 3.885157 -0.001941
v 0.109665 3.821261 -0.002243
v 0.115949 3.787786 0.052054
v 0.109665 3.821261 -0.002243
v 0.101135 3.823946 0.078210
v 0.101135 3.823946 0.078210
v 0.115949 3.787786 0.052054
v 0.122314 3.784407 0.158140
v 0.110859 3.770670 0.152562
v 0.128693 3.780408 0.157222
v -0.296622 3.601616 0.056703
v -0.162946 3.605287 0.111058
v -0.180758 3.587893 0.116010
v -0.188015 3.642001 0.061282
v -0.162946 3.605287 0.111058
v -0.183167 3.573015 0.101448
v -0.163897 3.591791 0.097605
v -0.297168 3.583518 0.044864
v -0.296622 3.601616 0.056703
v -0.187426 3.614651 0.059838
v -0.163897 3.591791 0.097605
v -0.162946 3.605287 0.111058
v -0.188015 3.642001 0.061282
v -0.296622 3.601616 0.056703
v -0.187426 3.614651 0.059838
v -0.296622 3.601616 0.056703
v -0.297168 3.583518 0.044864
v -0.080677 3.532562 0.232990
v -0.037057 3.513705 0.249117
v -0.041753 3.473081 0.267950
v 0.000000 3.474044 0.274685
v 0.000000 3.446682 0.285558
v -0.058298 3.571093 0.202758
v -0.036212 3.450335 0.245295
v 0.000000 3.419856 0.268654
v -0.052834 3.542025 0.173393
v -0.030431 3.490710 0.221351
v -0.167918 3.569636 0.170627
v -0.160250 3.546587 0.140980
v -0.078148 3.511139 0.218766
v -0.197920 3.550697 0.175816
v -0.293079 3.591893 0.113481
v -0.315162 3.572109 0.118642
v -0.307108 3.556384 0.092210
v -0.283205 3.574862 0.083554
v -0.192628 3.533762 0.155488
v 0.000000 3.457870 0.259417
v 0.036212 3.450335 0.245295
v 0.041753 3.473081 0.267950
v 0.037057 3.513705 0.249117
v 0.080677 3.532562 0.232990
v 0.058298 3.571093 0.202758
v 0.052834 3.542025 0.173393
v 0.030431 3.490710 0.221351
v 0.167919 3.569636 0.170627
v 0.160250 3.546587 0.140980
v 0.078148 3.511139 0.218766
v 0.197920 3.550697 0.175816
v 0.293080 3.591893 0.113481
v 0.315163 3.572109 0.118642
v 0.307108 3.556384 0.092210
v 0.283206 3.574862 0.083554
v 0.192628 3.533762 0.155488
v -0.099199 3.273873 0.207288
v -0.229802 3.310327 0.193734
v -0.102808 3.280928 0.248291
v -0.219224 3.305955 0.153871
v -0.341414 3.357029 0.139177
v -0.259019 3.347647 0.185265
v -0.338957 3.384382 0.141075
v -0.248711 3.392432 0.172324
v -0.319931 3.437860 0.138212
v -0.267854 3.470876 0.222836
v -0.326635 3.500545 0.167999
v -0.302844 3.549860 0.129293
v -0.308570 3.443361 0.116543
v -0.327841 3.538039 0.173522
v -0.202071 3.514977 0.187392
v -0.218357 3.502357 0.229327
v -0.323867 3.355339 0.100455
v -0.228532 3.427633 0.231289
v -0.167933 3.384925 0.254224
v -0.213349 3.358844 0.218838
v -0.170028 3.359574 0.244919
v 0.000000 3.318300 0.311825
v 0.000000 3.356275 0.326931
v -0.116390 3.488577 0.285132
v 0.000000 3.379694 0.282469
v -0.108300 3.501998 0.245491
v 0.000000 3.242154 0.296715
v -0.057266 3.212605 0.257888
v 0.000000 3.240494 0.296331
v -0.055461 3.205102 0.224751
v 0.000000 3.152522 0.241630
v 0.000000 3.160406 0.276977
v 0.116390 3.488577 0.285132
v 0.108301 3.501998 0.245491
v 0.057267 3.212605 0.257888
v 0.102809 3.280928 0.248291
v 0.055462 3.205102 0.224751
v 0.099199 3.273873 0.207288
v 0.229803 3.310327 0.193734
v 0.219225 3.305955 0.153871
v 0.341414 3.357029 0.139177
v 0.259019 3.347647 0.185265
v 0.338957 3.384382 0.141075
v 0.248711 3.392432 0.172324
v 0.319931 3.437860 0.138212
v 0.267854 3.470876 0.222836
v 0.326636 3.500545 0.167999
v 0.327842 3.538039 0.173522
v 0.302844 3.549860 0.129293
v 0.308571 3.443361 0.116543
v 0.202071 3.514977 0.187392
v 0.218358 3.502357 0.229327
v 0.323868 3.355339 0.100455
v 0.228533 3.427633 0.231289
v 0.167934 3.384925 0.254224
v 0.213349 3.358844 0.218838
v 0.170028 3.359574 0.244919
v -0.653329 2.040963 -0.017315
v -0.645105 2.050139 -0.037572
v -0.659779 2.058617 -0.025688
v -0.648144 2.065272 -0.010172
v -0.654934 2.075224 -0.032452
v -0.639509 2.057824 -0.047032
v -0.646811 2.112873 -0.050185
v -0.625064 2.059019 -0.046020
v -0.629758 2.004777 -0.016102
v -0.632064 2.008253 0.002388
v -0.617582 2.009075 0.003532
v -0.615282 2.005605 -0.014916
v -0.615282 2.005605 -0.014916
v -0.632417 2.114430 -0.049171
v -0.649116 2.116366 -0.031644
v -0.644998 2.066126 -0.002889
v -0.617582 2.009075 0.003532
v -0.630534 2.067350 -0.001767
v -0.634692 2.117904 -0.030692
v -0.634692 2.117904 -0.030692
v -0.632417 2.114430 -0.049171
v -0.521930 2.034062 -0.159539
v -0.508596 1.998382 -0.131534
v -0.516496 2.037782 -0.152737
v -0.514098 1.995538 -0.138786
v -0.544239 2.068608 -0.166708
v -0.539393 2.073052 -0.160061
v -0.540986 2.026216 -0.157507
v -0.554809 2.067224 -0.158124
v -0.539393 2.073052 -0.160061
v -0.550034 2.071656 -0.151408
v -0.524641 1.994190 -0.130222
v -0.508596 1.998382 -0.131534
v -0.519235 1.997005 -0.122887
v -0.547931 2.030675 -0.138431
v -0.550034 2.071656 -0.151408
v -0.543058 2.034336 -0.131166
v -0.519235 1.997005 -0.122887
v -0.571414 2.031350 -0.134822
v -0.560043 1.995823 -0.103904
v -0.564009 2.034744 -0.129378
v -0.567416 1.993311 -0.109928
v -0.581334 2.073524 -0.138009
v -0.588245 2.069338 -0.143336
v -0.591721 2.027288 -0.128762
v -0.597530 2.070669 -0.132905
v -0.590691 2.074839 -0.127519
v -0.581334 2.073524 -0.138009
v -0.576685 1.994667 -0.099528
v -0.569396 1.997171 -0.093411
v -0.560043 1.995823 -0.103904
v -0.594284 2.034626 -0.109194
v -0.590691 2.074839 -0.127519
v -0.587355 2.038101 -0.103188
v -0.569396 1.997171 -0.093411
v -0.601608 2.045520 -0.090300
v -0.601689 1.998011 -0.066109
v -0.591703 2.000910 -0.061456
v -0.611502 2.041598 -0.094299
v -0.631421 2.085456 -0.100736
v -0.622112 2.090309 -0.096789
v -0.632817 2.036914 -0.081999
v -0.639100 2.087195 -0.086711
v -0.622112 2.090309 -0.096789
v -0.629838 2.092049 -0.082662
v -0.609323 1.999730 -0.052128
v -0.591703 2.000910 -0.061456
v -0.599453 2.002651 -0.047331
v -0.630343 2.045851 -0.059791
v -0.629838 2.092049 -0.082662
v -0.620855 2.049866 -0.055062
v -0.599453 2.002651 -0.047331
v -0.523919 2.630825 -0.331819
v -0.543347 2.514961 -0.263783
v -0.561683 2.616497 -0.186490
v -0.557771 2.245351 -0.221256
v -0.576969 2.256262 -0.156878
v -0.545427 2.793182 -0.190402
v -0.525677 2.866545 -0.223469
v -0.467084 3.028851 -0.364086
v -0.495732 3.029544 -0.238850
v -0.587614 2.618922 -0.197954
v -0.569531 2.517619 -0.275233
v -0.549429 2.633434 -0.343067
v -0.543347 2.514961 -0.263783
v -0.523919 2.630825 -0.331819
v -0.609324 2.258945 -0.168442
v -0.583318 2.248012 -0.232816
v -0.557771 2.245351 -0.221256
v -0.467084 3.028851 -0.364086
v -0.492418 3.032226 -0.374042
v -0.557771 2.245351 -0.221256
v -0.576969 2.256262 -0.156878
v -0.550748 2.869197 -0.234703
v -0.571065 2.795549 -0.201826
v -0.545427 2.793182 -0.190402
v -0.525677 2.866545 -0.223469
v -0.520955 3.032111 -0.247002
v -0.495732 3.029544 -0.238850
v -0.495732 3.029544 -0.238850
v -0.467084 3.028851 -0.364086
v -0.523959 2.192232 0.039404
v -0.540458 2.195420 0.046243
v -0.529278 2.202132 0.033629
v -0.541144 2.205881 0.031436
v -0.552605 2.201283 0.034109
v -0.556948 2.191031 0.040084
v -0.551629 2.181131 0.045859
v -0.539764 2.177382 0.048052
v -0.528303 2.181980 0.045378
v -0.518653 2.186059 0.028374
v -0.525681 2.199139 0.020744
v -0.541358 2.204093 0.017847
v -0.556502 2.198017 0.021379
v -0.562241 2.184472 0.029273
v -0.555214 2.171391 0.036903
v -0.539535 2.166438 0.039801
v -0.524392 2.172513 0.036268
v 0.296622 3.601616 0.056703
v 0.180759 3.587893 0.116010
v 0.162947 3.605287 0.111058
v 0.188016 3.642001 0.061282
v 0.183167 3.573015 0.101448
v 0.162947 3.605287 0.111058
v 0.163897 3.591791 0.097605
v 0.297169 3.583518 0.044864
v 0.296622 3.601616 0.056703
v 0.187427 3.614651 0.059838
v 0.163897 3.591791 0.097605
v 0.162947 3.605287 0.111058
v 0.188016 3.642001 0.061282
v 0.187427 3.614651 0.059838
v 0.296622 3.601616 0.056703
v 0.296622 3.601616 0.056703
v 0.297169 3.583518 0.044864
v 0.653329 2.040963 -0.017315
v 0.659779 2.058617 -0.025688
v 0.645105 2.050139 -0.037572
v 0.648144 2.065272 -0.010172
v 0.654934 2.075224 -0.032452
v 0.639510 2.057824 -0.047032
v 0.646812 2.112873 -0.050185
v 0.625065 2.059019 -0.046020
v 0.629759 2.004777 -0.016102
v 0.632064 2.008253 0.002388
v 0.617582 2.009075 0.003532
v 0.615283 2.005605 -0.014916
v 0.615283 2.005605 -0.014916
v 0.632417 2.114430 -0.049171
v 0.649117 2.116366 -0.031644
v 0.644999 2.066126 -0.002889
v 0.617582 2.009075 0.003532
v 0.630534 2.067350 -0.001767
v 0.634693 2.117904 -0.030692
v 0.634693 2.117904 -0.030692
v 0.632417 2.114430 -0.049171
v 0.521930 2.034062 -0.159539
v 0.508597 1.998382 -0.131534
v 0.514098 1.995538 -0.138786
v 0.516496 2.037782 -0.152737
v 0.544240 2.068608 -0.166708
v 0.539394 2.073052 -0.160061
v 0.540987 2.026216 -0.157507
v 0.554809 2.067224 -0.158124
v 0.539394 2.073052 -0.160061
v 0.550035 2.071656 -0.151408
v 0.524641 1.994190 -0.130222
v 0.508597 1.998382 -0.131534
v 0.519235 1.997005 -0.122887
v 0.547932 2.030675 -0.138431
v 0.550035 2.071656 -0.151408
v 0.543058 2.034336 -0.131166
v 0.519235 1.997005 -0.122887
v 0.571414 2.031350 -0.134822
v 0.560044 1.995823 -0.103904
v 0.567417 1.993311 -0.109928
v 0.564009 2.034744 -0.129378
v 0.581335 2.073524 -0.138009
v 0.588246 2.069338 -0.143336
v 0.591721 2.027288 -0.128762
v 0.597530 2.070669 -0.132905
v 0.590691 2.074839 -0.127519
v 0.581335 2.073524 -0.138009
v 0.576685 1.994667 -0.099528
v 0.569396 1.997171 -0.093411
v 0.560044 1.995823 -0.103904
v 0.594284 2.034626 -0.109194
v 0.590691 2.074839 -0.127519
v 0.587356 2.038101 -0.103188
v 0.569396 1.997171 -0.093411
v 0.601608 2.045520 -0.090300
v 0.601689 1.998011 -0.066109
v 0.611502 2.041598 -0.094299
v 0.591703 2.000910 -0.061456
v 0.631422 2.085456 -0.100736
v 0.622113 2.090309 -0.096789
v 0.632817 2.036914 -0.081999
v 0.639101 2.087195 -0.086711
v 0.622113 2.090309 -0.096789
v 0.629839 2.092049 -0.082662
v 0.609323 1.999730 -0.052128
v 0.591703 2.000910 -0.061456
v 0.599453 2.002651 -0.047331
v 0.630343 2.045851 -0.059791
v 0.629839 2.092049 -0.082662
v 0.620855 2.049866 -0.055062
v 0.599453 2.002651 -0.047331
v 0.523919 2.630825 -0.331819
v 0.561683 2.616497 -0.186490
v 0.543347 2.514961 -0.263783
v 0.557771 2.245351 -0.221256
v 0.576970 2.256262 -0.156878
v 0.545427 2.793182 -0.190402
v 0.525677 2.866545 -0.223469
v 0.467084 3.028851 -0.364086
v 0.495732 3.029544 -0.238850
v 0.587614 2.618922 -0.197954
v 0.549430 2.633434 -0.343067
v 0.569531 2.517619 -0.275233
v 0.543347 2.514961 -0.263783
v 0.523919 2.630825 -0.331819
v 0.609324 2.258945 -0.168442
v 0.583319 2.248012 -0.232816
v 0.557771 2.245351 -0.221256
v 0.467084 3.028851 -0.364086
v 0.492418 3.032226 -0.374042
v 0.557771 2.245351 -0.221256
v 0.576970 2.256262 -0.156878
v 0.550749 2.869197 -0.234703
v 0.571065 2.795549 -0.201826
v 0.545427 2.793182 -0.190402
v 0.525677 2.866545 -0.223469
v 0.520956 3.032111 -0.247002
v 0.495732 3.029544 -0.238850
v 0.495732 3.029544 -0.238850
v 0.467084 3.028851 -0.364086
v 0.523960 2.192232 0.039404
v 0.529279 2.202132 0.033629
v 0.540458 2.195420 0.046243
v 0.541144 2.205881 0.031436
v 0.552605 2.201283 0.034109
v 0.556949 2.191031 0.040084
v 0.551629 2.181131 0.045859
v 0.539764 2.177382 0.048052
v 0.528303 2.181980 0.045378
v 0.518654 2.186059 0.028374
v 0.525681 2.199139 0.020744
v 0.541359 2.204093 0.017847
v 0.556503 2.198017 0.021379
v 0.562242 2.184472 0.029273
v 0.555214 2.171391 0.036903
v 0.539536 2.166438 0.039801
v 0.524392 2.172513 0.036268
v -0.532948 2.124979 -0.161840
v -0.514643 2.124155 -0.109517
v -0.549609 2.177454 -0.157677
v -0.507313 2.065763 -0.120315
v -0.631976 2.129909 -0.107156
v -0.631689 2.181984 -0.111935
v -0.616484 2.183546 -0.021248
v -0.620966 2.128437 -0.006670
v -0.632097 2.064678 -0.024702
v -0.619364 2.243373 -0.048869
v -0.633499 2.243582 -0.121490
v -0.560341 2.241001 -0.158841
v -0.527309 2.239329 -0.086678
v -0.522486 2.172538 -0.074227
v -0.542733 2.127538 -0.069984
v -0.555452 2.122569 -0.022277
v -0.584639 2.057256 -0.046865
v -0.542693 2.066370 -0.084622
v -0.571642 2.125029 0.008909
v -0.617635 2.066671 0.015742
v -0.589102 2.062821 0.008538
v -0.539252 2.140364 0.001630
v -0.576266 1.993067 0.033841
v -0.600975 1.989039 0.039465
v -0.557097 1.920786 0.074873
v -0.611091 1.977341 0.011532
v -0.563644 1.916428 0.052814
v -0.537347 1.901693 0.082723
v -0.544227 1.917848 0.044323
v -0.579327 1.985009 0.004744
v -0.598978 2.054601 -0.029679
v -0.537095 1.928597 0.068400
v -0.537347 1.901693 0.082723
v -0.528627 1.899993 0.059708
v -0.515126 2.089250 0.042233
v -0.513132 2.186156 -0.003491
v -0.539252 2.140364 0.001630
v -0.558144 2.241084 -0.027051
v -0.513132 2.186156 -0.003491
v -0.481990 2.104608 0.040996
v -0.469282 2.054335 0.076730
v -0.494571 2.050627 0.085315
v -0.474644 2.046862 0.099854
v -0.598978 2.054601 -0.029679
v -0.619727 2.065356 -0.074537
v -0.593234 2.054567 -0.119799
v -0.585917 2.053139 -0.077301
v -0.536428 1.977541 -0.048813
v -0.547108 2.056967 -0.145489
v -0.513536 2.060325 -0.149717
v -0.481622 1.989448 -0.122771
v -0.509502 1.973880 -0.121407
v -0.482375 1.999079 -0.099853
v -0.538542 2.052474 -0.116967
v -0.449916 1.941740 -0.088627
v -0.470774 1.930748 -0.083977
v -0.497106 1.985775 -0.092747
v -0.460382 1.944824 -0.063270
v -0.442262 1.952106 -0.069820
v -0.440543 1.925810 -0.075251
v -0.497106 1.985775 -0.092747
v -0.538542 2.052474 -0.116967
v -0.460382 1.944824 -0.063270
v -0.538542 2.052474 -0.116967
v -0.444991 1.929748 -0.054571
v -0.444991 1.929748 -0.054571
v -0.444991 1.929748 -0.054571
v -0.444991 1.929748 -0.054571
v -0.538542 2.052474 -0.116967
v -0.521796 1.977862 -0.086219
v -0.513188 1.990010 -0.059302
v -0.585917 2.053139 -0.077301
v -0.536428 1.977541 -0.048813
v -0.462833 1.905318 -0.039593
v -0.447359 1.911428 -0.010119
v -0.476133 1.909015 -0.006616
v -0.443841 1.883185 -0.024402
v -0.454676 1.885740 0.004144
v -0.585917 2.053139 -0.077301
v -0.545752 1.980564 -0.042135
v -0.553417 1.983778 -0.020493
v -0.585917 2.053139 -0.077301
v -0.598978 2.054601 -0.029679
v -0.492833 1.896421 0.005349
v -0.492279 1.900856 0.028364
v -0.576679 1.980227 -0.012485
v -0.506917 1.899930 0.037744
v -0.485981 1.877076 0.046586
v -0.598978 2.054601 -0.029679
v -0.492833 1.896421 0.005349
v -0.476194 1.875822 0.024861
v -0.598978 2.054601 -0.029679
v -0.598978 2.054601 -0.029679
v -0.589102 2.062821 0.008538
v -0.579327 1.985009 0.004744
v -0.576266 1.993067 0.033841
v -0.544227 1.917848 0.044323
v -0.537095 1.928597 0.068400
v -0.528627 1.899993 0.059708
v -0.571642 2.125029 0.008909
v -0.537347 1.901693 0.082723
v -0.528627 1.899993 0.059708
v -0.585917 2.053139 -0.077301
v -0.583554 1.967347 -0.042002
v -0.545752 1.980564 -0.042135
v -0.492833 1.896421 0.005349
v -0.576679 1.980227 -0.012485
v -0.598978 2.054601 -0.029679
v -0.506917 1.899930 0.037744
v -0.518044 1.891004 0.011648
v -0.492833 1.896421 0.005349
v -0.476194 1.875822 0.024861
v -0.485981 1.877076 0.046586
v -0.485981 1.877076 0.046586
v -0.476194 1.875822 0.024861
v -0.558144 2.241084 -0.027051
v -0.513132 2.186156 -0.003491
v -0.541194 2.195121 0.023539
v -0.485934 2.128031 0.070154
v -0.523079 2.105767 0.068844
v -0.471798 2.069652 0.097126
v -0.496412 2.062820 0.098654
v -0.494571 2.050627 0.085315
v -0.515126 2.089250 0.042233
v -0.539252 2.140364 0.001630
v -0.469282 2.054335 0.076730
v -0.481990 2.104608 0.040996
v -0.570066 2.166955 0.028724
v -0.539252 2.140364 0.001630
v -0.474644 2.046862 0.099854
v -0.513132 2.186156 -0.003491
v -0.538542 2.052474 -0.116967
v -0.521796 1.977862 -0.086219
v -0.557742 1.967393 -0.086372
v -0.462833 1.905318 -0.039593
v -0.593234 2.054567 -0.119799
v -0.557742 1.967393 -0.086372
v -0.483781 1.888529 -0.030038
v -0.476133 1.909015 -0.006616
v -0.454676 1.885740 0.004144
v -0.443841 1.883185 -0.024402
v -0.538542 2.052474 -0.116967
v -0.557742 1.967393 -0.086372
v -0.593234 2.054567 -0.119799
v -0.476194 1.875822 0.024861
v -0.485981 1.877076 0.046586
v -0.449341 2.964624 -0.108625
v -0.473650 3.032857 -0.184355
v -0.490857 2.968523 -0.184958
v -0.428509 3.020061 -0.110239
v -0.496139 2.939428 -0.188121
v -0.584725 2.946457 -0.143699
v -0.519333 2.826043 -0.195719
v -0.624114 2.832056 -0.147625
v -0.589653 2.830815 -0.037822
v -0.548681 2.945588 -0.048846
v -0.460990 2.824807 -0.109916
v -0.454463 2.936277 -0.108184
v -0.573086 2.974655 -0.144507
v -0.534037 3.006887 -0.054089
v -0.557147 3.031476 -0.146412
v -0.554391 3.164420 -0.167822
v -0.521490 3.127191 -0.045523
v -0.513249 3.215091 -0.035063
v -0.440331 3.124932 -0.008969
v -0.428057 3.210446 0.000873
v -0.389637 3.133270 -0.107847
v -0.370868 3.227122 -0.107542
v -0.546244 3.241740 -0.171843
v -0.477765 3.003166 -0.033117
v -0.494705 2.939713 -0.035919
v -0.449341 2.964624 -0.108625
v -0.428509 3.020061 -0.110239
v -0.427583 3.168314 -0.206601
v -0.417173 3.251633 -0.213473
v -0.370868 3.227122 -0.107542
v -0.389637 3.133270 -0.107847
v -0.454463 2.936277 -0.108184
v -0.417881 3.295958 0.006723
v -0.367439 3.308447 -0.107238
v -0.401914 3.424372 0.001389
v -0.350337 3.417428 -0.106496
v -0.315865 3.487853 -0.104152
v -0.389209 3.489564 -0.004818
v -0.502514 3.432781 -0.039120
v -0.522432 3.494310 -0.041005
v -0.535473 3.479443 -0.101867
v -0.537779 3.516133 -0.070476
v -0.534107 3.569857 -0.026290
v -0.368581 3.617863 0.017030
v -0.523993 3.434220 -0.163990
v -0.528634 3.498482 -0.166351
v -0.399115 3.499382 -0.201013
v -0.405556 3.429235 -0.207684
v -0.315865 3.487853 -0.104152
v -0.350337 3.417428 -0.106496
v -0.383738 3.612331 -0.233840
v -0.531838 3.635451 -0.187409
v -0.373182 3.697958 -0.198747
v -0.510028 3.701357 -0.141545
v -0.374383 3.737351 -0.102951
v -0.508293 3.719471 -0.095682
v -0.534741 3.673696 -0.094715
v -0.510287 3.705587 -0.053599
v -0.374383 3.737351 -0.102951
v -0.372096 3.668377 0.006824
v -0.531623 3.642734 -0.023888
v -0.534847 3.635285 -0.163068
v -0.533990 3.573494 -0.160585
v -0.538736 3.520491 -0.125995
v -0.537807 2.712911 -0.021860
v -0.506102 2.596556 -0.110987
v -0.554832 2.593297 -0.019906
v -0.473653 2.714722 -0.111742
v -0.615825 2.716076 -0.029612
v -0.620912 2.595717 -0.029347
v -0.529849 2.460846 -0.105045
v -0.564337 2.460860 -0.037539
v -0.570300 2.371215 -0.042608
v -0.610281 2.372900 -0.054923
v -0.612568 2.464093 -0.048790
v -0.637701 2.373361 -0.133635
v -0.643536 2.464549 -0.142914
v -0.567308 2.460462 -0.186031
v -0.568307 2.370929 -0.172290
v -0.529849 2.460846 -0.105045
v -0.534253 2.370896 -0.098873
v -0.534253 2.370896 -0.098873
v -0.563597 2.281569 -0.037806
v -0.534727 2.280945 -0.092942
v -0.558144 2.241084 -0.027051
v -0.527309 2.239329 -0.086678
v -0.619364 2.243373 -0.048869
v -0.615341 2.281706 -0.051043
v -0.633499 2.243582 -0.121490
v -0.634804 2.282173 -0.124119
v -0.560341 2.241001 -0.158841
v -0.561786 2.281397 -0.162518
v -0.534727 2.280945 -0.092942
v -0.527309 2.239329 -0.086678
v -0.550507 3.481827 -0.102369
v -0.553769 3.521077 -0.126481
v -0.552646 3.516719 -0.070968
v -0.560467 3.593763 -0.085357
v -0.548764 3.572222 -0.026785
v -0.545503 3.639842 -0.024384
v -0.548476 3.670810 -0.095210
v -0.548729 3.632396 -0.163563
v -0.548700 3.575858 -0.161082
v -0.534107 3.569857 -0.026290
v -0.531623 3.642734 -0.023888
v -0.534741 3.673696 -0.094715
v -0.534847 3.635285 -0.163068
v -0.533990 3.573494 -0.160585
v -0.538736 3.520491 -0.125995
v -0.535473 3.479443 -0.101867
v -0.537779 3.516133 -0.070476
v -0.241126 3.691486 -0.049968
v -0.374383 3.737351 -0.102951
v -0.243201 3.681308 -0.150571
v -0.372096 3.668377 0.006824
v -0.259567 3.609693 -0.003383
v -0.368581 3.617863 0.017030
v -0.389209 3.489564 -0.004818
v -0.282415 3.539570 -0.060969
v -0.282288 3.524631 -0.111168
v -0.315865 3.487853 -0.104152
v -0.373182 3.697958 -0.198747
v -0.258590 3.644776 -0.180901
v -0.383738 3.612331 -0.233840
v -0.399115 3.499382 -0.201013
v -0.282467 3.539118 -0.162819
v -0.282288 3.524631 -0.111168
v -0.315865 3.487853 -0.104152
v -0.537347 1.901693 0.082723
v -0.528627 1.899993 0.059708
v -0.650155 2.717640 -0.152252
v -0.539021 2.712805 -0.204286
v -0.473653 2.714722 -0.111742
v -0.518061 2.826213 -0.029769
v -0.460990 2.824807 -0.109916
v -0.653147 2.597155 -0.151789
v -0.556558 2.593136 -0.204034
v -0.506102 2.596556 -0.110987
v -0.500499 3.302990 -0.028595
v -0.531031 3.319062 -0.170077
v -0.409707 3.334951 -0.214645
v -0.367439 3.308447 -0.107238
v 0.532948 2.124979 -0.161840
v 0.549609 2.177454 -0.157677
v 0.514643 2.124155 -0.109517
v 0.507313 2.065763 -0.120315
v 0.631976 2.129909 -0.107156
v 0.631689 2.181984 -0.111935
v 0.616484 2.183546 -0.021248
v 0.620966 2.128437 -0.006670
v 0.632097 2.064678 -0.024702
v 0.619364 2.243373 -0.048869
v 0.633499 2.243582 -0.121490
v 0.560341 2.241001 -0.158841
v 0.527309 2.239329 -0.086678
v 0.522486 2.172538 -0.074227
v 0.542733 2.127538 -0.069984
v 0.555452 2.122569 -0.022277
v 0.584639 2.057256 -0.046865
v 0.542693 2.066370 -0.084622
v 0.571642 2.125029 0.008909
v 0.617635 2.066671 0.015742
v 0.589102 2.062821 0.008538
v 0.539252 2.140364 0.001630
v 0.576266 1.993067 0.033841
v 0.600975 1.989039 0.039465
v 0.557097 1.920786 0.074873
v 0.611091 1.977341 0.011532
v 0.563644 1.916428 0.052814
v 0.537347 1.901693 0.082723
v 0.544227 1.917848 0.044323
v 0.579327 1.985009 0.004744
v 0.598978 2.054601 -0.029679
v 0.537095 1.928597 0.068400
v 0.537347 1.901693 0.082723
v 0.528627 1.899993 0.059708
v 0.513132 2.186156 -0.003491
v 0.515126 2.089250 0.042233
v 0.539252 2.140364 0.001630
v 0.558144 2.241084 -0.027051
v 0.513132 2.186156 -0.003491
v 0.481990 2.104608 0.040996
v 0.469282 2.054335 0.076730
v 0.494571 2.050627 0.085315
v 0.474644 2.046862 0.099854
v 0.598978 2.054601 -0.029679
v 0.619727 2.065356 -0.074537
v 0.583554 1.967347 -0.042002
v 0.576679 1.980227 -0.012485
v 0.598978 2.054601 -0.029679
v 0.585917 2.053139 -0.077301
v 0.545752 1.980564 -0.042135
v 0.492833 1.896421 0.005349
v 0.506917 1.899930 0.037744
v 0.518044 1.891004 0.011648
v 0.492833 1.896421 0.005349
v 0.476194 1.875822 0.024861
v 0.485981 1.877076 0.046586
v 0.593234 2.054567 -0.119799
v 0.585917 2.053139 -0.077301
v 0.536428 1.977541 -0.048813
v 0.547108 2.056967 -0.145489
v 0.513536 2.060325 -0.149717
v 0.481622 1.989448 -0.122771
v 0.509502 1.973880 -0.121407
v 0.482375 1.999079 -0.099853
v 0.538542 2.052474 -0.116967
v 0.449916 1.941740 -0.088627
v 0.470774 1.930748 -0.083977
v 0.497106 1.985775 -0.092747
v 0.460382 1.944824 -0.063270
v 0.442262 1.952106 -0.069820
v 0.440543 1.925810 -0.075251
v 0.497106 1.985775 -0.092747
v 0.538542 2.052474 -0.116967
v 0.460382 1.944824 -0.063270
v 0.538542 2.052474 -0.116967
v 0.444991 1.929748 -0.054571
v 0.444991 1.929748 -0.054571
v 0.444991 1.929748 -0.054571
v 0.444991 1.929748 -0.054571
v 0.538542 2.052474 -0.116967
v 0.521796 1.977862 -0.086219
v 0.513188 1.990010 -0.059302
v 0.585917 2.053139 -0.077301
v 0.536428 1.977541 -0.048813
v 0.462833 1.905318 -0.039593
v 0.447359 1.911428 -0.010119
v 0.476133 1.909015 -0.006616
v 0.443841 1.883185 -0.024402
v 0.454676 1.885740 0.004144
v 0.585917 2.053139 -0.077301
v 0.545752 1.980564 -0.042135
v 0.585917 2.053139 -0.077301
v 0.553417 1.983778 -0.020493
v 0.598978 2.054601 -0.029679
v 0.492833 1.896421 0.005349
v 0.576679 1.980227 -0.012485
v 0.492279 1.900856 0.028364
v 0.506917 1.899930 0.037744
v 0.485981 1.877076 0.046586
v 0.598978 2.054601 -0.029679
v 0.492833 1.896421 0.005349
v 0.476194 1.875822 0.024861
v 0.598978 2.054601 -0.029679
v 0.598978 2.054601 -0.029679
v 0.589102 2.062821 0.008538
v 0.579327 1.985009 0.004744
v 0.576266 1.993067 0.033841
v 0.544227 1.917848 0.044323
v 0.537095 1.928597 0.068400
v 0.528627 1.899993 0.059708
v 0.571642 2.125029 0.008909
v 0.537347 1.901693 0.082723
v 0.528627 1.899993 0.059708
v 0.558144 2.241084 -0.027051
v 0.541194 2.195121 0.023539
v 0.513132 2.186156 -0.003491
v 0.485934 2.128031 0.070154
v 0.523079 2.105767 0.068844
v 0.471798 2.069652 0.097126
v 0.496412 2.062820 0.098654
v 0.494571 2.050627 0.085315
v 0.515126 2.089250 0.042233
v 0.539252 2.140364 0.001630
v 0.469282 2.054335 0.076730
v 0.481990 2.104608 0.040996
v 0.570066 2.166955 0.028724
v 0.539252 2.140364 0.001630
v 0.474644 2.046862 0.099854
v 0.513132 2.186156 -0.003491
v 0.538542 2.052474 -0.116967
v 0.521796 1.977862 -0.086219
v 0.462833 1.905318 -0.039593
v 0.557742 1.967393 -0.086372
v 0.593234 2.054567 -0.119799
v 0.557742 1.967393 -0.086372
v 0.483781 1.888529 -0.030038
v 0.476133 1.909015 -0.006616
v 0.454676 1.885740 0.004144
v 0.443841 1.883185 -0.024402
v 0.538542 2.052474 -0.116967
v 0.593234 2.054567 -0.119799
v 0.557742 1.967393 -0.086372
v 0.485981 1.877076 0.046586
v 0.476194 1.875822 0.024861
v 0.485981 1.877076 0.046586
v 0.476194 1.875822 0.024861
v 0.449341 2.964624 -0.108625
v 0.473650 3.032857 -0.184355
v 0.428509 3.020061 -0.110239
v 0.490857 2.968523 -0.184958
v 0.496139 2.939428 -0.188121
v 0.584725 2.946457 -0.143699
v 0.519333 2.826043 -0.195719
v 0.624114 2.832056 -0.147625
v 0.589653 2.830815 -0.037822
v 0.548681 2.945588 -0.048846
v 0.460990 2.824807 -0.109916
v 0.454463 2.936277 -0.108184
v 0.573086 2.974655 -0.144507
v 0.534037 3.006887 -0.054089
v 0.557147 3.031476 -0.146412
v 0.554391 3.164420 -0.167822
v 0.521490 3.127191 -0.045523
v 0.513249 3.215091 -0.035063
v 0.440331 3.124932 -0.008969
v 0.428057 3.210446 0.000873
v 0.389637 3.133270 -0.107847
v 0.370868 3.227122 -0.107542
v 0.546244 3.241740 -0.171843
v 0.477765 3.003166 -0.033117
v 0.494705 2.939713 -0.035919
v 0.449341 2.964624 -0.108625
v 0.428509 3.020061 -0.110239
v 0.427583 3.168314 -0.206601
v 0.417173 3.251633 -0.213473
v 0.370868 3.227122 -0.107542
v 0.389637 3.133270 -0.107847
v 0.454463 2.936277 -0.108184
v 0.417881 3.295958 0.006723
v 0.367439 3.308447 -0.107238
v 0.401914 3.424372 0.001389
v 0.350337 3.417428 -0.106496
v 0.315865 3.487853 -0.104152
v 0.389209 3.489564 -0.004818
v 0.502514 3.432781 -0.039120
v 0.522432 3.494310 -0.041005
v 0.535473 3.479443 -0.101867
v 0.537779 3.516133 -0.070476
v 0.534107 3.569857 -0.026290
v 0.368581 3.617863 0.017030
v 0.523993 3.434220 -0.163990
v 0.528634 3.498482 -0.166351
v 0.399115 3.499382 -0.201013
v 0.405556 3.429235 -0.207684
v 0.315865 3.487853 -0.104152
v 0.350337 3.417428 -0.106496
v 0.383738 3.612331 -0.233840
v 0.531838 3.635451 -0.187409
v 0.373182 3.697958 -0.198747
v 0.510028 3.701357 -0.141545
v 0.374383 3.737351 -0.102951
v 0.508293 3.719471 -0.095682
v 0.534741 3.673696 -0.094715
v 0.510287 3.705587 -0.053599
v 0.374383 3.737351 -0.102951
v 0.372096 3.668377 0.006824
v 0.531623 3.642734 -0.023888
v 0.534847 3.635285 -0.163068
v 0.533990 3.573494 -0.160585
v 0.538736 3.520491 -0.125995
v 0.537807 2.712911 -0.021860
v 0.506102 2.596556 -0.110987
v 0.473653 2.714722 -0.111742
v 0.554832 2.593297 -0.019906
v 0.615825 2.716076 -0.029612
v 0.620912 2.595717 -0.029347
v 0.529849 2.460846 -0.105045
v 0.564337 2.460860 -0.037539
v 0.570300 2.371215 -0.042608
v 0.610281 2.372900 -0.054923
v 0.612568 2.464093 -0.048790
v 0.637701 2.373361 -0.133635
v 0.643536 2.464549 -0.142914
v 0.567308 2.460462 -0.186031
v 0.568307 2.370929 -0.172290
v 0.529849 2.460846 -0.105045
v 0.534253 2.370896 -0.098873
v 0.534253 2.370896 -0.098873
v 0.563597 2.281569 -0.037806
v 0.534727 2.280945 -0.092942
v 0.558144 2.241084 -0.027051
v 0.527309 2.239329 -0.086678
v 0.619364 2.243373 -0.048869
v 0.615341 2.281706 -0.051043
v 0.633499 2.243582 -0.121490
v 0.634804 2.282173 -0.124119
v 0.560341 2.241001 -0.158841
v 0.561786 2.281397 -0.162518
v 0.534727 2.280945 -0.092942
v 0.527309 2.239329 -0.086678
v 0.550507 3.481827 -0.102369
v 0.552646 3.516719 -0.070968
v 0.553769 3.521077 -0.126481
v 0.560467 3.593763 -0.085357
v 0.548764 3.572222 -0.026785
v 0.545503 3.639842 -0.024384
v 0.548476 3.670810 -0.095210
v 0.548729 3.632396 -0.163563
v 0.548700 3.575858 -0.161082
v 0.534107 3.569857 -0.026290
v 0.531623 3.642734 -0.023888
v 0.534741 3.673696 -0.094715
v 0.534847 3.635285 -0.163068
v 0.533990 3.573494 -0.160585
v 0.538736 3.520491 -0.125995
v 0.535473 3.479443 -0.101867
v 0.537779 3.516133 -0.070476
v 0.241126 3.691486 -0.049968
v 0.243201 3.681308 -0.150571
v 0.374383 3.737351 -0.102951
v 0.372096 3.668377 0.006824
v 0.259567 3.609693 -0.003383
v 0.368581 3.617863 0.017030
v 0.389209 3.489564 -0.004818
v 0.282415 3.539570 -0.060969
v 0.282288 3.524631 -0.111168
v 0.315865 3.487853 -0.104152
v 0.373182 3.697958 -0.198747
v 0.258590 3.644776 -0.180901
v 0.383738 3.612331 -0.233840
v 0.399115 3.499382 -0.201013
v 0.282467 3.539118 -0.162819
v 0.282288 3.524631 -0.111168
v 0.315865 3.487853 -0.104152
v 0.537347 1.901693 0.082723
v 0.528627 1.899993 0.059708
v 0.650155 2.717640 -0.152252
v 0.539021 2.712805 -0.204286
v 0.473653 2.714722 -0.111742
v 0.518061 2.826213 -0.029769
v 0.460990 2.824807 -0.109916
v 0.653147 2.597155 -0.151789
v 0.556558 2.593136 -0.204034
v 0.506102 2.596556 -0.110987
v 0.500499 3.302990 -0.028595
v 0.531031 3.319062 -0.170077
v 0.409707 3.334951 -0.214645
v 0.367439 3.308447 -0.107238
v 0.168524 2.256479 -0.238023
v 0.104342 2.361122 -0.205815
v 0.104396 2.233630 -0.173119
v 0.153468 2.413921 -0.246008
v 0.218544 2.041805 -0.188521
v 0.135771 2.072603 -0.109854
v 0.235097 1.933141 -0.156056
v 0.318206 1.971607 -0.105883
v 0.243487 1.847616 -0.147811
v 0.326157 1.852659 -0.101958
v 0.160402 1.943314 -0.090588
v 0.173825 1.828167 -0.094672
v 0.310389 2.102918 -0.137360
v 0.316961 2.258694 -0.150956
v 0.374478 2.247854 0.015165
v 0.387395 2.413445 0.014675
v 0.351567 2.451129 -0.101883
v 0.377094 2.468365 -0.122381
v 0.287875 2.349731 -0.209079
v 0.342155 2.528176 0.007716
v 0.325454 2.396053 0.097678
v 0.320635 2.216140 0.093338
v 0.307285 2.517359 0.087162
v 0.241526 2.654530 0.090597
v 0.217747 2.583508 0.137143
v 0.224608 2.367231 0.162064
v 0.194670 2.470500 0.145717
v 0.250362 2.210146 0.158496
v 0.134356 2.300091 0.105257
v 0.174703 2.153264 0.105213
v 0.125634 2.445414 0.137709
v 0.258041 2.164366 0.150020
v 0.075222 2.250640 0.008235
v 0.041161 2.317706 -0.000758
v 0.080960 2.360946 0.092641
v 0.099638 2.127551 -0.001744
v 0.225841 1.989622 0.118199
v 0.106610 1.961352 -0.008380
v 0.301957 1.996433 0.168079
v 0.324348 2.022795 0.101339
v 0.213631 1.903210 0.079946
v 0.239547 1.796322 0.068132
v 0.201089 1.790358 0.012485
v 0.257195 1.628285 0.030819
v 0.329235 1.640949 0.080769
v 0.328319 1.817456 0.149271
v 0.357874 1.640190 0.032225
v 0.357503 1.831031 0.071535
v 0.266469 1.557369 -0.001513
v 0.345462 1.965623 0.072582
v 0.373087 1.857535 -0.004883
v 0.144710 1.803345 -0.019762
v 0.389701 1.750059 -0.014251
v 0.383748 1.637601 -0.014959
v 0.336317 1.654875 -0.123683
v 0.369069 1.524479 -0.118419
v 0.391202 2.064468 0.010946
v 0.377378 1.533760 -0.030010
v 0.356563 1.560184 0.012815
v 0.356563 1.560184 0.012815
v 0.324717 1.582184 0.034406
v 0.253122 1.715301 -0.169884
v 0.336317 1.654875 -0.123683
v 0.253122 1.715301 -0.169884
v 0.205663 1.648492 -0.132306
v 0.106610 1.961352 -0.008380
v 0.099638 2.127551 -0.001744
v 0.071050 2.242184 -0.096278
v 0.144710 1.803345 -0.019762
v 0.051864 2.315997 -0.107146
v 0.041161 2.317706 -0.000758
v 0.075222 2.250640 0.008235
v 0.182357 1.704036 -0.037466
v 0.205663 1.648492 -0.132306
v 0.200669 1.617298 -0.049172
v 0.209878 1.580126 -0.119806
v 0.208068 1.563707 -0.079435
v 0.213648 1.570235 -0.117088
v 0.239677 2.710314 -0.013228
v 0.271530 2.713752 -0.142008
v 0.287630 2.719602 0.008427
v 0.229546 2.708105 -0.116509
v 0.167438 2.613284 -0.194763
v 0.193940 2.602054 -0.226908
v 0.268759 2.659748 0.096359
v 0.357252 2.544685 0.020380
v 0.241526 2.654530 0.090597
v 0.377033 2.534213 0.014264
v 0.241526 2.654530 0.090597
v 0.153468 2.413921 -0.246008
v 0.200669 1.617298 -0.049172
v 0.208068 1.563707 -0.079435
v 0.182357 1.704036 -0.037466
v 0.231845 1.547306 -0.066522
v 0.213235 2.450583 -0.040642
v 0.153468 2.413921 -0.246008
v 0.167438 2.613284 -0.194763
v 0.229546 2.708105 -0.116509
v 0.239677 2.710314 -0.013228
v 0.241526 2.654530 0.090597
v 0.217747 2.583508 0.137143
v 0.194670 2.470500 0.145717
v 0.041161 2.317706 -0.000758
v 0.104342 2.361122 -0.205815
v 0.051864 2.315997 -0.107146
v 0.080960 2.360946 0.092641
v 0.125634 2.445414 0.137709
v 0.194670 2.470500 0.145717
v 0.153468 2.413921 -0.246008
v 0.253122 1.715301 -0.169884
v 0.267854 1.730974 -0.005613
v 0.336317 1.654875 -0.123683
v 0.356563 1.560184 0.012815
v 0.377378 1.533760 -0.030010
v 0.369069 1.524479 -0.118419
v 0.267854 1.730974 -0.005613
v 0.336317 1.654875 -0.123683
v 0.267854 1.730974 -0.005613
v 0.267854 1.730974 -0.005613
v 0.324717 1.582184 0.034406
v 0.324717 1.582184 0.034406
v 0.267854 1.730974 -0.005613
v 0.266469 1.557369 -0.001513
v 0.267854 1.730974 -0.005613
v 0.231845 1.547306 -0.066522
v 0.218919 1.564750 -0.083146
v 0.209878 1.580126 -0.119806
v 0.205663 1.648492 -0.132306
v 0.213648 1.570235 -0.117088
v 0.205663 1.648492 -0.132306
v 0.267854 1.730974 -0.005613
v 0.253122 1.715301 -0.169884
v 0.194670 2.470500 0.145717
v 0.208068 1.563707 -0.079435
v 0.218919 1.564750 -0.083146
v 0.213648 1.570235 -0.117088
v 0.231845 1.547306 -0.066522
v 0.408360 1.426505 0.248450
v 0.338585 1.382631 0.040912
v 0.342141 1.499805 0.132441
v 0.395487 1.286547 0.108794
v 0.330611 1.602859 0.148545
v 0.333527 1.711167 0.263284
v 0.423738 1.567234 0.398362
v 0.398558 1.720391 0.243636
v 0.423738 1.567234 0.398362
v 0.330611 1.602859 0.148545
v 0.398558 1.720391 0.243636
v 0.333527 1.711167 0.263284
v 0.385916 1.612577 0.133707
v 0.423738 1.567234 0.398362
v 0.408360 1.426505 0.248450
v 0.397451 1.509410 0.119273
v 0.387193 1.392122 0.028088
v 0.395487 1.286547 0.108794
v 0.397451 1.509410 0.119273
v 0.342141 1.499805 0.132441
v 0.387193 1.392122 0.028088
v 0.338585 1.382631 0.040912
v 0.257986 1.358263 -0.122473
v 0.296497 1.400440 -0.221913
v 0.236480 1.499316 -0.084315
v 0.353422 1.369046 -0.021566
v 0.276675 1.539430 -0.204854
v 0.224087 1.659158 -0.025725
v 0.349549 1.509424 0.016388
v 0.259526 1.734682 -0.119206
v 0.353422 1.369046 -0.021566
v 0.349549 1.509424 0.016388
v 0.305032 1.649945 0.028914
v 0.305032 1.649945 0.028914
v 0.259526 1.734682 -0.119206
v 0.323449 1.697846 -0.078041
v 0.276675 1.539430 -0.204854
v 0.374412 1.516743 -0.108873
v 0.349549 1.509424 0.016388
v 0.400379 1.373886 -0.145554
v 0.353422 1.369046 -0.021566
v 0.296497 1.400440 -0.221913
v 0.353422 1.369046 -0.021566
v 0.349549 1.509424 0.016388
v 0.645396 0.107031 0.084223
v 0.697068 0.028008 0.241661
v 0.685047 0.074980 0.244892
v 0.667979 0.028017 0.065240
v 0.688159 0.078694 0.322639
v 0.692487 0.028008 0.309198
v 0.671606 0.074857 0.369061
v 0.615674 0.127428 0.339038
v 0.628201 0.106445 0.383525
v 0.594311 0.128309 0.274259
v 0.546135 0.162442 0.120506
v 0.506534 0.090953 0.301405
v 0.545439 0.085561 0.367796
v 0.535464 0.028009 0.357682
v 0.496287 0.028009 0.302844
v 0.452816 0.114737 0.153858
v 0.434939 0.028017 0.146728
v 0.691817 -0.003686 0.243337
v 0.662566 -0.003686 0.066142
v 0.440351 -0.003686 0.144946
v 0.426566 0.028016 0.099933
v 0.423730 0.060470 0.109028
v 0.402346 0.172267 0.030386
v 0.501474 -0.003685 0.305469
v 0.537070 -0.003685 0.354947
v 0.590515 -0.003685 0.379839
v 0.591459 0.028009 0.383157
v 0.586214 0.075005 0.396553
v 0.657318 -0.003685 0.358303
v 0.661540 0.028008 0.361257
v 0.686637 -0.003686 0.308342
v 0.633291 0.058938 0.393030
v 0.393603 0.075047 0.045191
v 0.374460 0.112972 -0.018904
v 0.367005 0.087154 -0.027404
v 0.371089 0.037566 -0.028356
v 0.399276 0.036215 0.043983
v 0.650359 0.064960 0.013141
v 0.645726 0.027563 0.013824
v 0.626177 0.037650 -0.057492
v 0.631667 0.077484 -0.060080
v 0.593687 0.087309 -0.131531
v 0.589748 0.037568 -0.128938
v 0.606075 0.116114 -0.113245
v 0.615750 0.171810 -0.051024
v 0.511850 0.262034 0.000733
v 0.626177 0.037650 -0.057492
v 0.371089 0.037566 -0.028356
v 0.399276 0.036215 0.043983
v 0.589748 0.037568 -0.128938
v 0.367005 0.087154 -0.027404
v 0.593687 0.087309 -0.131531
v 0.606075 0.116114 -0.113245
v 0.374460 0.112972 -0.018904
v 0.615750 0.171810 -0.051024
v 0.402346 0.172267 0.030386
v 0.511850 0.262034 0.000733
v 0.645726 0.027563 0.013824
v 0.426566 0.028016 0.099933
v 0.662566 -0.003686 0.066142
v 0.440351 -0.003686 0.144946
v 0.691817 -0.003686 0.243337
v 0.501474 -0.003685 0.305469
v 0.537070 -0.003685 0.354947
v 0.686637 -0.003686 0.308342
v 0.590515 -0.003685 0.379839
v 0.657318 -0.003685 0.358303
v 0.472895 0.455215 0.045036
v 0.446205 0.303671 0.030262
v 0.348033 0.442364 -0.046751
v 0.493998 0.345074 0.041874
v 0.537136 0.324933 0.000242
v 0.558995 0.464522 -0.116054
v 0.402383 0.255696 -0.002201
v 0.354453 0.256971 -0.050344
v 0.476161 0.251587 0.071638
v 0.436476 0.207758 0.049860
v 0.570320 0.296696 -0.052277
v 0.559635 0.260664 0.043507
v 0.588362 0.231328 -0.001284
v 0.590284 0.298155 -0.122080
v 0.516563 0.279934 0.083523
v 0.543208 0.238093 0.154004
v 0.499900 0.199225 0.156877
v 0.588292 0.211051 0.122828
v 0.633383 0.140314 0.069349
v 0.599538 0.198133 -0.011717
v 0.462334 0.131512 0.139546
v 0.421122 0.185021 0.036462
v 0.367684 0.419930 -0.152165
v 0.407708 0.299693 -0.330880
v 0.409993 0.453858 -0.283648
v 0.347234 0.275004 -0.156219
v 0.420363 0.071966 -0.356147
v 0.355508 0.061179 -0.119618
v 0.455479 0.061185 0.072487
v 0.433590 0.245552 0.004559
v 0.612850 0.061185 0.023729
v 0.565203 0.251047 -0.042896
v 0.424029 0.400454 -0.058438
v 0.509623 0.404531 -0.091535
v 0.548365 0.061185 -0.191074
v 0.544939 0.274856 -0.208738
v 0.420363 0.071966 -0.356147
v 0.420363 0.071966 -0.356147
v 0.509789 0.422292 -0.180447
v 0.487452 0.061183 -0.084026
v 0.354422 0.142793 -0.116587
v 0.331082 0.083784 -0.186810
v 0.343242 0.186562 -0.181288
v 0.358042 0.066514 -0.116811
v 0.333141 -0.003684 -0.200676
v 0.346882 0.172457 -0.362983
v 0.361298 -0.003684 -0.360780
v 0.407043 0.175469 -0.406903
v 0.348895 0.281721 -0.302860
v 0.413253 0.279938 -0.354988
v 0.422972 -0.003684 -0.406695
v 0.355446 -0.003684 -0.131103
v 0.372248 -0.003684 -0.091050
v 0.370952 0.055026 -0.091321
v 0.470778 0.170991 -0.387998
v 0.480534 0.298746 -0.335637
v 0.565294 0.193468 -0.267969
v 0.571794 0.081691 -0.276272
v 0.483397 -0.003684 -0.388452
v 0.566924 -0.003684 -0.279521
v 0.582758 0.066563 -0.209915
v 0.578116 -0.003684 -0.212941
v 0.588927 -0.003684 -0.184089
v 0.582986 0.055058 -0.183268
v 0.565294 0.193468 -0.267969
v 0.579880 0.142957 -0.213899
v 0.372248 -0.003684 -0.091050
v 0.582986 0.055058 -0.183268
v 0.588927 -0.003684 -0.184089
v 0.370952 0.055026 -0.091321
v 0.582758 0.066563 -0.209915
v 0.358042 0.066514 -0.116811
v 0.355446 -0.003684 -0.131103
v 0.578116 -0.003684 -0.212941
v 0.333141 -0.003684 -0.200676
v 0.566924 -0.003684 -0.279521
v 0.483397 -0.003684 -0.388452
v 0.422972 -0.003684 -0.406695
v 0.361298 -0.003684 -0.360780
v 0.579880 0.142957 -0.213899
v 0.354422 0.142793 -0.116587
v 0.565294 0.193468 -0.267969
v 0.343242 0.186562 -0.181288
v 0.413445 0.277120 -0.329064
v 0.348895 0.281721 -0.302860
v 0.413253 0.279938 -0.354988
v 0.480534 0.298746 -0.335637
v 0.565294 0.193468 -0.267969
v 0.480534 0.298746 -0.335637
v -0.168524 2.256479 -0.238023
v -0.104396 2.233630 -0.173119
v -0.104342 2.361122 -0.205815
v -0.153468 2.413921 -0.246008
v -0.218544 2.041805 -0.188521
v -0.135771 2.072603 -0.109854
v -0.235097 1.933141 -0.156056
v -0.318206 1.971607 -0.105883
v -0.243487 1.847616 -0.147811
v -0.326157 1.852659 -0.101958
v -0.160402 1.943314 -0.090588
v -0.173825 1.828167 -0.094672
v -0.310389 2.102918 -0.137360
v -0.316961 2.258694 -0.150956
v -0.374478 2.247854 0.015165
v -0.387395 2.413445 0.014675
v -0.351567 2.451129 -0.101883
v -0.377094 2.468365 -0.122381
v -0.287875 2.349731 -0.209079
v -0.342155 2.528176 0.007716
v -0.325454 2.396053 0.097678
v -0.320635 2.216140 0.093338
v -0.307285 2.517359 0.087162
v -0.241526 2.654530 0.090597
v -0.217747 2.583508 0.137143
v -0.224608 2.367231 0.162064
v -0.194670 2.470500 0.145717
v -0.250362 2.210146 0.158496
v -0.134356 2.300091 0.105257
v -0.174703 2.153264 0.105213
v -0.125634 2.445414 0.137709
v -0.258041 2.164366 0.150020
v -0.075222 2.250640 0.008235
v -0.041161 2.317706 -0.000758
v -0.080960 2.360946 0.092641
v -0.099638 2.127551 -0.001744
v -0.225841 1.989622 0.118199
v -0.106610 1.961352 -0.008380
v -0.301957 1.996433 0.168079
v -0.324348 2.022795 0.101339
v -0.213631 1.903210 0.079946
v -0.239547 1.796322 0.068132
v -0.201089 1.790358 0.012485
v -0.257195 1.628285 0.030819
v -0.329235 1.640949 0.080769
v -0.328319 1.817456 0.149271
v -0.357874 1.640190 0.032225
v -0.357503 1.831031 0.071535
v -0.266469 1.557369 -0.001513
v -0.345462 1.965623 0.072582
v -0.373087 1.857535 -0.004883
v -0.144710 1.803345 -0.019762
v -0.389701 1.750059 -0.014251
v -0.383748 1.637601 -0.014959
v -0.336317 1.654875 -0.123683
v -0.369069 1.524479 -0.118419
v -0.391202 2.064468 0.010946
v -0.377378 1.533760 -0.030010
v -0.356563 1.560184 0.012815
v -0.324717 1.582184 0.034406
v -0.356563 1.560184 0.012815
v -0.253122 1.715301 -0.169884
v -0.336317 1.654875 -0.123683
v -0.253122 1.715301 -0.169884
v -0.205663 1.648492 -0.132306
v -0.106610 1.961352 -0.008380
v -0.144710 1.803345 -0.019762
v -0.099638 2.127551 -0.001744
v -0.071050 2.242184 -0.096278
v -0.051864 2.315997 -0.107146
v -0.041161 2.317706 -0.000758
v -0.075222 2.250640 0.008235
v -0.182357 1.704036 -0.037466
v -0.205663 1.648492 -0.132306
v -0.200669 1.617298 -0.049172
v -0.209878 1.580126 -0.119806
v -0.208068 1.563707 -0.079435
v -0.213648 1.570235 -0.117088
v -0.239677 2.710314 -0.013228
v -0.271530 2.713752 -0.142008
v -0.229546 2.708105 -0.116509
v -0.287630 2.719602 0.008427
v -0.167438 2.613284 -0.194763
v -0.193940 2.602054 -0.226908
v -0.268759 2.659748 0.096359
v -0.357252 2.544685 0.020380
v -0.241526 2.654530 0.090597
v -0.377033 2.534213 0.014264
v -0.241526 2.654530 0.090597
v -0.153468 2.413921 -0.246008
v -0.200669 1.617298 -0.049172
v -0.208068 1.563707 -0.079435
v -0.182357 1.704036 -0.037466
v -0.231845 1.547306 -0.066522
v -0.213235 2.450583 -0.040642
v -0.167438 2.613284 -0.194763
v -0.153468 2.413921 -0.246008
v -0.229546 2.708105 -0.116509
v -0.239677 2.710314 -0.013228
v -0.241526 2.654530 0.090597
v -0.217747 2.583508 0.137143
v -0.194670 2.470500 0.145717
v -0.104342 2.361122 -0.205815
v -0.041161 2.317706 -0.000758
v -0.051864 2.315997 -0.107146
v -0.080960 2.360946 0.092641
v -0.125634 2.445414 0.137709
v -0.194670 2.470500 0.145717
v -0.153468 2.413921 -0.246008
v -0.253122 1.715301 -0.169884
v -0.336317 1.654875 -0.123683
v -0.267854 1.730974 -0.005613
v -0.356563 1.560184 0.012815
v -0.377378 1.533760 -0.030010
v -0.369069 1.524479 -0.118419
v -0.267854 1.730974 -0.005613
v -0.336317 1.654875 -0.123683
v -0.267854 1.730974 -0.005613
v -0.267854 1.730974 -0.005613
v -0.324717 1.582184 0.034406
v -0.324717 1.582184 0.034406
v -0.266469 1.557369 -0.001513
v -0.267854 1.730974 -0.005613
v -0.231845 1.547306 -0.066522
v -0.267854 1.730974 -0.005613
v -0.218919 1.564750 -0.083146
v -0.209878 1.580126 -0.119806
v -0.205663 1.648492 -0.132306
v -0.213648 1.570235 -0.117088
v -0.205663 1.648492 -0.132306
v -0.253122 1.715301 -0.169884
v -0.267854 1.730974 -0.005613
v -0.194670 2.470500 0.145717
v -0.208068 1.563707 -0.079435
v -0.213648 1.570235 -0.117088
v -0.218919 1.564750 -0.083146
v -0.231845 1.547306 -0.066522
v -0.338585 1.382631 0.040912
v -0.408360 1.426505 0.248450
v -0.342141 1.499805 0.132441
v -0.395487 1.286547 0.108794
v -0.330611 1.602859 0.148545
v -0.333527 1.711167 0.263284
v -0.423738 1.567234 0.398362
v -0.423738 1.567234 0.398362
v -0.398558 1.720391 0.243636
v -0.398558 1.720391 0.243636
v -0.330611 1.602859 0.148545
v -0.333527 1.711167 0.263284
v -0.385916 1.612577 0.133707
v -0.423738 1.567234 0.398362
v -0.408360 1.426505 0.248450
v -0.397451 1.509410 0.119273
v -0.387193 1.392122 0.028088
v -0.395487 1.286547 0.108794
v -0.397451 1.509410 0.119273
v -0.342141 1.499805 0.132441
v -0.387193 1.392122 0.028088
v -0.338585 1.382631 0.040912
v -0.257986 1.358263 -0.122473
v -0.236480 1.499316 -0.084315
v -0.296497 1.400440 -0.221913
v -0.353422 1.369046 -0.021566
v -0.276675 1.539430 -0.204854
v -0.224087 1.659158 -0.025725
v -0.349549 1.509424 0.016388
v -0.259526 1.734682 -0.119206
v -0.353422 1.369046 -0.021566
v -0.349549 1.509424 0.016388
v -0.305032 1.649945 0.028914
v -0.305032 1.649945 0.028914
v -0.259526 1.734682 -0.119206
v -0.323449 1.697846 -0.078041
v -0.276675 1.539430 -0.204854
v -0.374412 1.516743 -0.108873
v -0.349549 1.509424 0.016388
v -0.400379 1.373886 -0.145554
v -0.353422 1.369046 -0.021566
v -0.296497 1.400440 -0.221913
v -0.349549 1.509424 0.016388
v -0.353422 1.369046 -0.021566
v -0.645396 0.107031 0.084223
v -0.697068 0.028008 0.241661
v -0.667979 0.028017 0.065240
v -0.685047 0.074980 0.244892
v -0.688159 0.078694 0.322639
v -0.692487 0.028008 0.309198
v -0.671606 0.074857 0.369061
v -0.615674 0.127428 0.339038
v -0.628201 0.106445 0.383525
v -0.594311 0.128309 0.274259
v -0.546135 0.162442 0.120506
v -0.506534 0.090953 0.301405
v -0.545439 0.085561 0.367796
v -0.535464 0.028009 0.357682
v -0.496287 0.028009 0.302844
v -0.452816 0.114737 0.153858
v -0.434939 0.028017 0.146728
v -0.691817 -0.003686 0.243337
v -0.440351 -0.003686 0.144946
v -0.426566 0.028016 0.099933
v -0.423730 0.060470 0.109028
v -0.402346 0.172267 0.030386
v -0.501474 -0.003685 0.305469
v -0.537070 -0.003685 0.354947
v -0.590515 -0.003685 0.379839
v -0.591459 0.028009 0.383157
v -0.586214 0.075005 0.396553
v -0.657318 -0.003685 0.358303
v -0.661540 0.028008 0.361257
v -0.686637 -0.003686 0.308342
v -0.633291 0.058938 0.393030
v -0.399276 0.036215 0.043983
v -0.393603 0.075047 0.045191
v -0.371089 0.037566 -0.028356
v -0.367005 0.087154 -0.027404
v -0.374460 0.112972 -0.018904
v -0.511850 0.262034 0.000733
v -0.615750 0.171810 -0.051024
v -0.650359 0.064960 0.013141
v -0.645726 0.027563 0.013824
v -0.626177 0.037650 -0.057492
v -0.631667 0.077484 -0.060080
v -0.593687 0.087309 -0.131531
v -0.589748 0.037568 -0.128938
v -0.606075 0.116114 -0.113245
v -0.662566 -0.003686 0.066142
v -0.626177 0.037650 -0.057492
v -0.371089 0.037566 -0.028356
v -0.589748 0.037568 -0.128938
v -0.399276 0.036215 0.043983
v -0.367005 0.087154 -0.027404
v -0.593687 0.087309 -0.131531
v -0.606075 0.116114 -0.113245
v -0.374460 0.112972 -0.018904
v -0.615750 0.171810 -0.051024
v -0.402346 0.172267 0.030386
v -0.511850 0.262034 0.000733
v -0.645726 0.027563 0.013824
v -0.426566 0.028016 0.099933
v -0.662566 -0.003686 0.066142
v -0.440351 -0.003686 0.144946
v -0.691817 -0.003686 0.243337
v -0.501474 -0.003685 0.305469
v -0.537070 -0.003685 0.354947
v -0.686637 -0.003686 0.308342
v -0.590515 -0.003685 0.379839
v -0.657318 -0.003685 0.358303
v -0.348033 0.442364 -0.046751
v -0.446205 0.303671 0.030262
v -0.472895 0.455215 0.045036
v -0.493998 0.345074 0.041874
v -0.537136 0.324933 0.000242
v -0.558995 0.464522 -0.116054
v -0.402383 0.255696 -0.002201
v -0.354453 0.256971 -0.050344
v -0.476161 0.251587 0.071638
v -0.436476 0.207758 0.049860
v -0.570320 0.296696 -0.052277
v -0.559635 0.260664 0.043507
v -0.588362 0.231328 -0.001284
v -0.590284 0.298155 -0.122080
v -0.516562 0.279934 0.083523
v -0.543208 0.238093 0.154004
v -0.499900 0.199225 0.156877
v -0.588292 0.211051 0.122828
v -0.633383 0.140314 0.069349
v -0.599538 0.198133 -0.011717
v -0.462334 0.131512 0.139546
v -0.421122 0.185021 0.036462
v -0.367684 0.419930 -0.152165
v -0.407708 0.299693 -0.330880
v -0.347234 0.275004 -0.156219
v -0.409993 0.453858 -0.283648
v -0.420363 0.071966 -0.356147
v -0.355508 0.061179 -0.119618
v -0.455479 0.061185 0.072487
v -0.433590 0.245552 0.004559
v -0.612850 0.061185 0.023729
v -0.565203 0.251047 -0.042896
v -0.424029 0.400454 -0.058438
v -0.509623 0.404531 -0.091535
v -0.548365 0.061185 -0.191074
v -0.544939 0.274856 -0.208738
v -0.420363 0.071966 -0.356147
v -0.420363 0.071966 -0.356147
v -0.509789 0.422292 -0.180447
v -0.487452 0.061183 -0.084026
v -0.354422 0.142793 -0.116587
v -0.331082 0.083784 -0.186810
v -0.358042 0.066514 -0.116811
v -0.343242 0.186562 -0.181288
v -0.333141 -0.003684 -0.200676
v -0.346882 0.172457 -0.362983
v -0.361298 -0.003684 -0.360780
v -0.407043 0.175469 -0.406903
v -0.348895 0.281721 -0.302860
v -0.413253 0.279938 -0.354988
v -0.422972 -0.003684 -0.406695
v -0.355446 -0.003684 -0.131103
v -0.372248 -0.003684 -0.091050
v -0.370952 0.055026 -0.091321
v -0.470778 0.170991 -0.387998
v -0.480534 0.298746 -0.335637
v -0.565294 0.193468 -0.267969
v -0.571794 0.081691 -0.276272
v -0.483397 -0.003684 -0.388452
v -0.566924 -0.003684 -0.279521
v -0.582758 0.066563 -0.209915
v -0.578116 -0.003684 -0.212941
v -0.588927 -0.003684 -0.184089
v -0.582986 0.055058 -0.183268
v -0.565294 0.193468 -0.267969
v -0.579880 0.142957 -0.213899
v -0.372248 -0.003684 -0.091050
v -0.582986 0.055058 -0.183268
v -0.370952 0.055026 -0.091321
v -0.588927 -0.003684 -0.184089
v -0.582758 0.066563 -0.209915
v -0.358042 0.066514 -0.116811
v -0.355446 -0.003684 -0.131103
v -0.578116 -0.003684 -0.212941
v -0.333141 -0.003684 -0.200676
v -0.566924 -0.003684 -0.279521
v -0.483397 -0.003684 -0.388452
v -0.422972 -0.003684 -0.406695
v -0.361298 -0.003684 -0.360780
v -0.579880 0.142957 -0.213899
v -0.354422 0.142793 -0.116587
v -0.565294 0.193468 -0.267969
v -0.343242 0.186562 -0.181288
v -0.413445 0.277120 -0.329064
v -0.348895 0.281721 -0.302860
v -0.413253 0.279938 -0.354988
v -0.480534 0.298746 -0.335637
v -0.565294 0.193468 -0.267969
v -0.480534 0.298746 -0.335637
v 0.397583 1.287283 0.108380
v 0.389289 1.392858 0.027674
v 0.395214 1.304105 0.034620
v 0.402958 1.166404 0.008068
v 0.398586 1.053922 -0.019707
v 0.397583 1.287283 0.108380
v 0.359367 1.399149 0.034284
v 0.335019 1.383367 0.040498
v 0.397583 1.287283 0.108380
v 0.359219 1.288246 0.035130
v 0.379539 1.161677 0.011474
v 0.398586 1.053922 -0.019707
v 0.215775 1.305653 -0.144521
v 0.227004 1.375729 -0.133705
v 0.266168 1.302180 -0.050383
v 0.275989 1.077497 -0.079395
v 0.379539 1.161677 0.011474
v 0.398586 1.053922 -0.019707
v 0.229039 1.085138 -0.168623
v 0.218531 1.315239 -0.224384
v 0.233470 1.111595 -0.265765
v 0.271659 0.976120 -0.260707
v 0.337245 0.818984 -0.113352
v 0.307944 0.810688 -0.172994
v 0.365409 0.539494 -0.101175
v 0.340467 0.534674 -0.153253
v 0.334123 0.379736 -0.132990
v 0.374683 0.389011 -0.069536
v 0.327446 0.474857 -0.225328
v 0.327865 0.374180 -0.220850
v 0.323841 0.232348 -0.096766
v 0.396012 0.311066 -0.028029
v 0.461847 0.401911 -0.044492
v 0.409789 0.833671 -0.064063
v 0.442892 0.545676 -0.079059
v 0.490229 0.555021 -0.139647
v 0.521454 0.405235 -0.114059
v 0.540560 0.329817 -0.053207
v 0.461252 0.844446 -0.132245
v 0.506784 0.561900 -0.192981
v 0.472491 0.849728 -0.196315
v 0.494106 1.169471 -0.198233
v 0.476812 1.116613 -0.106536
v 0.453680 1.358186 -0.166762
v 0.436868 1.340058 -0.081892
v 0.420112 1.356373 -0.249392
v 0.436627 1.170786 -0.285531
v 0.433604 1.014484 -0.280580
v 0.431133 0.839729 -0.259525
v 0.459005 0.581551 -0.248327
v 0.402958 1.166404 0.008068
v 0.385737 1.458830 -0.055736
v 0.401818 1.450136 -0.175914
v 0.294158 1.341731 -0.303437
v 0.291586 1.446007 -0.222727
v 0.310776 1.163744 -0.349911
v 0.328172 0.994760 -0.327927
v 0.355715 0.824974 -0.284627
v 0.402867 0.591496 -0.279925
v 0.417665 0.519770 -0.290041
v 0.392298 0.529083 -0.328762
v 0.490856 0.468330 -0.254363
v 0.496637 0.404831 -0.265228
v 0.428040 0.384109 -0.315129
v 0.528484 0.408320 -0.192139
v 0.539979 0.279750 -0.255760
v 0.600531 0.222304 -0.177614
v 0.594045 0.264115 -0.101765
v 0.378280 0.598600 -0.294409
v 0.465251 0.379809 -0.298310
v 0.402349 0.386264 -0.351769
v 0.375558 0.384841 -0.367240
v 0.365273 0.532646 -0.345271
v 0.291586 1.446007 -0.222727
v 0.294158 1.341731 -0.303437
v 0.310776 1.163744 -0.349911
v 0.328172 0.994760 -0.327927
v 0.355715 0.824974 -0.284627
v 0.307464 0.813865 -0.232384
v 0.337429 0.568087 -0.221995
v 0.365558 0.591879 -0.267787
v 0.361500 0.515896 -0.272219
v 0.367756 0.376701 -0.294291
v 0.363568 0.382256 -0.338732
v 0.355002 0.525821 -0.316422
v 0.378280 0.598600 -0.294409
v 0.365273 0.532646 -0.345271
v 0.338514 0.359126 -0.270497
v 0.324536 0.274911 -0.220289
v 0.375558 0.384841 -0.367240
v 0.367756 0.376701 -0.294291
v 0.338514 0.359126 -0.270497
v 0.399266 0.365321 -0.280491
v 0.324536 0.274911 -0.220289
v 0.363568 0.382256 -0.338732
v 0.375558 0.384841 -0.367240
v 0.402349 0.386264 -0.351769
v 0.428040 0.384109 -0.315129
v 0.465251 0.379809 -0.298310
v 0.539979 0.279750 -0.255760
v 0.229955 1.432334 -0.124968
v 0.314679 1.378415 -0.098472
v 0.302210 1.448164 -0.015593
v 0.302210 1.448164 -0.015593
v 0.349434 1.464071 0.012276
v 0.385737 1.458830 -0.055736
v 0.401818 1.450136 -0.175914
v 0.291586 1.446007 -0.222727
v 0.229955 1.432334 -0.124968
v 0.229955 1.432334 -0.124968
v 0.302210 1.448164 -0.015593
v 0.229955 1.432334 -0.124968
v 0.359219 1.288246 0.035130
v 0.335019 1.383367 0.040498
v 0.302210 1.448164 -0.015593
v 0.359367 1.399149 0.034284
v 0.349434 1.464071 0.012276
v 0.389289 1.392858 0.027674
v 0.302210 1.448164 -0.015593
v 0.385737 1.458830 -0.055736
v 0.395214 1.304105 0.034620
v -0.397583 1.287283 0.108380
v -0.395214 1.304105 0.034620
v -0.389289 1.392858 0.027674
v -0.402958 1.166404 0.008068
v -0.398586 1.053922 -0.019707
v -0.397583 1.287283 0.108380
v -0.359367 1.399149 0.034284
v -0.335019 1.383367 0.040498
v -0.397583 1.287283 0.108380
v -0.359219 1.288246 0.035130
v -0.379539 1.161677 0.011474
v -0.398586 1.053922 -0.019707
v -0.215775 1.305653 -0.144521
v -0.266168 1.302180 -0.050383
v -0.227004 1.375729 -0.133705
v -0.275989 1.077497 -0.079395
v -0.379539 1.161677 0.011474
v -0.398586 1.053922 -0.019707
v -0.229039 1.085138 -0.168623
v -0.218531 1.315239 -0.224384
v -0.233470 1.111595 -0.265765
v -0.271659 0.976120 -0.260707
v -0.337245 0.818984 -0.113352
v -0.307944 0.810688 -0.172994
v -0.365409 0.539494 -0.101175
v -0.340467 0.534674 -0.153253
v -0.334123 0.379736 -0.132990
v -0.374683 0.389011 -0.069536
v -0.327446 0.474857 -0.225328
v -0.327865 0.374180 -0.220850
v -0.323841 0.232348 -0.096766
v -0.396012 0.311066 -0.028029
v -0.461847 0.401911 -0.044492
v -0.409789 0.833671 -0.064063
v -0.442892 0.545676 -0.079059
v -0.490229 0.555021 -0.139647
v -0.521454 0.405235 -0.114059
v -0.540560 0.329817 -0.053207
v -0.461252 0.844446 -0.132245
v -0.506784 0.561900 -0.192981
v -0.472491 0.849728 -0.196315
v -0.494106 1.169471 -0.198233
v -0.476812 1.116613 -0.106536
v -0.453680 1.358186 -0.166762
v -0.436868 1.340058 -0.081892
v -0.420112 1.356373 -0.249392
v -0.436627 1.170786 -0.285531
v -0.433604 1.014484 -0.280580
v -0.431133 0.839729 -0.259525
v -0.459005 0.581551 -0.248327
v -0.402958 1.166404 0.008068
v -0.385737 1.458830 -0.055736
v -0.401818 1.450136 -0.175914
v -0.294158 1.341731 -0.303437
v -0.291586 1.446007 -0.222727
v -0.310776 1.163744 -0.349911
v -0.328172 0.994760 -0.327927
v -0.355715 0.824974 -0.284627
v -0.402867 0.591496 -0.279925
v -0.417665 0.519770 -0.290041
v -0.392298 0.529083 -0.328762
v -0.490856 0.468330 -0.254363
v -0.496637 0.404831 -0.265228
v -0.428040 0.384109 -0.315129
v -0.528484 0.408320 -0.192139
v -0.539979 0.279750 -0.255760
v -0.600531 0.222304 -0.177614
v -0.594045 0.264115 -0.101765
v -0.378280 0.598600 -0.294409
v -0.465251 0.379809 -0.298310
v -0.402349 0.386264 -0.351769
v -0.375558 0.384841 -0.367240
v -0.365273 0.532646 -0.345271
v -0.291586 1.446007 -0.222727
v -0.294158 1.341731 -0.303437
v -0.310776 1.163744 -0.349911
v -0.328172 0.994760 -0.327927
v -0.355715 0.824974 -0.284627
v -0.307464 0.813865 -0.232384
v -0.337429 0.568087 -0.221995
v -0.365558 0.591879 -0.267787
v -0.361500 0.515896 -0.272219
v -0.367756 0.376701 -0.294291
v -0.363568 0.382256 -0.338732
v -0.355002 0.525821 -0.316422
v -0.378280 0.598600 -0.294409
v -0.365273 0.532646 -0.345271
v -0.338514 0.359126 -0.270497
v -0.324536 0.274911 -0.220289
v -0.375558 0.384841 -0.367240
v -0.367756 0.376701 -0.294291
v -0.399266 0.365321 -0.280491
v -0.338514 0.359126 -0.270497
v -0.324536 0.274911 -0.220289
v -0.363568 0.382256 -0.338732
v -0.375558 0.384841 -0.367240
v -0.402349 0.386264 -0.351769
v -0.428040 0.384109 -0.315129
v -0.465251 0.379809 -0.298310
v -0.539979 0.279750 -0.255760
v -0.229955 1.432334 -0.124968
v -0.302210 1.448164 -0.015593
v -0.314679 1.378415 -0.098472
v -0.302210 1.448164 -0.015593
v -0.349434 1.464071 0.012276
v -0.385737 1.458830 -0.055736
v -0.401818 1.450136 -0.175914
v -0.291586 1.446007 -0.222727
v -0.229955 1.432334 -0.124968
v -0.229955 1.432334 -0.124968
v -0.302210 1.448164 -0.015593
v -0.229955 1.432334 -0.124968
v -0.359219 1.288246 0.035130
v -0.302210 1.448164 -0.015593
v -0.335019 1.383367 0.040498
v -0.359367 1.399149 0.034284
v -0.349434 1.464071 0.012276
v -0.389289 1.392858 0.027674
v -0.302210 1.448164 -0.015593
v -0.395214 1.304105 0.034620
v -0.385737 1.458830 -0.055736
v 0.356635 3.648079 -0.096083
v 0.347633 3.560818 0.015789
v 0.373284 3.639588 0.043834
v 0.368556 3.747162 -0.087304
v 0.378068 3.665251 -0.234652
v 0.351990 3.582828 -0.221394
v 0.368556 3.747162 -0.087304
v 0.373284 3.639588 0.043834
v 0.291117 3.766790 -0.086810
v 0.269025 3.671507 0.016295
v 0.254640 3.623881 0.013302
v 0.347633 3.560818 0.015789
v 0.168945 3.663693 -0.002585
v 0.170244 3.695722 0.001255
v 0.207463 3.783130 -0.086698
v 0.168945 3.663693 -0.002585
v 0.378068 3.665251 -0.234652
v 0.173516 3.713217 -0.189405
v 0.272841 3.691953 -0.205298
v 0.258627 3.644521 -0.210995
v 0.351990 3.582828 -0.221394
v 0.172272 3.681005 -0.191176
v 0.172272 3.681005 -0.191176
v -0.356639 3.648079 -0.096083
v -0.373289 3.639588 0.043834
v -0.347638 3.560818 0.015789
v -0.368561 3.747162 -0.087304
v -0.378073 3.665251 -0.234652
v -0.351995 3.582828 -0.221394
v -0.368561 3.747162 -0.087304
v -0.291122 3.766790 -0.086810
v -0.373289 3.639588 0.043834
v -0.269030 3.671507 0.016295
v -0.254645 3.623881 0.013302
v -0.347638 3.560818 0.015789
v -0.168950 3.663693 -0.002585
v -0.170249 3.695722 0.001255
v -0.207468 3.783130 -0.086698
v -0.168950 3.663693 -0.002585
v -0.378073 3.665251 -0.234652
v -0.173521 3.713217 -0.189405
v -0.272845 3.691953 -0.205298
v -0.258632 3.644521 -0.210995
v -0.351995 3.582828 -0.221394
v -0.172277 3.681005 -0.191176
v -0.172277 3.681005 -0.191176
v 0.083583 3.664731 -0.378503
v -0.000002 3.720728 -0.458497
v -0.000002 3.659471 -0.437493
v 0.090917 3.734132 -0.395369
v 0.164399 3.762568 -0.258617
v 0.090159 3.788445 -0.242413
v 0.186366 3.782815 -0.105544
v 0.095365 3.821251 -0.104863
v 0.050868 3.760140 -0.363670
v 0.145675 3.683373 -0.239398
v 0.216821 3.670383 -0.129582
v 0.228267 3.675245 -0.061934
v 0.228342 3.767642 -0.051689
v 0.055317 3.580176 -0.327145
v 0.112741 3.603803 -0.230409
v 0.233826 3.675605 -0.022177
v 0.116610 3.737021 -0.028187
v 0.042371 3.794851 -0.385959
v 0.069248 3.838279 -0.258148
v -0.000002 3.784509 -0.422466
v -0.000002 3.829801 -0.432466
v 0.067102 3.882395 -0.118577
v 0.083135 3.508751 -0.227291
v 0.045669 3.456523 -0.270904
v 0.021765 3.443928 -0.311370
v 0.027788 3.486885 -0.341254
v -0.000002 3.398891 -0.233009
v -0.000002 3.933007 -0.134746
v -0.000002 3.885063 -0.267166
v -0.000002 3.870668 -0.359562
v -0.000002 3.427393 -0.311912
v 0.021765 3.443928 -0.311370
v -0.069253 3.838279 -0.258148
v -0.042375 3.794851 -0.385959
v -0.090163 3.788445 -0.242412
v -0.050873 3.760140 -0.363670
v -0.090922 3.734132 -0.395369
v -0.164404 3.762568 -0.258617
v -0.186371 3.782815 -0.105544
v -0.095370 3.821251 -0.104863
v -0.083588 3.664731 -0.378503
v -0.157770 3.683373 -0.239398
v -0.216826 3.670383 -0.129582
v -0.228271 3.675245 -0.061934
v -0.228347 3.767642 -0.051689
v -0.055322 3.580176 -0.327145
v -0.124836 3.603803 -0.230409
v -0.233831 3.675605 -0.022177
v -0.116615 3.737021 -0.028187
v -0.083140 3.508751 -0.227291
v -0.045674 3.456523 -0.270904
v -0.021770 3.443927 -0.311370
v -0.027793 3.486885 -0.341254
v -0.000002 3.604060 -0.393870
v -0.000002 3.494478 -0.372189
v 0.027788 3.486885 -0.341254
v -0.000002 3.494478 -0.372189
v -0.027793 3.486885 -0.341254
v -0.021770 3.443927 -0.311370
v -0.121132 3.830000 -0.071346
v -0.095370 3.821251 -0.104863
v 0.095365 3.821251 -0.104863
v 0.121127 3.830000 -0.071346
v 0.116610 3.737021 -0.028187
v 0.108914 3.694969 -0.067530
v 0.121127 3.830000 -0.071346
v 0.108706 3.695563 -0.026153
v 0.073688 3.686840 -0.113646
v 0.095365 3.821251 -0.104863
v -0.000002 3.663996 -0.129843
v 0.095365 3.821251 -0.104863
v -0.000002 3.840575 -0.101259
v -0.095370 3.821251 -0.104863
v -0.073693 3.686840 -0.113646
v 0.067102 3.882395 -0.118577
v 0.095365 3.821251 -0.104863
v -0.000002 3.890772 -0.113982
v -0.000002 3.933007 -0.134746
v -0.067107 3.882395 -0.118577
v -0.095370 3.821251 -0.104863
v -0.121132 3.830000 -0.071346
v -0.108918 3.694969 -0.067530
v -0.116615 3.737021 -0.028187
v -0.108711 3.695563 -0.026153
v -0.095370 3.821251 -0.104863
v 0.095365 3.821251 -0.104863
v 0.021765 3.443928 -0.311370
v -0.000002 3.553047 -0.279198
v -0.000002 3.427393 -0.311912
v -0.021770 3.443927 -0.311370
v -0.000002 3.553047 -0.279198
v 0.027788 3.486885 -0.341254
v -0.000002 3.553047 -0.279198
v 0.021765 3.443928 -0.311370
v -0.000002 3.750032 -0.385078
v -0.000002 3.494478 -0.372189
v -0.000002 3.553047 -0.279198
v 0.027788 3.486885 -0.341254
v -0.067107 3.882395 -0.118577
v -0.095370 3.821251 -0.104863
v -0.027793 3.486885 -0.341254
v -0.021770 3.443927 -0.311370
v -0.000002 3.553047 -0.279198
v -0.000002 3.494478 -0.372189
v -0.027793 3.486885 -0.341254
v -0.000002 3.553047 -0.279198
v -0.219460 3.446318 -0.153688
v -0.170818 3.423957 -0.208606
v -0.225351 3.489647 -0.315639
v -0.225351 3.489647 -0.315639
v -0.109874 3.522896 -0.337099
v -0.225351 3.489647 -0.315639
v -0.292098 3.419345 -0.161854
v -0.339795 3.525540 -0.295266
v -0.362894 3.496693 -0.149128
v -0.339795 3.525540 -0.295266
v -0.350666 3.643081 -0.137469
v -0.332308 3.614328 -0.302721
v -0.214069 3.688580 -0.141669
v -0.215292 3.647893 -0.327793
v -0.216122 3.629806 -0.311879
v -0.318180 3.601317 -0.295525
v -0.339795 3.525540 -0.295266
v -0.339795 3.525540 -0.295266
v -0.323298 3.528347 -0.280187
v -0.223364 3.504321 -0.299362
v -0.225351 3.489647 -0.315639
v -0.339795 3.525540 -0.295266
v -0.225351 3.489647 -0.315639
v -0.125369 3.528071 -0.318278
v -0.109874 3.522896 -0.337099
v -0.112144 3.612167 -0.343550
v -0.109874 3.522896 -0.337099
v -0.128223 3.603514 -0.324416
v -0.112144 3.612167 -0.343550
v -0.216122 3.629806 -0.311879
v -0.215292 3.647893 -0.327793
v -0.112144 3.612167 -0.343550
v -0.214069 3.688580 -0.141669
v -0.215292 3.647893 -0.327793
v -0.083021 3.637704 -0.152144
v -0.112144 3.612167 -0.343550
v -0.085145 3.501009 -0.168774
v -0.109874 3.522896 -0.337099
v -0.109874 3.522896 -0.337099
v -0.128223 3.603514 -0.324416
v -0.223364 3.504321 -0.299362
v -0.125369 3.528071 -0.318278
v -0.216122 3.629806 -0.311879
v -0.318180 3.601317 -0.295525
v -0.323298 3.528347 -0.280187
v 0.219455 3.446318 -0.153688
v 0.225347 3.489647 -0.315639
v 0.170813 3.423957 -0.208606
v 0.225347 3.489647 -0.315639
v 0.109869 3.522896 -0.337099
v 0.225347 3.489647 -0.315639
v 0.292093 3.419345 -0.161854
v 0.339790 3.525540 -0.295266
v 0.362889 3.496693 -0.149128
v 0.350661 3.643081 -0.137469
v 0.339790 3.525540 -0.295266
v 0.332303 3.614328 -0.302721
v 0.214064 3.688580 -0.141669
v 0.215287 3.647893 -0.327793
v 0.216117 3.629806 -0.311879
v 0.318175 3.601317 -0.295525
v 0.339790 3.525540 -0.295266
v 0.339790 3.525540 -0.295266
v 0.323293 3.528347 -0.280187
v 0.223359 3.504321 -0.299362
v 0.339790 3.525540 -0.295266
v 0.225347 3.489647 -0.315639
v 0.125364 3.528071 -0.318278
v 0.225347 3.489647 -0.315639
v 0.109869 3.522896 -0.337099
v 0.112139 3.612166 -0.343550
v 0.128218 3.603514 -0.324416
v 0.109869 3.522896 -0.337099
v 0.216117 3.629806 -0.311879
v 0.112139 3.612166 -0.343550
v 0.215287 3.647893 -0.327793
v 0.112139 3.612166 -0.343550
v 0.214064 3.688580 -0.141669
v 0.083016 3.637704 -0.152144
v 0.215287 3.647893 -0.327793
v 0.085140 3.501009 -0.168774
v 0.112139 3.612166 -0.343550
v 0.109869 3.522896 -0.337099
v 0.109869 3.522896 -0.337099
v 0.128218 3.603514 -0.324416
v 0.223359 3.504321 -0.299362
v 0.216117 3.629806 -0.311879
v 0.125364 3.528071 -0.318278
v 0.318175 3.601317 -0.295525
v 0.323293 3.528347 -0.280187
v 0.437329 3.495117 -0.378522
v 0.306452 3.624259 -0.390631
v 0.334052 3.500626 -0.295848
v 0.346288 3.696624 -0.449706
v 0.273554 3.694388 -0.407557
v 0.405346 3.707368 -0.479439
v 0.405346 3.707368 -0.479439
v 0.418163 3.826976 -0.272291
v 0.346288 3.696624 -0.449706
v 0.294495 3.770390 -0.254853
v 0.317362 3.719130 -0.109884
v 0.390162 3.738334 -0.108995
v 0.273554 3.694388 -0.407557
v 0.306452 3.624259 -0.390631
v 0.273554 3.694388 -0.407557
v 0.353622 3.623496 -0.261934
v 0.334052 3.500626 -0.295848
v 0.356737 3.485303 -0.238589
v 0.360587 3.514097 -0.113765
v 0.337578 3.627536 -0.050520
v 0.294495 3.770390 -0.254853
v 0.317362 3.719130 -0.109884
v 0.334052 3.500626 -0.295848
v 0.449844 3.485301 -0.156607
v 0.437329 3.495117 -0.378522
v 0.356737 3.485303 -0.238589
v 0.360587 3.514097 -0.113765
v 0.372234 3.595200 0.059570
v 0.412778 3.561716 0.138726
v 0.386163 3.512173 0.023177
v 0.438641 3.608575 0.024735
v 0.443443 3.524311 -0.011281
v 0.448507 3.320540 0.013205
v 0.423524 3.703937 0.005785
v 0.367997 3.719524 0.017827
v 0.410641 3.654596 0.140522
v 0.369633 3.737771 -0.192209
v 0.419367 3.713591 -0.177427
v 0.433498 3.580754 -0.210284
v 0.388012 3.578522 -0.230700
v 0.440875 3.396585 -0.197692
v 0.398502 3.429842 -0.216685
v 0.410032 3.490908 -0.381544
v 0.430219 3.483002 -0.386764
v 0.440875 3.396585 -0.197692
v 0.396166 3.599015 -0.420275
v 0.415049 3.594020 -0.427384
v 0.463760 3.745007 -0.199406
v 0.486184 3.729150 0.005059
v 0.512134 3.605746 0.045625
v 0.482232 3.658179 0.147645
v 0.476219 3.585182 -0.237309
v 0.440875 3.396585 -0.197692
v 0.482129 3.436046 -0.222866
v 0.440875 3.396585 -0.197692
v 0.449214 3.493945 -0.384774
v 0.420350 3.701125 -0.501206
v 0.444473 3.785255 0.151137
v 0.432030 3.843595 0.021052
v 0.422497 3.881331 -0.126196
v 0.420222 3.850431 0.024256
v 0.407214 3.894659 -0.111302
v 0.391180 3.880195 -0.127912
v 0.405902 3.839802 0.018632
v 0.420224 3.782714 0.153528
v 0.431510 3.795304 0.152832
v 0.434782 3.600599 -0.424155
v 0.382299 3.700995 -0.496675
v 0.368747 3.951274 -0.444331
v 0.399878 3.698911 -0.505674
v 0.382644 3.953565 -0.454113
v 0.380618 4.375602 -0.348885
v 0.395306 4.385324 -0.364925
v 0.372142 4.354896 -0.271066
v 0.390570 3.981768 -0.169256
v 0.400820 3.952780 -0.448723
v 0.415298 4.375453 -0.357157
v 0.430175 4.356809 -0.282270
v 0.400027 4.363839 -0.278010
v 0.413148 3.981504 -0.171614
v 0.403277 3.969811 -0.150823
v 0.403277 3.969811 -0.150823
v 0.448507 3.320540 0.013205
v 0.467968 3.308982 0.009107
v 0.482641 3.321310 0.009217
v 0.467968 3.308982 0.009107
v 0.482641 3.321310 0.009217
v 0.514802 3.522611 0.009566
v 0.493685 3.570350 0.138144
v 0.478313 3.463258 0.140849
v 0.467968 3.308982 0.009107
v 0.469024 3.440490 0.141935
v 0.467968 3.308982 0.009107
v 0.482641 3.321310 0.009217
v 0.455609 3.463439 0.142995
v 0.448507 3.320540 0.013205
v 0.467968 3.308982 0.009107
v 0.410753 4.308224 -0.077783
v 0.390570 3.981768 -0.169256
v 0.397202 4.305728 -0.096457
v 0.403277 3.969811 -0.150823
v 0.400027 4.363839 -0.278010
v 0.430175 4.356809 -0.282270
v 0.423192 4.305252 -0.096668
v 0.403277 3.969811 -0.150823
v 0.413148 3.981504 -0.171614
v 0.403277 3.969811 -0.150823
v 0.372142 4.354896 -0.271066
v 0.454306 3.505015 0.229663
v 0.458528 3.625762 0.273196
v 0.468207 3.486447 0.237878
v 0.443411 3.629613 0.265148
v 0.440576 3.764429 0.299135
v 0.431002 3.742458 0.288284
v 0.478174 3.507804 0.233605
v 0.470307 3.632597 0.260254
v 0.453615 3.742667 0.285944
v 0.440576 3.764429 0.299135
v 0.469024 3.440490 0.141935
v 0.454306 3.505015 0.229663
v 0.468207 3.486447 0.237878
v 0.455609 3.463439 0.142995
v 0.412778 3.561716 0.138726
v 0.443411 3.629613 0.265148
v 0.410641 3.654596 0.140522
v 0.431002 3.742458 0.288284
v 0.420224 3.782714 0.153528
v 0.440576 3.764429 0.299135
v 0.431510 3.795304 0.152832
v 0.440576 3.764429 0.299135
v 0.444473 3.785255 0.151137
v 0.482232 3.658179 0.147645
v 0.453615 3.742667 0.285944
v 0.440576 3.764429 0.299135
v 0.470307 3.632597 0.260254
v 0.493685 3.570350 0.138144
v 0.478174 3.507804 0.233605
v 0.478313 3.463258 0.140849
v 0.469024 3.440490 0.141935
v 0.468207 3.486447 0.237878
vt 0.6013 0.6376
vt 0.6048 0.6115
vt 0.6109 0.6273
vt 0.6143 0.6561
vt 0.6012 0.6391
vt 0.6214 0.6547
vt 0.6180 0.6253
vt 0.6241 0.6679
vt 0.6176 0.6687
vt 0.5941 0.6703
vt 0.5943 0.6697
vt 0.6083 0.7062
vt 0.5846 0.6962
vt 0.5848 0.7018
vt 0.6106 0.7086
vt 0.6124 0.6091
vt 0.6048 0.6115
vt 0.6109 0.6273
vt 0.6143 0.6561
vt 0.6176 0.6687
vt 0.6083 0.7062
vt 0.6106 0.7086
vt 0.6214 0.6547
vt 0.6180 0.6253
vt 0.6241 0.6679
vt 0.6124 0.6091
vt 0.6048 0.6115
vt 0.9759 0.3461
vt 0.9585 0.3194
vt 0.9764 0.3206
vt 0.9777 0.2964
vt 0.9773 0.2982
vt 0.9759 0.3461
vt 0.9433 0.3426
vt 0.9791 0.3572
vt 0.9491 0.3134
vt 0.9773 0.2982
vt 0.9318 0.3407
vt 0.9791 0.3572
vt 0.9470 0.3661
vt 0.9668 0.3745
vt 0.9322 0.3490
vt 0.9385 0.3723
vt 0.9612 0.3852
vt 0.9835 0.3849
vt 0.9862 0.3884
vt 0.9835 0.3849
vt 0.9848 0.3683
vt 0.9862 0.3884
vt 0.9791 0.3572
vt 0.9835 0.3849
vt 0.9791 0.3572
vt 0.9852 0.3563
vt 0.9759 0.3461
vt 0.9791 0.3572
vt 0.9861 0.3299
vt 0.9764 0.3206
vt 0.9759 0.3461
vt 0.9773 0.2982
vt 0.9777 0.2964
vt 0.1328 0.2613
vt 0.1857 0.2904
vt 0.1439 0.2553
vt 0.1868 0.2457
vt 0.2709 0.2359
vt 0.2704 0.2777
vt 0.3090 0.2213
vt 0.3595 0.2585
vt 0.1313 0.2796
vt 0.1426 0.2862
vt 0.3996 0.2347
vt 0.3280 0.2141
vt 0.3471 0.2067
vt 0.4398 0.2109
vt 0.4197 0.1643
vt 0.4626 0.1674
vt 0.4453 0.1596
vt 0.4523 0.1322
vt 0.4197 0.1643
vt 0.4626 0.1674
vt 0.4398 0.2109
vt 0.3471 0.2067
vt 0.3996 0.2347
vt 0.3280 0.2141
vt 0.3090 0.2213
vt 0.3595 0.2585
vt 0.2704 0.2777
vt 0.2709 0.2359
vt 0.1857 0.2904
vt 0.1868 0.2457
vt 0.1439 0.2553
vt 0.1328 0.2613
vt 0.1313 0.2796
vt 0.1426 0.2862
vt 0.4523 0.1322
vt 0.2215 0.5217
vt 0.2576 0.5079
vt 0.2251 0.5159
vt 0.1744 0.5260
vt 0.1737 0.5279
vt 0.1106 0.5376
vt 0.4961 0.3450
vt 0.4870 0.2990
vt 0.4718 0.3052
vt 0.4446 0.3164
vt 0.4317 0.3558
vt 0.3993 0.3350
vt 0.3778 0.3691
vt 0.2992 0.3703
vt 0.2935 0.3858
vt 0.1909 0.3880
vt 0.1877 0.4050
vt 0.1467 0.3831
vt 0.1384 0.3998
vt 0.1048 0.3784
vt 0.0983 0.3928
vt 0.4718 0.3052
vt 0.4446 0.3164
vt 0.4317 0.3558
vt 0.3993 0.3350
vt 0.3778 0.3691
vt 0.2992 0.3703
vt 0.2935 0.3858
vt 0.1909 0.3880
vt 0.1877 0.4050
vt 0.1467 0.3831
vt 0.1384 0.3998
vt 0.1048 0.3784
vt 0.0983 0.3928
vt 0.3430 0.4398
vt 0.2915 0.4352
vt 0.2912 0.4507
vt 0.3982 0.4152
vt 0.4041 0.4256
vt 0.4531 0.4089
vt 0.4610 0.4211
vt 0.4835 0.4220
vt 0.2012 0.4541
vt 0.1986 0.4732
vt 0.1477 0.4521
vt 0.1455 0.4808
vt 0.1020 0.4501
vt 0.1259 0.4800
vt 0.4946 0.4224
vt 0.4785 0.4094
vt 0.1065 0.4793
vt 0.5053 0.4228
vt 0.4942 0.4097
vt 0.5094 0.4100
vt 0.4942 0.4097
vt 0.4785 0.4094
vt 0.4946 0.4224
vt 0.4531 0.4089
vt 0.4835 0.4220
vt 0.4610 0.4211
vt 0.4041 0.4256
vt 0.3982 0.4152
vt 0.3430 0.4398
vt 0.2915 0.4352
vt 0.2912 0.4507
vt 0.2012 0.4541
vt 0.1986 0.4732
vt 0.1477 0.4521
vt 0.1455 0.4808
vt 0.1020 0.4501
vt 0.1259 0.4800
vt 0.1065 0.4793
vt 0.2943 0.4597
vt 0.1990 0.4802
vt 0.2873 0.5278
vt 0.2003 0.5470
vt 0.2260 0.5586
vt 0.2787 0.5785
vt 0.3052 0.5887
vt 0.3409 0.5946
vt 0.3457 0.5712
vt 0.2322 0.5887
vt 0.2191 0.6083
vt 0.1356 0.5740
vt 0.2536 0.6068
vt 0.3349 0.6327
vt 0.2577 0.6342
vt 0.3204 0.6765
vt 0.3670 0.6448
vt 0.3527 0.6813
vt 0.2541 0.6793
vt 0.2579 0.6998
vt 0.3187 0.6998
vt 0.1959 0.6461
vt 0.2118 0.6833
vt 0.1722 0.6596
vt 0.3906 0.6130
vt 0.4350 0.6010
vt 0.4088 0.5848
vt 0.4829 0.5900
vt 0.3469 0.6998
vt 0.1081 0.5899
vt 0.1009 0.4985
vt 0.2309 0.7032
vt 0.0799 0.4995
vt 0.0534 0.5301
vt 0.0216 0.5094
vt 0.1481 0.4987
vt 0.1457 0.4861
vt 0.1232 0.4923
vt 0.0799 0.4995
vt 0.0216 0.5094
vt 0.1009 0.4985
vt 0.0928 0.4444
vt 0.0709 0.4866
vt 0.0699 0.4521
vt 0.0781 0.4077
vt 0.0925 0.4833
vt 0.0447 0.4434
vt 0.0207 0.4694
vt 0.0216 0.5094
vt 0.0206 0.4351
vt 0.0498 0.3965
vt 0.0210 0.3956
vt 0.0447 0.4434
vt 0.0498 0.3965
vt 0.0210 0.3956
vt 0.0699 0.4521
vt 0.0781 0.4077
vt 0.0928 0.4444
vt 0.0709 0.4866
vt 0.0925 0.4833
vt 0.0216 0.5094
vt 0.0216 0.5094
vt 0.0957 0.3997
vt 0.1471 0.4453
vt 0.1343 0.4053
vt 0.2012 0.4471
vt 0.1886 0.4131
vt 0.2924 0.3943
vt 0.2896 0.4251
vt 0.3729 0.3848
vt 0.3962 0.4105
vt 0.4496 0.4050
vt 0.4348 0.3613
vt 0.4777 0.4048
vt 0.4951 0.4044
vt 0.4988 0.3503
vt 0.5118 0.4040
vt 0.4951 0.4044
vt 0.4348 0.3613
vt 0.4777 0.4048
vt 0.4496 0.4050
vt 0.3729 0.3848
vt 0.3962 0.4105
vt 0.2896 0.4251
vt 0.2924 0.3943
vt 0.2012 0.4471
vt 0.1886 0.4131
vt 0.1343 0.4053
vt 0.1471 0.4453
vt 0.0957 0.3997
vt 0.0781 0.4077
vt 0.0910 0.3590
vt 0.0607 0.3789
vt 0.0656 0.3451
vt 0.1000 0.3197
vt 0.0210 0.3569
vt 0.0210 0.3956
vt 0.0498 0.3965
vt 0.0781 0.4077
vt 0.0432 0.3103
vt 0.0456 0.2839
vt 0.0717 0.2940
vt 0.1000 0.3197
vt 0.0980 0.3034
vt 0.1295 0.3106
vt 0.1421 0.3243
vt 0.0751 0.2614
vt 0.1463 0.3763
vt 0.1848 0.3294
vt 0.1913 0.3822
vt 0.2973 0.3656
vt 0.1012 0.3704
vt 0.1847 0.3110
vt 0.1397 0.2923
vt 0.1857 0.2934
vt 0.2719 0.2831
vt 0.2813 0.3007
vt 0.3607 0.2639
vt 0.1848 0.3294
vt 0.3743 0.2813
vt 0.2846 0.3224
vt 0.3825 0.3001
vt 0.4068 0.2899
vt 0.1848 0.3294
vt 0.3977 0.3303
vt 0.4032 0.2402
vt 0.4214 0.2628
vt 0.4545 0.2478
vt 0.4457 0.2165
vt 0.4470 0.2727
vt 0.4448 0.3101
vt 0.4731 0.2980
vt 0.4724 0.2619
vt 0.4889 0.2912
vt 0.4703 0.1684
vt 0.4673 0.2420
vt 0.4765 0.1562
vt 0.4703 0.1684
vt 0.4731 0.2980
vt 0.4470 0.2727
vt 0.4448 0.3101
vt 0.4068 0.2899
vt 0.3825 0.3001
vt 0.3743 0.2813
vt 0.2846 0.3224
vt 0.2813 0.3007
vt 0.1848 0.3294
vt 0.2973 0.3656
vt 0.3977 0.3303
vt 0.3607 0.2639
vt 0.2719 0.2831
vt 0.1847 0.3110
vt 0.1857 0.2934
vt 0.1397 0.2923
vt 0.1295 0.3106
vt 0.1848 0.3294
vt 0.4032 0.2402
vt 0.4214 0.2628
vt 0.4545 0.2478
vt 0.4457 0.2165
vt 0.1421 0.3243
vt 0.1000 0.3197
vt 0.0980 0.3034
vt 0.0717 0.2940
vt 0.0656 0.3451
vt 0.0456 0.2839
vt 0.0432 0.3103
vt 0.0751 0.2614
vt 0.1463 0.3763
vt 0.1848 0.3294
vt 0.1913 0.3822
vt 0.1012 0.3704
vt 0.0607 0.3789
vt 0.0910 0.3590
vt 0.0781 0.4077
vt 0.0210 0.3956
vt 0.0498 0.3965
vt 0.1000 0.3197
vt 0.0781 0.4077
vt 0.0211 0.3056
vt 0.0208 0.2744
vt 0.0456 0.2839
vt 0.0456 0.2839
vt 0.0211 0.3056
vt 0.0896 0.3891
vt 0.0910 0.3590
vt 0.0910 0.3590
vt 0.1000 0.3197
vt 0.0498 0.3965
vt 0.0208 0.2744
vt 0.0456 0.2839
vt 0.3335 0.0573
vt 0.2806 0.0141
vt 0.3143 0.0806
vt 0.3775 0.1163
vt 0.2943 0.1490
vt 0.2826 0.1210
vt 0.1873 0.1428
vt 0.1938 0.1180
vt 0.2920 0.1002
vt 0.2624 0.0611
vt 0.2617 0.0431
vt 0.2806 0.0141
vt 0.1848 0.0653
vt 0.1905 0.0863
vt 0.3473 0.0443
vt 0.3616 0.0142
vt 0.4017 0.1162
vt 0.3930 0.0396
vt 0.4517 0.1259
vt 0.4156 0.1573
vt 0.3831 0.1519
vt 0.3453 0.1989
vt 0.3541 0.1717
vt 0.1968 0.0136
vt 0.1686 0.0414
vt 0.1431 0.0711
vt 0.1351 0.0365
vt 0.1188 0.0719
vt 0.1118 0.0290
vt 0.0824 0.0577
vt 0.0620 0.0897
vt 0.1142 0.1158
vt 0.1325 0.1253
vt 0.1485 0.1713
vt 0.1249 0.1557
vt 0.0856 0.1703
vt 0.0937 0.2003
vt 0.0414 0.1796
vt 0.0563 0.2091
vt 0.0588 0.1231
vt 0.1676 0.2239
vt 0.2646 0.2154
vt 0.1865 0.2362
vt 0.2709 0.2297
vt 0.1433 0.2488
vt 0.1226 0.2329
vt 0.3081 0.2143
vt 0.2965 0.2023
vt 0.3284 0.1892
vt 0.3266 0.2066
vt 0.0786 0.2288
vt 0.0374 0.2209
vt 0.1086 0.2424
vt 0.0786 0.2288
vt 0.1316 0.2562
vt 0.1273 0.2772
vt 0.1080 0.2877
vt 0.0552 0.2315
vt 0.0205 0.2406
vt 0.0525 0.2503
vt 0.0751 0.2614
vt 0.0498 0.2691
vt 0.0208 0.2744
vt 0.0456 0.2839
vt 0.0786 0.2288
vt 0.0456 0.2839
vt 0.1080 0.2877
vt 0.0980 0.3034
vt 0.0204 0.2109
vt 0.0563 0.2091
vt 0.0937 0.2003
vt 0.0856 0.1703
vt 0.1485 0.1713
vt 0.1249 0.1557
vt 0.1142 0.1158
vt 0.1325 0.1253
vt 0.1873 0.1428
vt 0.1188 0.0719
vt 0.1351 0.0365
vt 0.1431 0.0711
vt 0.1686 0.0414
vt 0.1848 0.0653
vt 0.1938 0.1180
vt 0.2826 0.1210
vt 0.2943 0.1490
vt 0.3143 0.0806
vt 0.3775 0.1163
vt 0.2920 0.1002
vt 0.2624 0.0611
vt 0.2617 0.0431
vt 0.1905 0.0863
vt 0.3831 0.1519
vt 0.3541 0.1717
vt 0.3453 0.1989
vt 0.4156 0.1573
vt 0.4017 0.1162
vt 0.4517 0.1259
vt 0.3930 0.0396
vt 0.3473 0.0443
vt 0.3335 0.0573
vt 0.2806 0.0141
vt 0.3284 0.1892
vt 0.3266 0.2066
vt 0.3081 0.2143
vt 0.2965 0.2023
vt 0.2646 0.2154
vt 0.2709 0.2297
vt 0.1865 0.2362
vt 0.1676 0.2239
vt 0.1433 0.2488
vt 0.1226 0.2329
vt 0.1086 0.2424
vt 0.0786 0.2288
vt 0.1316 0.2562
vt 0.1273 0.2772
vt 0.1080 0.2877
vt 0.1080 0.2877
vt 0.0751 0.2614
vt 0.0980 0.3034
vt 0.0980 0.3034
vt 0.1080 0.2877
vt 0.0786 0.2288
vt 0.0374 0.2209
vt 0.0552 0.2315
vt 0.0525 0.2503
vt 0.0786 0.2288
vt 0.0751 0.2614
vt 0.0498 0.2691
vt 0.0208 0.2744
vt 0.0456 0.2839
vt 0.0456 0.2839
vt 0.8727 0.7477
vt 0.8727 0.7187
vt 0.8374 0.7438
vt 0.8601 0.7144
vt 0.8986 0.7465
vt 0.8914 0.7153
vt 0.9231 0.7217
vt 0.9087 0.7053
vt 0.9144 0.6894
vt 0.9215 0.7435
vt 0.9194 0.6801
vt 0.9232 0.7194
vt 0.9239 0.6776
vt 0.9194 0.6801
vt 0.8986 0.7465
vt 0.8914 0.7153
vt 0.9087 0.7053
vt 0.9144 0.6894
vt 0.8727 0.7187
vt 0.8727 0.7477
vt 0.8374 0.7438
vt 0.8601 0.7144
vt 0.4759 0.1538
vt 0.4858 0.1355
vt 0.5022 0.1053
vt 0.5022 0.1053
vt 0.4325 0.0143
vt 0.4325 0.0143
vt 0.5022 0.1053
vt 0.4325 0.0143
vt 0.4325 0.0143
vt 0.0910 0.3590
vt 0.0896 0.3891
vt 0.1000 0.3197
vt 0.0910 0.3590
vt 0.0498 0.3965
vt 0.4693 0.4408
vt 0.4621 0.4266
vt 0.4091 0.4413
vt 0.4041 0.4291
vt 0.4854 0.4408
vt 0.4839 0.4266
vt 0.3441 0.4449
vt 0.4938 0.4408
vt 0.4946 0.4266
vt 0.5009 0.4408
vt 0.5049 0.4267
vt 0.4946 0.4266
vt 0.4938 0.4408
vt 0.4839 0.4266
vt 0.4854 0.4408
vt 0.4621 0.4266
vt 0.4693 0.4408
vt 0.4091 0.4413
vt 0.4041 0.4291
vt 0.3441 0.4449
vt 0.2806 0.0141
vt 0.1411 0.0135
vt 0.1080 0.2877
vt 0.0751 0.2614
vt 0.0980 0.3034
vt 0.9585 0.3194
vt 0.9759 0.3461
vt 0.9764 0.3206
vt 0.9777 0.2964
vt 0.9773 0.2982
vt 0.9759 0.3461
vt 0.9433 0.3426
vt 0.9791 0.3572
vt 0.9491 0.3134
vt 0.9773 0.2982
vt 0.9318 0.3407
vt 0.9470 0.3661
vt 0.9791 0.3572
vt 0.9668 0.3745
vt 0.9322 0.3490
vt 0.9385 0.3723
vt 0.9612 0.3852
vt 0.9835 0.3849
vt 0.9862 0.3884
vt 0.9835 0.3849
vt 0.9835 0.3849
vt 0.9862 0.3884
vt 0.9791 0.3572
vt 0.9848 0.3683
vt 0.9791 0.3572
vt 0.9791 0.3572
vt 0.9759 0.3461
vt 0.9852 0.3563
vt 0.9759 0.3461
vt 0.9764 0.3206
vt 0.9861 0.3299
vt 0.9773 0.2982
vt 0.9777 0.2964
vt 0.2576 0.5079
vt 0.2215 0.5217
vt 0.2251 0.5159
vt 0.1744 0.5260
vt 0.1737 0.5279
vt 0.1106 0.5376
vt 0.2003 0.5470
vt 0.1990 0.4802
vt 0.2873 0.5278
vt 0.2943 0.4597
vt 0.2260 0.5586
vt 0.2787 0.5785
vt 0.3052 0.5887
vt 0.3409 0.5946
vt 0.3457 0.5712
vt 0.2322 0.5887
vt 0.2191 0.6083
vt 0.1356 0.5740
vt 0.2536 0.6068
vt 0.3349 0.6327
vt 0.2577 0.6342
vt 0.3204 0.6765
vt 0.2541 0.6793
vt 0.2579 0.6998
vt 0.3187 0.6998
vt 0.1959 0.6461
vt 0.3906 0.6130
vt 0.4088 0.5848
vt 0.1481 0.4987
vt 0.1457 0.4861
vt 0.1232 0.4923
vt 0.2806 0.0141
vt 0.0211 0.3056
vt 0.0456 0.2839
vt 0.9705 0.2491
vt 0.9692 0.2772
vt 0.9529 0.2717
vt 0.9620 0.2283
vt 0.9728 0.2292
vt 0.9506 0.2274
vt 0.6125 0.3907
vt 0.6173 0.4433
vt 0.6035 0.4432
vt 0.6317 0.3930
vt 0.6335 0.3810
vt 0.6276 0.3776
vt 0.6302 0.4434
vt 0.6144 0.0079
vt 0.6189 0.0112
vt 0.6144 0.0108
vt 0.6163 0.0145
vt 0.6189 0.0148
vt 0.6222 0.0146
vt 0.6243 0.0120
vt 0.6204 0.0064
vt 0.6233 0.0088
vt 0.7841 0.2928
vt 0.7836 0.3225
vt 0.7717 0.3165
vt 0.7739 0.3031
vt 0.7741 0.2860
vt 0.5363 0.6209
vt 0.5647 0.6451
vt 0.5590 0.6138
vt 0.5797 0.6187
vt 0.5841 0.6516
vt 0.5561 0.6958
vt 0.5826 0.5975
vt 0.5805 0.5756
vt 0.5407 0.5899
vt 0.6565 0.5853
vt 0.6347 0.6041
vt 0.6401 0.6459
vt 0.6595 0.6448
vt 0.6280 0.7066
vt 0.6499 0.6920
vt 0.6980 0.6899
vt 0.7109 0.7045
vt 0.6280 0.7066
vt 0.7124 0.6551
vt 0.7262 0.6663
vt 0.6565 0.5853
vt 0.5805 0.5756
vt 0.5590 0.6138
vt 0.5407 0.5899
vt 0.5647 0.6451
vt 0.5363 0.6209
vt 0.5555 0.6995
vt 0.5436 0.5438
vt 0.5904 0.5400
vt 0.6443 0.5412
vt 0.5904 0.5281
vt 0.6276 0.5274
vt 0.6443 0.5412
vt 0.5904 0.5400
vt 0.5436 0.5438
vt 0.5435 0.5293
vt 0.7350 0.6263
vt 0.7363 0.5438
vt 0.7527 0.6331
vt 0.7524 0.5433
vt 0.7359 0.3827
vt 0.7514 0.3631
vt 0.7181 0.3825
vt 0.6615 0.5145
vt 0.7350 0.6263
vt 0.7363 0.5438
vt 0.6595 0.6448
vt 0.6280 0.7066
vt 0.6499 0.6920
vt 0.6980 0.6899
vt 0.6280 0.7066
vt 0.7124 0.6551
vt 0.7359 0.3827
vt 0.6615 0.5141
vt 0.7181 0.3825
vt 0.7181 0.3628
vt 0.6443 0.5020
vt 0.6443 0.5020
vt 0.5526 0.7166
vt 0.5561 0.6958
vt 0.5526 0.7166
vt 0.5555 0.6995
vt 0.5555 0.6995
vt 0.5526 0.7166
vt 0.5326 0.6533
vt 0.5181 0.6751
vt 0.5526 0.7166
vt 0.5526 0.7166
vt 0.5326 0.6533
vt 0.5561 0.6958
vt 0.6422 0.4697
vt 0.6585 0.4727
vt 0.6437 0.3643
vt 0.6612 0.3767
vt 0.7129 0.3639
vt 0.7061 0.3766
vt 0.6612 0.3767
vt 0.6422 0.4697
vt 0.6585 0.4727
vt 0.6422 0.4697
vt 0.7061 0.3766
vt 0.0349 0.1113
vt 0.0275 0.1099
vt 0.0213 0.1754
vt 0.0151 0.1788
vt 0.0151 0.0426
vt 0.0273 0.0485
vt 0.0213 0.1754
vt 0.0349 0.1113
vt 0.0151 0.0426
vt 0.0273 0.0485
vt 0.5222 0.6466
vt 0.4927 0.6366
vt 0.5114 0.6659
vt 0.4927 0.6370
vt 0.5265 0.6190
vt 0.5002 0.5872
vt 0.5331 0.5897
vt 0.5039 0.5416
vt 0.5340 0.5442
vt 0.5055 0.5274
vt 0.5055 0.5274
vt 0.5361 0.5300
vt 0.5340 0.5442
vt 0.5039 0.5416
vt 0.5331 0.5897
vt 0.5055 0.5274
vt 0.5002 0.5872
vt 0.5265 0.6190
vt 0.4927 0.6366
vt 0.5222 0.6466
vt 0.5114 0.6659
vt 0.4927 0.6370
vt 0.5005 0.2379
vt 0.5120 0.2376
vt 0.5002 0.2075
vt 0.5098 0.2062
vt 0.5005 0.2379
vt 0.5002 0.2075
vt 0.4890 0.2377
vt 0.4905 0.2072
vt 0.4814 0.2372
vt 0.4842 0.2059
vt 0.4890 0.2377
vt 0.4905 0.2072
vt 0.4970 0.1861
vt 0.4970 0.1861
vt 0.4970 0.1861
vt 0.4970 0.1861
vt 0.4970 0.2514
vt 0.8528 0.9843
vt 0.8531 0.9958
vt 0.8831 0.9840
vt 0.8844 0.9936
vt 0.8528 0.9843
vt 0.8831 0.9840
vt 0.8530 0.9728
vt 0.8834 0.9743
vt 0.8534 0.9652
vt 0.8848 0.9680
vt 0.8530 0.9728
vt 0.8834 0.9743
vt 0.9045 0.9808
vt 0.9045 0.9808
vt 0.9045 0.9808
vt 0.9045 0.9808
vt 0.9045 0.9808
vt 0.8393 0.9808
vt 0.9045 0.9808
vt 0.0176 0.9325
vt 0.0216 0.9415
vt 0.0243 0.9414
vt 0.0048 0.9337
vt 0.0046 0.9245
vt 0.0055 0.9479
vt 0.0062 0.9608
vt 0.0252 0.9635
vt 0.0176 0.9325
vt 0.0216 0.9415
vt 0.0243 0.9414
vt 0.0252 0.9635
vt 0.0277 0.9637
vt 0.0283 0.9833
vt 0.0134 0.9900
vt 0.0274 0.9922
vt 0.0322 0.9827
vt 0.0320 0.9960
vt 0.0162 0.9723
vt 0.0252 0.9635
vt 0.0252 0.9635
vt 0.0070 0.9812
vt 0.0083 0.9906
vt 0.0134 0.9900
vt 0.0162 0.9723
vt 0.0283 0.9833
vt 0.0274 0.9922
vt 0.0322 0.9827
vt 0.0320 0.9960
vt 0.0252 0.9635
vt 0.0252 0.9635
vt 0.0277 0.9637
vt 0.4113 0.8998
vt 0.4281 0.8814
vt 0.3858 0.8899
vt 0.3956 0.8630
vt 0.3579 0.8764
vt 0.3628 0.8470
vt 0.4431 0.8542
vt 0.4112 0.8365
vt 0.3801 0.9092
vt 0.4638 0.8236
vt 0.4418 0.8057
vt 0.3760 0.8156
vt 0.3902 0.7739
vt 0.3296 0.8353
vt 0.3373 0.7972
vt 0.3148 0.7926
vt 0.3139 0.8211
vt 0.3119 0.8471
vt 0.3252 0.8655
vt 0.3223 0.8824
vt 0.3512 0.8964
vt 0.3429 0.9280
vt 0.3800 0.9342
vt 0.3024 0.8710
vt 0.3072 0.9167
vt 0.2782 0.9011
vt 0.2768 0.8577
vt 0.2811 0.8765
vt 0.2634 0.8853
vt 0.2941 0.8259
vt 0.2713 0.8367
vt 0.2933 0.8144
vt 0.2960 0.7971
vt 0.2538 0.8645
vt 0.2514 0.8352
vt 0.2653 0.8206
vt 0.2443 0.8151
vt 0.3006 0.7845
vt 0.2761 0.7913
vt 0.2644 0.7720
vt 0.2802 0.7326
vt 0.2672 0.7546
vt 0.3140 0.7433
vt 0.3480 0.7500
vt 0.3140 0.7433
vt 0.2781 0.8077
vt 0.2641 0.8065
vt 0.2477 0.7999
vt 0.2518 0.7735
vt 0.2923 0.7251
vt 0.3206 0.7387
vt 0.2644 0.7720
vt 0.2641 0.8065
vt 0.2761 0.7913
vt 0.3006 0.7845
vt 0.2960 0.7971
vt 0.2802 0.7326
vt 0.2672 0.7546
vt 0.3140 0.7433
vt 0.3148 0.7926
vt 0.2933 0.8144
vt 0.3139 0.8211
vt 0.3296 0.8353
vt 0.3373 0.7972
vt 0.3119 0.8471
vt 0.3252 0.8655
vt 0.3223 0.8824
vt 0.3579 0.8764
vt 0.3512 0.8964
vt 0.3024 0.8710
vt 0.2768 0.8577
vt 0.2811 0.8765
vt 0.2941 0.8259
vt 0.2713 0.8367
vt 0.2653 0.8206
vt 0.3801 0.9092
vt 0.4243 0.9232
vt 0.4496 0.9046
vt 0.4683 0.8781
vt 0.4890 0.8513
vt 0.4113 0.8998
vt 0.3858 0.8899
vt 0.4281 0.8814
vt 0.3956 0.8630
vt 0.3628 0.8470
vt 0.4431 0.8542
vt 0.4112 0.8365
vt 0.4638 0.8236
vt 0.4418 0.8057
vt 0.3760 0.8156
vt 0.3902 0.7739
vt 0.3480 0.7500
vt 0.4330 0.7756
vt 0.4087 0.7628
vt 0.3140 0.7433
vt 0.3206 0.7387
vt 0.2923 0.7251
vt 0.3206 0.7387
vt 0.3510 0.7419
vt 0.2923 0.7251
vt 0.3242 0.7335
vt 0.3480 0.7500
vt 0.3140 0.7433
vt 0.3426 0.9637
vt 0.3461 0.9405
vt 0.3906 0.9650
vt 0.3824 0.9414
vt 0.4061 0.9595
vt 0.3994 0.9418
vt 0.3332 0.9362
vt 0.3938 0.9760
vt 0.4064 0.9749
vt 0.4201 0.9738
vt 0.4120 0.9558
vt 0.4202 0.9316
vt 0.4262 0.9405
vt 0.4261 0.9653
vt 0.4261 0.9752
vt 0.3461 0.9405
vt 0.3906 0.9650
vt 0.3824 0.9414
vt 0.4061 0.9595
vt 0.3994 0.9418
vt 0.4120 0.9558
vt 0.4202 0.9316
vt 0.4262 0.9405
vt 0.4261 0.9653
vt 0.3242 0.7335
vt 0.2923 0.7251
vt 0.3206 0.7387
vt 0.3510 0.7419
vt 0.3480 0.7500
vt 0.3140 0.7433
vt 0.5834 0.4005
vt 0.5843 0.4404
vt 0.5948 0.4005
vt 0.5843 0.4404
vt 0.5280 0.4412
vt 0.5339 0.4005
vt 0.5834 0.4005
vt 0.5254 0.4005
vt 0.5280 0.4412
vt 0.5843 0.4404
vt 0.5280 0.4412
vt 0.2170 0.7919
vt 0.2073 0.8233
vt 0.2228 0.8483
vt 0.2308 0.7971
vt 0.2375 0.8482
vt 0.1982 0.8139
vt 0.2010 0.8392
vt 0.1833 0.8198
vt 0.2264 0.8873
vt 0.2460 0.8889
vt 0.2228 0.8483
vt 0.2170 0.7919
vt 0.2073 0.8233
vt 0.1982 0.8139
vt 0.2010 0.8392
vt 0.1833 0.8198
vt 0.2264 0.8873
vt 0.4564 0.7810
vt 0.4330 0.7756
vt 0.3993 0.7558
vt 0.4087 0.7628
vt 0.4330 0.7756
vt 0.4330 0.7756
vt 0.4087 0.7628
vt 0.4087 0.7628
vt 0.3993 0.7558
vt 0.6296 0.7745
vt 0.6616 0.7660
vt 0.6617 0.7783
vt 0.2543 0.7522
vt 0.1174 0.8795
vt 0.0959 0.9055
vt 0.1030 0.8742
vt 0.0686 0.8975
vt 0.0929 0.8655
vt 0.0578 0.8767
vt 0.1386 0.9060
vt 0.1446 0.8867
vt 0.1785 0.8984
vt 0.1346 0.9399
vt 0.1743 0.9243
vt 0.1760 0.8880
vt 0.2127 0.8769
vt 0.0901 0.9408
vt 0.0144 0.9023
vt 0.0248 0.9340
vt 0.0789 0.9505
vt 0.0614 0.9796
vt 0.0512 0.8585
vt 0.0066 0.8844
vt 0.0890 0.8542
vt 0.0144 0.9023
vt 0.0578 0.8767
vt 0.0686 0.8975
vt 0.0929 0.8655
vt 0.1030 0.8742
vt 0.0959 0.9055
vt 0.1174 0.8795
vt 0.1386 0.9060
vt 0.1446 0.8867
vt 0.1785 0.8984
vt 0.1346 0.9399
vt 0.1743 0.9243
vt 0.1760 0.8880
vt 0.2127 0.8769
vt 0.0901 0.9408
vt 0.0248 0.9340
vt 0.0789 0.9505
vt 0.0614 0.9796
vt 0.2239 0.9598
vt 0.2368 0.9618
vt 0.2239 0.9641
vt 0.2325 0.9683
vt 0.1926 0.9764
vt 0.2476 0.9893
vt 0.2709 0.9803
vt 0.2744 0.9708
vt 0.3096 0.9796
vt 0.2166 0.9350
vt 0.2002 0.9402
vt 0.1933 0.9217
vt 0.1848 0.9291
vt 0.1872 0.9509
vt 0.1681 0.9424
vt 0.1461 0.9531
vt 0.1971 0.9132
vt 0.1926 0.9764
vt 0.1593 0.9780
vt 0.1160 0.9567
vt 0.2903 0.9421
vt 0.2526 0.9341
vt 0.2553 0.9243
vt 0.2204 0.9254
vt 0.1971 0.9132
vt 0.2233 0.9154
vt 0.2002 0.9046
vt 0.1971 0.9132
vt 0.2204 0.9254
vt 0.2166 0.9350
vt 0.2526 0.9341
vt 0.2744 0.9708
vt 0.3096 0.9796
vt 0.2709 0.9803
vt 0.2368 0.9618
vt 0.2476 0.9893
vt 0.2325 0.9683
vt 0.2239 0.9641
vt 0.2239 0.9598
vt 0.1926 0.9764
vt 0.2002 0.9402
vt 0.1933 0.9217
vt 0.1848 0.9291
vt 0.1872 0.9509
vt 0.1681 0.9424
vt 0.1461 0.9531
vt 0.1926 0.9764
vt 0.1593 0.9780
vt 0.1160 0.9567
vt 0.1971 0.9132
vt 0.3240 0.9644
vt 0.5098 0.2062
vt 0.5120 0.2376
vt 0.5002 0.2075
vt 0.5005 0.2379
vt 0.5005 0.2379
vt 0.5002 0.2075
vt 0.4890 0.2377
vt 0.4905 0.2072
vt 0.4814 0.2372
vt 0.4842 0.2059
vt 0.4890 0.2377
vt 0.4905 0.2072
vt 0.4970 0.1861
vt 0.4970 0.1861
vt 0.4970 0.1861
vt 0.4970 0.1861
vt 0.4970 0.2514
vt 0.8844 0.9936
vt 0.8531 0.9958
vt 0.8831 0.9840
vt 0.8528 0.9843
vt 0.8528 0.9843
vt 0.8831 0.9840
vt 0.8530 0.9728
vt 0.8834 0.9743
vt 0.8534 0.9652
vt 0.8848 0.9680
vt 0.8530 0.9728
vt 0.8834 0.9743
vt 0.9045 0.9808
vt 0.9045 0.9808
vt 0.9045 0.9808
vt 0.9045 0.9808
vt 0.9045 0.9808
vt 0.8393 0.9808
vt 0.9045 0.9808
vt 0.5843 0.4404
vt 0.5834 0.4005
vt 0.5948 0.4005
vt 0.5843 0.4404
vt 0.5280 0.4412
vt 0.5339 0.4005
vt 0.5834 0.4005
vt 0.5280 0.4412
vt 0.5254 0.4005
vt 0.5843 0.4404
vt 0.5280 0.4412
vt 0.2781 0.8077
vt 0.4330 0.7756
vt 0.4564 0.7810
vt 0.4330 0.7756
vt 0.4087 0.7628
vt 0.3993 0.7558
vt 0.4087 0.7628
vt 0.3993 0.7558
vt 0.6616 0.7660
vt 0.6296 0.7745
vt 0.6617 0.7783
vt 0.8366 0.7145
vt 0.8337 0.7051
vt 0.8078 0.7574
vt 0.8074 0.7108
vt 0.8424 0.7197
vt 0.8337 0.7051
vt 0.8417 0.7076
vt 0.8076 0.7622
vt 0.8078 0.7574
vt 0.8312 0.6981
vt 0.8110 0.7003
vt 0.8074 0.7108
vt 0.8337 0.7051
vt 0.7974 0.7154
vt 0.8078 0.7574
vt 0.8076 0.7622
vt 0.8078 0.7574
vt 0.3269 0.5058
vt 0.3340 0.5272
vt 0.3556 0.5170
vt 0.3068 0.5134
vt 0.3013 0.4991
vt 0.3542 0.5429
vt 0.3280 0.4899
vt 0.3019 0.4826
vt 0.3505 0.5614
vt 0.3225 0.5428
vt 0.4096 0.5390
vt 0.4108 0.5592
vt 0.3578 0.5039
vt 0.4221 0.5252
vt 0.4784 0.5446
vt 0.4860 0.5369
vt 0.4945 0.5350
vt 0.4855 0.5578
vt 0.4260 0.5120
vt 0.3000 0.5224
vt 0.3280 0.4899
vt 0.3269 0.5058
vt 0.3340 0.5272
vt 0.3556 0.5170
vt 0.3542 0.5429
vt 0.3505 0.5614
vt 0.3225 0.5428
vt 0.4096 0.5390
vt 0.4108 0.5592
vt 0.3578 0.5039
vt 0.4221 0.5252
vt 0.4784 0.5446
vt 0.4860 0.5369
vt 0.4945 0.5350
vt 0.4855 0.5578
vt 0.4260 0.5120
vt 0.6610 0.7520
vt 0.7226 0.7420
vt 0.6659 0.7338
vt 0.7263 0.7253
vt 0.7799 0.7539
vt 0.7418 0.7583
vt 0.7830 0.7616
vt 0.7492 0.7763
vt 0.7885 0.7838
vt 0.7563 0.8153
vt 0.7909 0.8134
vt 0.8097 0.8339
vt 0.8003 0.7824
vt 0.7959 0.8258
vt 0.7553 0.8480
vt 0.7428 0.8349
vt 0.7898 0.7406
vt 0.7351 0.8028
vt 0.7027 0.7938
vt 0.7211 0.7720
vt 0.7012 0.7812
vt 0.6215 0.7973
vt 0.6324 0.8349
vt 0.6954 0.8451
vt 0.6416 0.8583
vt 0.7040 0.8643
vt 0.6115 0.7650
vt 0.6320 0.7400
vt 0.6113 0.7644
vt 0.6364 0.7260
vt 0.6041 0.7163
vt 0.5987 0.7310
vt 0.6954 0.8451
vt 0.7040 0.8643
vt 0.6320 0.7400
vt 0.6610 0.7520
vt 0.6364 0.7260
vt 0.6659 0.7338
vt 0.7226 0.7420
vt 0.7263 0.7253
vt 0.7799 0.7539
vt 0.7418 0.7583
vt 0.7830 0.7616
vt 0.7492 0.7763
vt 0.7885 0.7838
vt 0.7563 0.8153
vt 0.7909 0.8134
vt 0.7959 0.8258
vt 0.8097 0.8339
vt 0.8003 0.7824
vt 0.7553 0.8480
vt 0.7428 0.8349
vt 0.7898 0.7406
vt 0.7351 0.8028
vt 0.7027 0.7938
vt 0.7211 0.7720
vt 0.7012 0.7812
vt 0.9612 0.0580
vt 0.9481 0.0588
vt 0.9616 0.0666
vt 0.9748 0.0576
vt 0.9612 0.0494
vt 0.9427 0.0583
vt 0.9536 0.0216
vt 0.9341 0.0584
vt 0.9562 0.0962
vt 0.9689 0.0958
vt 0.9692 0.1053
vt 0.9568 0.1057
vt 0.9469 0.0991
vt 0.9440 0.0193
vt 0.9663 0.0211
vt 0.9798 0.0569
vt 0.9785 0.0979
vt 0.9885 0.0565
vt 0.9755 0.0184
vt 0.9658 0.0117
vt 0.9533 0.0121
vt 0.9409 0.1564
vt 0.9500 0.1903
vt 0.9474 0.1564
vt 0.9570 0.1886
vt 0.9562 0.1258
vt 0.9491 0.1243
vt 0.9619 0.1575
vt 0.9670 0.1257
vt 0.9566 0.1188
vt 0.9664 0.1187
vt 0.9678 0.1885
vt 0.9576 0.1956
vt 0.9674 0.1955
vt 0.9766 0.1560
vt 0.9741 0.1238
vt 0.9830 0.1559
vt 0.9749 0.1900
vt 0.9410 0.1562
vt 0.9499 0.1902
vt 0.9475 0.1563
vt 0.9569 0.1884
vt 0.9491 0.1241
vt 0.9563 0.1258
vt 0.9621 0.1573
vt 0.9671 0.1257
vt 0.9666 0.1187
vt 0.9568 0.1187
vt 0.9677 0.1883
vt 0.9673 0.1954
vt 0.9575 0.1955
vt 0.9766 0.1560
vt 0.9741 0.1239
vt 0.9830 0.1559
vt 0.9747 0.1900
vt 0.9497 0.1905
vt 0.9569 0.1887
vt 0.9409 0.1564
vt 0.9474 0.1564
vt 0.9562 0.1259
vt 0.9491 0.1241
vt 0.9620 0.1576
vt 0.9671 0.1257
vt 0.9566 0.1188
vt 0.9665 0.1186
vt 0.9677 0.1886
vt 0.9574 0.1958
vt 0.9673 0.1958
vt 0.9765 0.1562
vt 0.9741 0.1239
vt 0.9831 0.1561
vt 0.9748 0.1902
vt 0.4902 0.4632
vt 0.4660 0.4915
vt 0.5033 0.5022
vt 0.3888 0.4861
vt 0.3891 0.4673
vt 0.5399 0.4588
vt 0.5637 0.4624
vt 0.6147 0.5029
vt 0.6096 0.4648
vt 0.5033 0.5022
vt 0.4660 0.4915
vt 0.4902 0.4632
vt 0.4646 0.4988
vt 0.5026 0.5085
vt 0.3891 0.4673
vt 0.3888 0.4861
vt 0.3880 0.4922
vt 0.6160 0.5119
vt 0.6147 0.5029
vt 0.3823 0.4857
vt 0.3827 0.4666
vt 0.5637 0.4624
vt 0.5399 0.4588
vt 0.5413 0.4510
vt 0.5640 0.4546
vt 0.6096 0.4648
vt 0.6098 0.4567
vt 0.6169 0.4641
vt 0.6224 0.5019
vt 0.5460 0.8783
vt 0.5615 0.8895
vt 0.5614 0.8783
vt 0.5401 0.8783
vt 0.5473 0.8783
vt 0.5633 0.8782
vt 0.5787 0.8782
vt 0.5846 0.8782
vt 0.5774 0.8782
vt 0.5614 0.8594
vt 0.5410 0.8595
vt 0.5333 0.8595
vt 0.5427 0.8595
vt 0.5639 0.8594
vt 0.5843 0.8593
vt 0.5920 0.8593
vt 0.5825 0.8593
vt 0.8337 0.7051
vt 0.8366 0.7145
vt 0.8078 0.7574
vt 0.8074 0.7108
vt 0.8337 0.7051
vt 0.8424 0.7197
vt 0.8417 0.7076
vt 0.8076 0.7622
vt 0.8078 0.7574
vt 0.8312 0.6981
vt 0.8110 0.7003
vt 0.8074 0.7108
vt 0.8337 0.7051
vt 0.8078 0.7574
vt 0.7974 0.7154
vt 0.8076 0.7622
vt 0.8078 0.7574
vt 0.9481 0.0588
vt 0.9612 0.0580
vt 0.9616 0.0666
vt 0.9748 0.0576
vt 0.9612 0.0494
vt 0.9427 0.0583
vt 0.9536 0.0216
vt 0.9341 0.0584
vt 0.9562 0.0962
vt 0.9689 0.0958
vt 0.9692 0.1053
vt 0.9568 0.1057
vt 0.9469 0.0991
vt 0.9440 0.0193
vt 0.9663 0.0211
vt 0.9798 0.0569
vt 0.9785 0.0979
vt 0.9885 0.0565
vt 0.9755 0.0184
vt 0.9658 0.0117
vt 0.9533 0.0121
vt 0.9570 0.1886
vt 0.9500 0.1903
vt 0.9474 0.1564
vt 0.9409 0.1564
vt 0.9562 0.1258
vt 0.9491 0.1243
vt 0.9619 0.1575
vt 0.9670 0.1257
vt 0.9566 0.1188
vt 0.9664 0.1187
vt 0.9678 0.1885
vt 0.9576 0.1956
vt 0.9674 0.1955
vt 0.9766 0.1560
vt 0.9741 0.1238
vt 0.9830 0.1559
vt 0.9749 0.1900
vt 0.9569 0.1884
vt 0.9499 0.1902
vt 0.9475 0.1563
vt 0.9410 0.1562
vt 0.9491 0.1241
vt 0.9563 0.1258
vt 0.9621 0.1573
vt 0.9671 0.1257
vt 0.9666 0.1187
vt 0.9568 0.1187
vt 0.9677 0.1883
vt 0.9673 0.1954
vt 0.9575 0.1955
vt 0.9766 0.1560
vt 0.9741 0.1239
vt 0.9830 0.1559
vt 0.9747 0.1900
vt 0.9474 0.1564
vt 0.9569 0.1887
vt 0.9409 0.1564
vt 0.9497 0.1905
vt 0.9562 0.1259
vt 0.9491 0.1241
vt 0.9620 0.1576
vt 0.9671 0.1257
vt 0.9566 0.1188
vt 0.9665 0.1186
vt 0.9677 0.1886
vt 0.9574 0.1958
vt 0.9673 0.1958
vt 0.9765 0.1562
vt 0.9741 0.1239
vt 0.9831 0.1561
vt 0.9748 0.1902
vt 0.4660 0.4915
vt 0.4902 0.4632
vt 0.5033 0.5022
vt 0.3888 0.4861
vt 0.3891 0.4673
vt 0.5399 0.4588
vt 0.5637 0.4624
vt 0.6147 0.5029
vt 0.6096 0.4648
vt 0.4660 0.4915
vt 0.5033 0.5022
vt 0.4902 0.4632
vt 0.4646 0.4988
vt 0.5026 0.5085
vt 0.3891 0.4673
vt 0.3888 0.4861
vt 0.3880 0.4922
vt 0.6160 0.5119
vt 0.6147 0.5029
vt 0.3823 0.4857
vt 0.3827 0.4666
vt 0.5637 0.4624
vt 0.5399 0.4588
vt 0.5413 0.4510
vt 0.5640 0.4546
vt 0.6096 0.4648
vt 0.6098 0.4567
vt 0.6169 0.4641
vt 0.6224 0.5019
vt 0.5615 0.8895
vt 0.5460 0.8783
vt 0.5614 0.8783
vt 0.5401 0.8783
vt 0.5473 0.8783
vt 0.5633 0.8782
vt 0.5787 0.8782
vt 0.5846 0.8782
vt 0.5774 0.8782
vt 0.5614 0.8594
vt 0.5410 0.8595
vt 0.5333 0.8595
vt 0.5427 0.8595
vt 0.5639 0.8594
vt 0.5843 0.8593
vt 0.5920 0.8593
vt 0.5825 0.8593
vt 0.9565 0.8379
vt 0.9315 0.8201
vt 0.9362 0.8401
vt 0.9118 0.8295
vt 0.9487 0.8761
vt 0.9642 0.8724
vt 0.9638 0.9079
vt 0.9506 0.9114
vt 0.9324 0.9080
vt 0.9882 0.9042
vt 0.9882 0.8709
vt 0.9882 0.8438
vt 0.9882 0.8055
vt 0.9518 0.7968
vt 0.9283 0.7993
vt 0.9287 0.7726
vt 0.9010 0.7845
vt 0.9090 0.8100
vt 0.9517 0.9360
vt 0.9340 0.9211
vt 0.9397 0.9368
vt 0.9422 0.7566
vt 0.9207 0.9505
vt 0.9152 0.9400
vt 0.8979 0.9633
vt 0.9123 0.9321
vt 0.8954 0.9560
vt 0.8922 0.9694
vt 0.8900 0.9551
vt 0.9053 0.9306
vt 0.9186 0.9069
vt 0.9020 0.9690
vt 0.8922 0.9694
vt 0.8861 0.9638
vt 0.9637 0.7566
vt 0.9355 0.7283
vt 0.9422 0.7566
vt 0.9882 0.7566
vt 0.9461 0.7264
vt 0.9637 0.7566
vt 0.9426 0.7071
vt 0.9345 0.7082
vt 0.9383 0.7010
vt 0.9272 0.8893
vt 0.9186 0.9069
vt 0.9205 0.8707
vt 0.9141 0.8845
vt 0.8884 0.8919
vt 0.9158 0.8546
vt 0.9130 0.8410
vt 0.8851 0.8402
vt 0.8864 0.8494
vt 0.8834 0.8302
vt 0.9088 0.8208
vt 0.8607 0.8416
vt 0.8636 0.8486
vt 0.8821 0.8596
vt 0.8597 0.8569
vt 0.8559 0.8361
vt 0.8537 0.8438
vt 0.8812 0.8240
vt 0.9088 0.8208
vt 0.8468 0.8278
vt 0.9058 0.8638
vt 0.8474 0.8422
vt 0.8474 0.8422
vt 0.8526 0.8536
vt 0.8526 0.8536
vt 0.9088 0.8208
vt 0.8845 0.8192
vt 0.8826 0.8092
vt 0.8973 0.7984
vt 0.8822 0.7989
vt 0.8517 0.8175
vt 0.8450 0.8108
vt 0.8475 0.8035
vt 0.8382 0.8177
vt 0.8359 0.8086
vt 0.8973 0.7984
vt 0.8662 0.7832
vt 0.8650 0.7943
vt 0.8973 0.7984
vt 0.8989 0.7701
vt 0.8242 0.7880
vt 0.8681 0.7747
vt 0.8224 0.7819
vt 0.8224 0.7768
vt 0.8102 0.7799
vt 0.8989 0.7701
vt 0.8242 0.7880
vt 0.8124 0.7877
vt 0.8989 0.7701
vt 0.9035 0.7566
vt 0.8989 0.7701
vt 0.8788 0.7686
vt 0.8746 0.7566
vt 0.8444 0.7666
vt 0.8418 0.7566
vt 0.8333 0.7649
vt 0.9288 0.7566
vt 0.8333 0.7649
vt 0.8300 0.7566
vt 0.8877 0.9003
vt 0.8966 0.9065
vt 0.9141 0.8845
vt 0.8622 0.9258
vt 0.8975 0.9137
vt 0.9186 0.9069
vt 0.8690 0.9369
vt 0.8684 0.9282
vt 0.8622 0.9258
vt 0.8557 0.9348
vt 0.8601 0.9413
vt 0.8557 0.9348
vt 0.8601 0.9413
vt 0.9771 0.9403
vt 0.9882 0.9481
vt 0.9882 0.9226
vt 0.9707 0.9736
vt 0.9606 0.9728
vt 0.9682 0.9882
vt 0.9634 0.9869
vt 0.9618 0.9887
vt 0.9542 0.9740
vt 0.9521 0.9509
vt 0.9731 0.9913
vt 0.9798 0.9777
vt 0.9657 0.9377
vt 0.9521 0.9509
vt 0.9673 0.9923
vt 0.9882 0.9481
vt 0.8843 0.8753
vt 0.9058 0.8638
vt 0.8558 0.8957
vt 0.8913 0.8802
vt 0.9205 0.8707
vt 0.8596 0.9008
vt 0.8913 0.8802
vt 0.8625 0.9082
vt 0.8536 0.9126
vt 0.8483 0.9044
vt 0.9058 0.8638
vt 0.9205 0.8707
vt 0.8913 0.8802
vt 0.8102 0.7799
vt 0.8124 0.7877
vt 0.8922 0.2164
vt 0.8928 0.2437
vt 0.9219 0.2164
vt 0.9216 0.2485
vt 0.8931 0.2063
vt 0.8582 0.2063
vt 0.8934 0.1767
vt 0.8587 0.1767
vt 0.8250 0.1767
vt 0.8238 0.2063
vt 0.9219 0.1767
vt 0.9219 0.2063
vt 0.8578 0.2164
vt 0.8230 0.2294
vt 0.8594 0.2382
vt 0.8597 0.2947
vt 0.8233 0.2861
vt 0.8244 0.3093
vt 0.7966 0.2831
vt 0.7968 0.3051
vt 0.7706 0.2853
vt 0.7706 0.3042
vt 0.8604 0.3163
vt 0.7973 0.2347
vt 0.8019 0.2063
vt 0.7707 0.2164
vt 0.7707 0.2431
vt 0.8941 0.2968
vt 0.8947 0.3166
vt 0.9219 0.3117
vt 0.9218 0.2931
vt 0.7707 0.2063
vt 0.7969 0.3270
vt 0.7707 0.3231
vt 0.7927 0.3555
vt 0.7705 0.3568
vt 0.7695 0.3819
vt 0.7779 0.3789
vt 0.8261 0.3577
vt 0.8242 0.3784
vt 0.8441 0.3701
vt 0.8294 0.3821
vt 0.8210 0.3935
vt 0.7763 0.4213
vt 0.8622 0.3576
vt 0.8666 0.3789
vt 0.9088 0.3789
vt 0.8996 0.3555
vt 0.9239 0.3818
vt 0.9220 0.3549
vt 0.9147 0.4100
vt 0.8729 0.4051
vt 0.9054 0.4409
vt 0.8654 0.4360
vt 0.8803 0.4607
vt 0.8482 0.4447
vt 0.8465 0.4283
vt 0.8272 0.4343
vt 0.8247 0.4655
vt 0.7954 0.4499
vt 0.8245 0.4110
vt 0.8662 0.4092
vt 0.8650 0.3933
vt 0.8575 0.3822
vt 0.8019 0.1152
vt 0.7707 0.1152
vt 0.8020 0.1471
vt 0.7707 0.1471
vt 0.8263 0.1471
vt 0.8274 0.1152
vt 0.7707 0.0785
vt 0.8017 0.0785
vt 0.8016 0.0541
vt 0.8286 0.0541
vt 0.8281 0.0785
vt 0.8615 0.0541
vt 0.8609 0.0785
vt 0.8944 0.0785
vt 0.8946 0.0541
vt 0.9219 0.0785
vt 0.9219 0.0541
vt 0.7707 0.0541
vt 0.8014 0.0297
vt 0.7707 0.0297
vt 0.7976 0.0140
vt 0.7707 0.0140
vt 0.8298 0.0140
vt 0.8290 0.0297
vt 0.8645 0.0140
vt 0.8621 0.0297
vt 0.8956 0.0140
vt 0.8949 0.0297
vt 0.9219 0.0297
vt 0.9219 0.0140
vt 0.5963 0.3447
vt 0.5799 0.3457
vt 0.5879 0.3366
vt 0.5884 0.3671
vt 0.6050 0.3628
vt 0.6029 0.3794
vt 0.5884 0.3883
vt 0.5737 0.3800
vt 0.5708 0.3619
vt 0.6084 0.3597
vt 0.6068 0.3808
vt 0.5891 0.3926
vt 0.5708 0.3821
vt 0.5664 0.3619
vt 0.5756 0.3442
vt 0.5887 0.3321
vt 0.5991 0.3420
vt 0.9386 0.2653
vt 0.9834 0.2364
vt 0.9319 0.2586
vt 0.9811 0.2311
vt 0.9322 0.2465
vt 0.9807 0.2296
vt 0.9789 0.2138
vt 0.9324 0.2349
vt 0.9306 0.2279
vt 0.9620 0.2100
vt 0.9871 0.2452
vt 0.9403 0.2702
vt 0.9918 0.2579
vt 0.9938 0.2757
vt 0.9403 0.2774
vt 0.9391 0.2832
vt 0.9764 0.2850
vt 0.8861 0.9638
vt 0.8922 0.9694
vt 0.8593 0.1471
vt 0.8937 0.1471
vt 0.9219 0.1471
vt 0.8019 0.1767
vt 0.7707 0.1767
vt 0.8599 0.1152
vt 0.8941 0.1152
vt 0.9219 0.1152
vt 0.8254 0.3325
vt 0.8611 0.3378
vt 0.8954 0.3364
vt 0.9219 0.3303
vt 0.9315 0.8201
vt 0.9565 0.8379
vt 0.9362 0.8401
vt 0.9118 0.8295
vt 0.9487 0.8761
vt 0.9642 0.8724
vt 0.9638 0.9079
vt 0.9506 0.9114
vt 0.9324 0.9080
vt 0.9882 0.9042
vt 0.9882 0.8709
vt 0.9882 0.8438
vt 0.9882 0.8055
vt 0.9518 0.7968
vt 0.9283 0.7993
vt 0.9287 0.7726
vt 0.9010 0.7845
vt 0.9090 0.8100
vt 0.9517 0.9360
vt 0.9340 0.9211
vt 0.9397 0.9368
vt 0.9422 0.7566
vt 0.9207 0.9505
vt 0.9152 0.9400
vt 0.8979 0.9633
vt 0.9123 0.9321
vt 0.8954 0.9560
vt 0.8922 0.9694
vt 0.8900 0.9551
vt 0.9053 0.9306
vt 0.9186 0.9069
vt 0.9020 0.9690
vt 0.8922 0.9694
vt 0.8861 0.9638
vt 0.9355 0.7283
vt 0.9637 0.7566
vt 0.9422 0.7566
vt 0.9882 0.7566
vt 0.9461 0.7264
vt 0.9637 0.7566
vt 0.9426 0.7071
vt 0.9345 0.7082
vt 0.9383 0.7010
vt 0.9272 0.8893
vt 0.9186 0.9069
vt 0.8975 0.9137
vt 0.8966 0.9065
vt 0.9186 0.9069
vt 0.9141 0.8845
vt 0.8877 0.9003
vt 0.8622 0.9258
vt 0.8690 0.9369
vt 0.8684 0.9282
vt 0.8622 0.9258
vt 0.8557 0.9348
vt 0.8601 0.9413
vt 0.9141 0.8845
vt 0.9205 0.8707
vt 0.8884 0.8919
vt 0.9158 0.8546
vt 0.9130 0.8410
vt 0.8851 0.8402
vt 0.8864 0.8494
vt 0.8834 0.8302
vt 0.9088 0.8208
vt 0.8607 0.8416
vt 0.8636 0.8486
vt 0.8821 0.8596
vt 0.8597 0.8569
vt 0.8559 0.8361
vt 0.8537 0.8438
vt 0.8812 0.8240
vt 0.9088 0.8208
vt 0.8468 0.8278
vt 0.9058 0.8638
vt 0.8474 0.8422
vt 0.8474 0.8422
vt 0.8526 0.8536
vt 0.8526 0.8536
vt 0.9088 0.8208
vt 0.8845 0.8192
vt 0.8826 0.8092
vt 0.8973 0.7984
vt 0.8822 0.7989
vt 0.8517 0.8175
vt 0.8450 0.8108
vt 0.8475 0.8035
vt 0.8382 0.8177
vt 0.8359 0.8086
vt 0.8973 0.7984
vt 0.8973 0.7984
vt 0.8650 0.7943
vt 0.8662 0.7832
vt 0.8989 0.7701
vt 0.8242 0.7880
vt 0.8224 0.7819
vt 0.8681 0.7747
vt 0.8224 0.7768
vt 0.8102 0.7799
vt 0.8989 0.7701
vt 0.8242 0.7880
vt 0.8124 0.7877
vt 0.8989 0.7701
vt 0.9035 0.7566
vt 0.8989 0.7701
vt 0.8788 0.7686
vt 0.8746 0.7566
vt 0.8444 0.7666
vt 0.8418 0.7566
vt 0.8333 0.7649
vt 0.9288 0.7566
vt 0.8333 0.7649
vt 0.8300 0.7566
vt 0.9882 0.9481
vt 0.9771 0.9403
vt 0.9882 0.9226
vt 0.9707 0.9736
vt 0.9606 0.9728
vt 0.9682 0.9882
vt 0.9634 0.9869
vt 0.9618 0.9887
vt 0.9542 0.9740
vt 0.9521 0.9509
vt 0.9731 0.9913
vt 0.9798 0.9777
vt 0.9657 0.9377
vt 0.9521 0.9509
vt 0.9673 0.9923
vt 0.9882 0.9481
vt 0.8843 0.8753
vt 0.9058 0.8638
vt 0.8913 0.8802
vt 0.8558 0.8957
vt 0.9205 0.8707
vt 0.8596 0.9008
vt 0.8913 0.8802
vt 0.8625 0.9082
vt 0.8536 0.9126
vt 0.8483 0.9044
vt 0.9058 0.8638
vt 0.8913 0.8802
vt 0.9205 0.8707
vt 0.8124 0.7877
vt 0.8102 0.7799
vt 0.8557 0.9348
vt 0.8601 0.9413
vt 0.9216 0.2485
vt 0.8928 0.2437
vt 0.9219 0.2164
vt 0.8922 0.2164
vt 0.8931 0.2063
vt 0.8582 0.2063
vt 0.8934 0.1767
vt 0.8587 0.1767
vt 0.8250 0.1767
vt 0.8238 0.2063
vt 0.9219 0.1767
vt 0.9219 0.2063
vt 0.8578 0.2164
vt 0.8230 0.2294
vt 0.8594 0.2382
vt 0.8597 0.2947
vt 0.8233 0.2861
vt 0.8244 0.3093
vt 0.7966 0.2831
vt 0.7968 0.3051
vt 0.7706 0.2853
vt 0.7706 0.3042
vt 0.8604 0.3163
vt 0.7973 0.2347
vt 0.8019 0.2063
vt 0.7707 0.2164
vt 0.7707 0.2431
vt 0.8941 0.2968
vt 0.8947 0.3166
vt 0.9219 0.3117
vt 0.9218 0.2931
vt 0.7707 0.2063
vt 0.7969 0.3270
vt 0.7707 0.3231
vt 0.7927 0.3555
vt 0.7705 0.3568
vt 0.7695 0.3819
vt 0.7779 0.3789
vt 0.8261 0.3577
vt 0.8242 0.3784
vt 0.8441 0.3701
vt 0.8294 0.3821
vt 0.8210 0.3935
vt 0.7763 0.4213
vt 0.8622 0.3576
vt 0.8666 0.3789
vt 0.9088 0.3789
vt 0.8996 0.3555
vt 0.9239 0.3818
vt 0.9220 0.3549
vt 0.9147 0.4100
vt 0.8729 0.4051
vt 0.9054 0.4409
vt 0.8654 0.4360
vt 0.8803 0.4607
vt 0.8482 0.4447
vt 0.8465 0.4283
vt 0.8272 0.4343
vt 0.8247 0.4655
vt 0.7954 0.4499
vt 0.8245 0.4110
vt 0.8662 0.4092
vt 0.8650 0.3933
vt 0.8575 0.3822
vt 0.7707 0.1471
vt 0.7707 0.1152
vt 0.8020 0.1471
vt 0.8019 0.1152
vt 0.8263 0.1471
vt 0.8274 0.1152
vt 0.7707 0.0785
vt 0.8017 0.0785
vt 0.8016 0.0541
vt 0.8286 0.0541
vt 0.8281 0.0785
vt 0.8615 0.0541
vt 0.8609 0.0785
vt 0.8944 0.0785
vt 0.8946 0.0541
vt 0.9219 0.0785
vt 0.9219 0.0541
vt 0.7707 0.0541
vt 0.8014 0.0297
vt 0.7707 0.0297
vt 0.7976 0.0140
vt 0.7707 0.0140
vt 0.8298 0.0140
vt 0.8290 0.0297
vt 0.8645 0.0140
vt 0.8621 0.0297
vt 0.8956 0.0140
vt 0.8949 0.0297
vt 0.9219 0.0297
vt 0.9219 0.0140
vt 0.5799 0.3457
vt 0.5963 0.3447
vt 0.5879 0.3366
vt 0.5884 0.3671
vt 0.6050 0.3628
vt 0.6029 0.3794
vt 0.5884 0.3883
vt 0.5737 0.3800
vt 0.5708 0.3619
vt 0.6084 0.3597
vt 0.6068 0.3808
vt 0.5891 0.3926
vt 0.5708 0.3821
vt 0.5664 0.3619
vt 0.5756 0.3442
vt 0.5887 0.3321
vt 0.5991 0.3420
vt 0.9834 0.2364
vt 0.9386 0.2653
vt 0.9319 0.2586
vt 0.9811 0.2311
vt 0.9322 0.2465
vt 0.9807 0.2296
vt 0.9789 0.2138
vt 0.9324 0.2349
vt 0.9306 0.2279
vt 0.9620 0.2100
vt 0.9871 0.2452
vt 0.9403 0.2702
vt 0.9918 0.2579
vt 0.9938 0.2757
vt 0.9403 0.2774
vt 0.9391 0.2832
vt 0.9764 0.2850
vt 0.8861 0.9638
vt 0.8922 0.9694
vt 0.8593 0.1471
vt 0.8937 0.1471
vt 0.9219 0.1471
vt 0.8019 0.1767
vt 0.7707 0.1767
vt 0.8599 0.1152
vt 0.8941 0.1152
vt 0.9219 0.1152
vt 0.8254 0.3325
vt 0.8611 0.3378
vt 0.8954 0.3364
vt 0.9219 0.3303
vt 0.7207 0.2498
vt 0.7198 0.2900
vt 0.7076 0.2510
vt 0.7155 0.2954
vt 0.7018 0.1866
vt 0.7280 0.1928
vt 0.6997 0.1521
vt 0.6699 0.1585
vt 0.6986 0.1264
vt 0.6670 0.1240
vt 0.7288 0.1531
vt 0.7291 0.1201
vt 0.6747 0.1912
vt 0.6728 0.2332
vt 0.6233 0.2282
vt 0.6235 0.2713
vt 0.6556 0.2783
vt 0.6587 0.2817
vt 0.6854 0.2618
vt 0.6262 0.2993
vt 0.6008 0.2785
vt 0.5992 0.2248
vt 0.6016 0.3039
vt 0.6000 0.3314
vt 0.5865 0.3237
vt 0.5746 0.2789
vt 0.5704 0.3144
vt 0.5748 0.2234
vt 0.5491 0.2691
vt 0.5532 0.2163
vt 0.5578 0.3091
vt 0.5764 0.2060
vt 0.5221 0.2521
vt 0.5221 0.2941
vt 0.5443 0.3033
vt 0.5221 0.2081
vt 0.5623 0.1665
vt 0.5222 0.1595
vt 0.5818 0.1640
vt 0.5992 0.1720
vt 0.5520 0.1413
vt 0.5525 0.1124
vt 0.5361 0.1093
vt 0.5507 0.0659
vt 0.5793 0.0656
vt 0.5825 0.1194
vt 0.6049 0.0623
vt 0.6062 0.1182
vt 0.5509 0.0321
vt 0.6091 0.1543
vt 0.6318 0.1248
vt 0.5221 0.1131
vt 0.6318 0.0949
vt 0.6302 0.0630
vt 0.6712 0.0715
vt 0.6589 0.0208
vt 0.6290 0.1797
vt 0.6307 0.0314
vt 0.6040 0.0394
vt 0.5726 0.0466
vt 0.6040 0.0394
vt 0.6712 0.0715
vt 0.6965 0.0912
vt 0.6965 0.0912
vt 0.7258 0.0709
vt 0.7567 0.1560
vt 0.7575 0.1945
vt 0.7340 0.2440
vt 0.7575 0.1147
vt 0.7386 0.2793
vt 0.7575 0.2685
vt 0.7575 0.2287
vt 0.7575 0.0882
vt 0.7258 0.0709
vt 0.7575 0.0692
vt 0.7464 0.0534
vt 0.7570 0.0468
vt 0.7481 0.0493
vt 0.6403 0.3464
vt 0.6800 0.3387
vt 0.6408 0.3506
vt 0.6812 0.3429
vt 0.7019 0.3209
vt 0.7008 0.3179
vt 0.6112 0.3383
vt 0.6279 0.3064
vt 0.6000 0.3314
vt 0.6340 0.3001
vt 0.6143 0.3507
vt 0.7155 0.2954
vt 0.5226 0.0373
vt 0.5221 0.0620
vt 0.5221 0.0834
vt 0.5331 0.0228
vt 0.5996 0.9086
vt 0.5892 0.8986
vt 0.6087 0.8818
vt 0.6161 0.9155
vt 0.6319 0.9059
vt 0.6412 0.8875
vt 0.6380 0.8767
vt 0.6343 0.8640
vt 0.5863 0.8958
vt 0.5994 0.8619
vt 0.5929 0.8789
vt 0.6168 0.8630
vt 0.6258 0.8635
vt 0.6343 0.8640
vt 0.5892 0.8986
vt 0.9632 0.4278
vt 0.9713 0.4288
vt 0.9670 0.4392
vt 0.9702 0.4124
vt 0.9748 0.4161
vt 0.9713 0.4288
vt 0.9620 0.4111
vt 0.9713 0.4288
vt 0.9632 0.4278
vt 0.9795 0.4201
vt 0.9713 0.4288
vt 0.9852 0.4239
vt 0.9713 0.4288
vt 0.9795 0.4201
vt 0.9891 0.4265
vt 0.9713 0.4288
vt 0.9872 0.4281
vt 0.9835 0.4359
vt 0.9761 0.4384
vt 0.9848 0.4346
vt 0.9670 0.4392
vt 0.9713 0.4288
vt 0.9761 0.4384
vt 0.5704 0.3144
vt 0.7590 0.0508
vt 0.7402 0.0464
vt 0.7416 0.0604
vt 0.7335 0.0526
vt 0.8588 0.5462
vt 0.8592 0.5789
vt 0.8246 0.5371
vt 0.8246 0.5789
vt 0.8708 0.5273
vt 0.8708 0.4829
vt 0.8246 0.4829
vt 0.8246 0.4829
vt 0.8707 0.4704
vt 0.8820 0.4830
vt 0.8707 0.4830
vt 0.8820 0.5271
vt 0.8707 0.5273
vt 0.8246 0.4829
vt 0.8246 0.5371
vt 0.8588 0.5462
vt 0.8592 0.5789
vt 0.8246 0.5789
vt 0.8707 0.5468
vt 0.8820 0.5468
vt 0.8707 0.5781
vt 0.8820 0.5781
vt 0.0234 0.5586
vt 0.0159 0.5965
vt 0.0255 0.6048
vt 0.0348 0.6002
vt 0.0091 0.5545
vt 0.0190 0.5373
vt 0.0368 0.5518
vt 0.0137 0.5368
vt 0.0348 0.6002
vt 0.0242 0.5356
vt 0.0368 0.5518
vt 0.0329 0.5811
vt 0.0227 0.5828
vt 0.0268 0.5787
vt 0.0386 0.5683
vt 0.0257 0.5689
vt 0.0127 0.5716
vt 0.0267 0.5383
vt 0.0160 0.5363
vt 0.0324 0.5347
vt 0.0127 0.5716
vt 0.0160 0.5363
vt 0.3947 0.6815
vt 0.3869 0.6735
vt 0.4253 0.6760
vt 0.4141 0.6590
vt 0.3844 0.6871
vt 0.3772 0.6806
vt 0.3796 0.6927
vt 0.3876 0.7000
vt 0.3813 0.6999
vt 0.3995 0.6997
vt 0.4300 0.6994
vt 0.3957 0.7183
vt 0.3850 0.7127
vt 0.3789 0.7191
vt 0.3891 0.7261
vt 0.4256 0.7234
vt 0.4160 0.7391
vt 0.3785 0.6669
vt 0.4056 0.6476
vt 0.4087 0.7497
vt 0.4196 0.7546
vt 0.4257 0.7432
vt 0.4534 0.7258
vt 0.3819 0.7341
vt 0.3718 0.7253
vt 0.3633 0.7096
vt 0.3725 0.7076
vt 0.3800 0.7068
vt 0.3622 0.6929
vt 0.3718 0.6921
vt 0.3678 0.6777
vt 0.3761 0.6996
vt 0.4385 0.7486
vt 0.4534 0.7443
vt 0.4534 0.7558
vt 0.4471 0.7676
vt 0.4305 0.7594
vt 0.4259 0.6530
vt 0.4176 0.6410
vt 0.4296 0.6344
vt 0.4367 0.6475
vt 0.4534 0.6406
vt 0.4491 0.6284
vt 0.4534 0.6517
vt 0.4534 0.6709
vt 0.4534 0.6994
vt 0.7969 0.5848
vt 0.7915 0.5928
vt 0.7796 0.5732
vt 0.7749 0.5816
vt 0.7886 0.5977
vt 0.7714 0.5861
vt 0.7671 0.5905
vt 0.7861 0.6029
vt 0.7633 0.5982
vt 0.7796 0.6093
vt 0.7682 0.6087
vt 0.7830 0.5688
vt 0.8000 0.5803
vt 0.7864 0.5643
vt 0.8032 0.5757
vt 0.7952 0.5536
vt 0.8110 0.5643
vt 0.8125 0.5593
vt 0.7998 0.5507
vt 0.8109 0.5542
vt 0.8052 0.5503
vt 0.5122 0.7678
vt 0.5347 0.7903
vt 0.5000 0.7993
vt 0.5288 0.8052
vt 0.5282 0.8248
vt 0.5012 0.8412
vt 0.5443 0.7672
vt 0.5324 0.7443
vt 0.5542 0.7928
vt 0.5597 0.7738
vt 0.5328 0.8479
vt 0.5494 0.8250
vt 0.5520 0.8418
vt 0.5165 0.8662
vt 0.5512 0.8074
vt 0.5767 0.8109
vt 0.5795 0.7995
vt 0.5767 0.8249
vt 0.5832 0.8471
vt 0.5576 0.8480
vt 0.5891 0.7782
vt 0.5642 0.7663
vt 0.7269 0.3437
vt 0.7433 0.3471
vt 0.7272 0.3300
vt 0.7442 0.3275
vt 0.7570 0.3508
vt 0.7577 0.3276
vt 0.7542 0.2936
vt 0.7420 0.3008
vt 0.7542 0.2936
vt 0.7441 0.3058
vt 0.7246 0.3126
vt 0.7264 0.3172
vt 0.7577 0.3276
vt 0.7442 0.3275
vt 0.7570 0.3508
vt 0.7570 0.3508
vt 0.7272 0.3300
vt 0.7562 0.3155
vt 0.5074 0.6824
vt 0.4814 0.6790
vt 0.5004 0.6666
vt 0.4801 0.6635
vt 0.4637 0.6793
vt 0.4958 0.7176
vt 0.4637 0.7122
vt 0.4949 0.7315
vt 0.5194 0.7136
vt 0.5260 0.7327
vt 0.4637 0.7285
vt 0.4637 0.6647
vt 0.4637 0.6561
vt 0.4779 0.6573
vt 0.4950 0.7425
vt 0.5216 0.7473
vt 0.5031 0.7710
vt 0.4824 0.7718
vt 0.4637 0.7428
vt 0.4637 0.7721
vt 0.4811 0.7857
vt 0.4637 0.7865
vt 0.4637 0.7931
vt 0.4797 0.7912
vt 0.5031 0.7710
vt 0.4942 0.7834
vt 0.7999 0.4988
vt 0.7980 0.5078
vt 0.7751 0.4928
vt 0.7730 0.5026
vt 0.7974 0.5123
vt 0.7716 0.5070
vt 0.7758 0.4877
vt 0.8016 0.4929
vt 0.7771 0.4788
vt 0.8035 0.4854
vt 0.8015 0.4697
vt 0.7951 0.4660
vt 0.7883 0.4654
vt 0.7974 0.5173
vt 0.7699 0.5116
vt 0.7952 0.5264
vt 0.7686 0.5207
vt 0.7813 0.5391
vt 0.7732 0.5384
vt 0.7812 0.5390
vt 0.7893 0.5397
vt 0.7893 0.5397
vt 0.7952 0.5264
vt 0.7198 0.2900
vt 0.7207 0.2498
vt 0.7076 0.2510
vt 0.7155 0.2954
vt 0.7018 0.1866
vt 0.7280 0.1928
vt 0.6997 0.1521
vt 0.6699 0.1585
vt 0.6986 0.1264
vt 0.6670 0.1240
vt 0.7288 0.1531
vt 0.7291 0.1201
vt 0.6747 0.1912
vt 0.6728 0.2332
vt 0.6233 0.2282
vt 0.6235 0.2713
vt 0.6556 0.2783
vt 0.6587 0.2817
vt 0.6854 0.2618
vt 0.6262 0.2993
vt 0.6008 0.2785
vt 0.5992 0.2248
vt 0.6016 0.3039
vt 0.6000 0.3314
vt 0.5865 0.3237
vt 0.5746 0.2789
vt 0.5704 0.3144
vt 0.5748 0.2234
vt 0.5491 0.2691
vt 0.5532 0.2163
vt 0.5578 0.3091
vt 0.5764 0.2060
vt 0.5221 0.2521
vt 0.5221 0.2941
vt 0.5443 0.3033
vt 0.5221 0.2081
vt 0.5623 0.1665
vt 0.5222 0.1595
vt 0.5818 0.1640
vt 0.5992 0.1720
vt 0.5520 0.1413
vt 0.5525 0.1124
vt 0.5361 0.1093
vt 0.5507 0.0659
vt 0.5793 0.0656
vt 0.5825 0.1194
vt 0.6049 0.0623
vt 0.6062 0.1182
vt 0.5509 0.0321
vt 0.6091 0.1543
vt 0.6318 0.1248
vt 0.5221 0.1131
vt 0.6318 0.0949
vt 0.6302 0.0630
vt 0.6712 0.0715
vt 0.6589 0.0208
vt 0.6290 0.1797
vt 0.6307 0.0314
vt 0.6040 0.0394
vt 0.6040 0.0394
vt 0.5726 0.0466
vt 0.6965 0.0912
vt 0.6712 0.0715
vt 0.6965 0.0912
vt 0.7258 0.0709
vt 0.7575 0.1147
vt 0.7567 0.1560
vt 0.7575 0.1945
vt 0.7340 0.2440
vt 0.7386 0.2793
vt 0.7575 0.2685
vt 0.7575 0.2287
vt 0.7575 0.0882
vt 0.7258 0.0709
vt 0.7575 0.0692
vt 0.7464 0.0534
vt 0.7570 0.0468
vt 0.7481 0.0493
vt 0.6812 0.3429
vt 0.6800 0.3387
vt 0.6408 0.3506
vt 0.6403 0.3464
vt 0.7019 0.3209
vt 0.7008 0.3179
vt 0.6112 0.3383
vt 0.6279 0.3064
vt 0.6000 0.3314
vt 0.6340 0.3001
vt 0.6143 0.3507
vt 0.7155 0.2954
vt 0.5226 0.0373
vt 0.5221 0.0620
vt 0.5221 0.0834
vt 0.5331 0.0228
vt 0.5892 0.8986
vt 0.5996 0.9086
vt 0.6087 0.8818
vt 0.6161 0.9155
vt 0.6319 0.9059
vt 0.6412 0.8875
vt 0.6380 0.8767
vt 0.6343 0.8640
vt 0.5994 0.8619
vt 0.5863 0.8958
vt 0.5929 0.8789
vt 0.6168 0.8630
vt 0.6258 0.8635
vt 0.6343 0.8640
vt 0.5892 0.8986
vt 0.9713 0.4288
vt 0.9632 0.4278
vt 0.9670 0.4392
vt 0.9702 0.4124
vt 0.9748 0.4161
vt 0.9713 0.4288
vt 0.9620 0.4111
vt 0.9713 0.4288
vt 0.9632 0.4278
vt 0.9795 0.4201
vt 0.9713 0.4288
vt 0.9713 0.4288
vt 0.9852 0.4239
vt 0.9795 0.4201
vt 0.9713 0.4288
vt 0.9891 0.4265
vt 0.9872 0.4281
vt 0.9835 0.4359
vt 0.9761 0.4384
vt 0.9848 0.4346
vt 0.9713 0.4288
vt 0.9670 0.4392
vt 0.9761 0.4384
vt 0.5704 0.3144
vt 0.7402 0.0464
vt 0.7590 0.0508
vt 0.7416 0.0604
vt 0.7335 0.0526
vt 0.8588 0.5462
vt 0.8246 0.5371
vt 0.8592 0.5789
vt 0.8246 0.5789
vt 0.8708 0.5273
vt 0.8708 0.4829
vt 0.8246 0.4829
vt 0.8707 0.4704
vt 0.8246 0.4829
vt 0.8820 0.4830
vt 0.8820 0.5271
vt 0.8707 0.4830
vt 0.8707 0.5273
vt 0.8246 0.4829
vt 0.8246 0.5371
vt 0.8588 0.5462
vt 0.8592 0.5789
vt 0.8246 0.5789
vt 0.8707 0.5468
vt 0.8820 0.5468
vt 0.8707 0.5781
vt 0.8820 0.5781
vt 0.0159 0.5965
vt 0.0234 0.5586
vt 0.0255 0.6048
vt 0.0348 0.6002
vt 0.0091 0.5545
vt 0.0190 0.5373
vt 0.0368 0.5518
vt 0.0137 0.5368
vt 0.0348 0.6002
vt 0.0242 0.5356
vt 0.0368 0.5518
vt 0.0329 0.5811
vt 0.0227 0.5828
vt 0.0268 0.5787
vt 0.0386 0.5683
vt 0.0257 0.5689
vt 0.0127 0.5716
vt 0.0267 0.5383
vt 0.0160 0.5363
vt 0.0324 0.5347
vt 0.0160 0.5363
vt 0.0127 0.5716
vt 0.4141 0.6590
vt 0.3869 0.6735
vt 0.4253 0.6760
vt 0.3947 0.6815
vt 0.3844 0.6871
vt 0.3772 0.6806
vt 0.3796 0.6927
vt 0.3876 0.7000
vt 0.3813 0.6999
vt 0.3995 0.6997
vt 0.4300 0.6994
vt 0.3957 0.7183
vt 0.3850 0.7127
vt 0.3789 0.7191
vt 0.3891 0.7261
vt 0.4256 0.7234
vt 0.4160 0.7391
vt 0.3785 0.6669
vt 0.4087 0.7497
vt 0.4196 0.7546
vt 0.4257 0.7432
vt 0.4534 0.7258
vt 0.3819 0.7341
vt 0.3718 0.7253
vt 0.3633 0.7096
vt 0.3725 0.7076
vt 0.3800 0.7068
vt 0.3622 0.6929
vt 0.3718 0.6921
vt 0.3678 0.6777
vt 0.3761 0.6996
vt 0.4305 0.7594
vt 0.4471 0.7676
vt 0.4385 0.7486
vt 0.4534 0.7558
vt 0.4534 0.7443
vt 0.4534 0.6994
vt 0.4534 0.6709
vt 0.4259 0.6530
vt 0.4176 0.6410
vt 0.4296 0.6344
vt 0.4367 0.6475
vt 0.4534 0.6406
vt 0.4491 0.6284
vt 0.4534 0.6517
vt 0.4056 0.6476
vt 0.7749 0.5816
vt 0.7915 0.5928
vt 0.7796 0.5732
vt 0.7969 0.5848
vt 0.7886 0.5977
vt 0.7714 0.5861
vt 0.7671 0.5905
vt 0.7861 0.6029
vt 0.7633 0.5982
vt 0.7796 0.6093
vt 0.7682 0.6087
vt 0.7830 0.5688
vt 0.8000 0.5803
vt 0.7864 0.5643
vt 0.8032 0.5757
vt 0.7952 0.5536
vt 0.8110 0.5643
vt 0.8125 0.5593
vt 0.7998 0.5507
vt 0.8109 0.5542
vt 0.8052 0.5503
vt 0.5000 0.7993
vt 0.5347 0.7903
vt 0.5122 0.7678
vt 0.5288 0.8052
vt 0.5282 0.8248
vt 0.5012 0.8412
vt 0.5443 0.7672
vt 0.5324 0.7443
vt 0.5542 0.7928
vt 0.5597 0.7738
vt 0.5328 0.8479
vt 0.5494 0.8250
vt 0.5520 0.8418
vt 0.5165 0.8662
vt 0.5512 0.8074
vt 0.5767 0.8109
vt 0.5795 0.7995
vt 0.5767 0.8249
vt 0.5832 0.8471
vt 0.5576 0.8480
vt 0.5891 0.7782
vt 0.5642 0.7663
vt 0.7442 0.3275
vt 0.7433 0.3471
vt 0.7272 0.3300
vt 0.7269 0.3437
vt 0.7570 0.3508
vt 0.7577 0.3276
vt 0.7542 0.2936
vt 0.7420 0.3008
vt 0.7542 0.2936
vt 0.7441 0.3058
vt 0.7246 0.3126
vt 0.7264 0.3172
vt 0.7577 0.3276
vt 0.7442 0.3275
vt 0.7570 0.3508
vt 0.7570 0.3508
vt 0.7272 0.3300
vt 0.7562 0.3155
vt 0.4801 0.6635
vt 0.4814 0.6790
vt 0.5004 0.6666
vt 0.5074 0.6824
vt 0.4637 0.6793
vt 0.4958 0.7176
vt 0.4637 0.7122
vt 0.4949 0.7315
vt 0.5194 0.7136
vt 0.5260 0.7327
vt 0.4637 0.7285
vt 0.4637 0.6647
vt 0.4637 0.6561
vt 0.4779 0.6573
vt 0.4950 0.7425
vt 0.5216 0.7473
vt 0.5031 0.7710
vt 0.4824 0.7718
vt 0.4637 0.7428
vt 0.4637 0.7721
vt 0.4811 0.7857
vt 0.4637 0.7865
vt 0.4637 0.7931
vt 0.4797 0.7912
vt 0.5031 0.7710
vt 0.4942 0.7834
vt 0.7730 0.5026
vt 0.7980 0.5078
vt 0.7751 0.4928
vt 0.7999 0.4988
vt 0.7974 0.5123
vt 0.7716 0.5070
vt 0.7758 0.4877
vt 0.8016 0.4929
vt 0.7771 0.4788
vt 0.8035 0.4854
vt 0.8015 0.4697
vt 0.7951 0.4660
vt 0.7883 0.4654
vt 0.7974 0.5173
vt 0.7699 0.5116
vt 0.7952 0.5264
vt 0.7686 0.5207
vt 0.7813 0.5391
vt 0.7732 0.5384
vt 0.7812 0.5390
vt 0.7893 0.5397
vt 0.7893 0.5397
vt 0.7952 0.5264
vt 0.6968 0.0444
vt 0.6711 0.0337
vt 0.7008 0.0260
vt 0.7342 0.0388
vt 0.7600 0.0267
vt 0.6689 0.0253
vt 0.7008 0.0260
vt 0.6719 0.0166
vt 0.6989 0.0071
vt 0.7008 0.0260
vt 0.7359 0.0151
vt 0.7600 0.0267
vt 0.8166 0.9452
vt 0.8275 0.9609
vt 0.8162 0.9615
vt 0.7808 0.9452
vt 0.7888 0.9247
vt 0.7681 0.9263
vt 0.7815 0.9604
vt 0.8160 0.9736
vt 0.7841 0.9756
vt 0.7626 0.9729
vt 0.7377 0.9439
vt 0.7369 0.9558
vt 0.6926 0.9458
vt 0.6925 0.9564
vt 0.6671 0.9576
vt 0.6678 0.9463
vt 0.6850 0.9693
vt 0.6674 0.9714
vt 0.6429 0.9550
vt 0.6546 0.9399
vt 0.6691 0.9334
vt 0.7387 0.9285
vt 0.6919 0.9315
vt 0.6912 0.9176
vt 0.6663 0.9208
vt 0.6541 0.9309
vt 0.7375 0.9135
vt 0.6904 0.9077
vt 0.7363 0.9018
vt 0.7855 0.8911
vt 0.7810 0.9066
vt 0.8151 0.8868
vt 0.8168 0.9001
vt 0.8120 0.8742
vt 0.7839 0.8756
vt 0.7594 0.8805
vt 0.7332 0.8892
vt 0.6926 0.8955
vt 0.7898 0.9241
vt 0.8389 0.8983
vt 0.8299 0.8790
vt 0.8103 0.8515
vt 0.8306 0.8577
vt 0.7796 0.8536
vt 0.7530 0.8632
vt 0.7291 0.8763
vt 0.6954 0.8861
vt 0.6823 0.8844
vt 0.6837 0.8802
vt 0.6742 0.8976
vt 0.6638 0.8965
vt 0.6624 0.8825
vt 0.6653 0.9088
vt 0.6431 0.9011
vt 0.6341 0.9147
vt 0.6414 0.9246
vt 0.6965 0.8826
vt 0.6602 0.8890
vt 0.6623 0.8773
vt 0.6622 0.8721
vt 0.6851 0.8760
vt 0.8184 0.9890
vt 0.8371 0.9777
vt 0.7889 0.9946
vt 0.7624 0.9872
vt 0.7376 0.9768
vt 0.7375 0.9654
vt 0.6984 0.9675
vt 0.7029 0.9746
vt 0.6895 0.9792
vt 0.6695 0.9851
vt 0.6712 0.9899
vt 0.6921 0.9827
vt 0.7044 0.9771
vt 0.6948 0.9863
vt 0.6655 0.9797
vt 0.6517 0.9734
vt 0.6729 0.9947
vt 0.4786 0.6323
vt 0.4660 0.6308
vt 0.4669 0.6389
vt 0.4581 0.6084
vt 0.4720 0.6414
vt 0.4771 0.6439
vt 0.4720 0.6414
vt 0.4669 0.6389
vt 0.4660 0.6308
vt 0.4581 0.6084
vt 0.4898 0.0174
vt 0.4941 0.0332
vt 0.4788 0.0338
vt 0.5024 0.0148
vt 0.4898 0.0174
vt 0.5112 0.0274
vt 0.5085 0.0459
vt 0.4840 0.0523
vt 0.4788 0.0338
vt 0.8366 0.9604
vt 0.8398 0.9371
vt 0.8366 0.9604
vt 0.8343 0.9279
vt 0.8178 0.9288
vt 0.8398 0.9371
vt 0.8498 0.9196
vt 0.8358 0.9200
vt 0.8346 0.9124
vt 0.8398 0.9371
vt 0.8176 0.9176
vt 0.8389 0.8983
vt 0.6711 0.0337
vt 0.6968 0.0444
vt 0.7008 0.0260
vt 0.7342 0.0388
vt 0.7600 0.0267
vt 0.6689 0.0253
vt 0.7008 0.0260
vt 0.6719 0.0166
vt 0.6989 0.0071
vt 0.7008 0.0260
vt 0.7359 0.0151
vt 0.7600 0.0267
vt 0.8275 0.9609
vt 0.8166 0.9452
vt 0.8162 0.9615
vt 0.7808 0.9452
vt 0.7888 0.9247
vt 0.7681 0.9263
vt 0.7815 0.9604
vt 0.8160 0.9736
vt 0.7841 0.9756
vt 0.7626 0.9729
vt 0.7377 0.9439
vt 0.7369 0.9558
vt 0.6926 0.9458
vt 0.6925 0.9564
vt 0.6671 0.9576
vt 0.6678 0.9463
vt 0.6850 0.9693
vt 0.6674 0.9714
vt 0.6429 0.9550
vt 0.6546 0.9399
vt 0.6691 0.9334
vt 0.7387 0.9285
vt 0.6919 0.9315
vt 0.6912 0.9176
vt 0.6663 0.9208
vt 0.6541 0.9309
vt 0.7375 0.9135
vt 0.6904 0.9077
vt 0.7363 0.9018
vt 0.7855 0.8911
vt 0.7810 0.9066
vt 0.8151 0.8868
vt 0.8168 0.9001
vt 0.8120 0.8742
vt 0.7839 0.8756
vt 0.7594 0.8805
vt 0.7332 0.8892
vt 0.6926 0.8955
vt 0.7898 0.9241
vt 0.8389 0.8983
vt 0.8299 0.8790
vt 0.8103 0.8515
vt 0.8306 0.8577
vt 0.7796 0.8536
vt 0.7530 0.8632
vt 0.7291 0.8763
vt 0.6954 0.8861
vt 0.6823 0.8844
vt 0.6837 0.8802
vt 0.6742 0.8976
vt 0.6638 0.8965
vt 0.6624 0.8825
vt 0.6653 0.9088
vt 0.6431 0.9011
vt 0.6341 0.9147
vt 0.6414 0.9246
vt 0.6965 0.8826
vt 0.6602 0.8890
vt 0.6623 0.8773
vt 0.6622 0.8721
vt 0.6851 0.8760
vt 0.8184 0.9890
vt 0.8371 0.9777
vt 0.7889 0.9946
vt 0.7624 0.9872
vt 0.7376 0.9768
vt 0.7375 0.9654
vt 0.6984 0.9675
vt 0.7029 0.9746
vt 0.6895 0.9792
vt 0.6695 0.9851
vt 0.6712 0.9899
vt 0.6921 0.9827
vt 0.7044 0.9771
vt 0.6948 0.9863
vt 0.6655 0.9797
vt 0.6517 0.9734
vt 0.6729 0.9947
vt 0.4660 0.6308
vt 0.4786 0.6323
vt 0.4669 0.6389
vt 0.4581 0.6084
vt 0.4720 0.6414
vt 0.4771 0.6439
vt 0.4720 0.6414
vt 0.4669 0.6389
vt 0.4660 0.6308
vt 0.4581 0.6084
vt 0.4941 0.0332
vt 0.4898 0.0174
vt 0.4788 0.0338
vt 0.5024 0.0148
vt 0.4898 0.0174
vt 0.5112 0.0274
vt 0.5085 0.0459
vt 0.4840 0.0523
vt 0.4788 0.0338
vt 0.8366 0.9604
vt 0.8398 0.9371
vt 0.8366 0.9604
vt 0.8398 0.9371
vt 0.8178 0.9288
vt 0.8343 0.9279
vt 0.8498 0.9196
vt 0.8358 0.9200
vt 0.8346 0.9124
vt 0.8398 0.9371
vt 0.8176 0.9176
vt 0.8389 0.8983
vt 0.1815 0.9546
vt 0.1676 0.9842
vt 0.2166 0.9832
vt 0.2295 0.9561
vt 0.1815 0.9546
vt 0.1676 0.9842
vt 0.5279 0.9912
vt 0.4737 0.8867
vt 0.4466 0.9868
vt 0.5467 0.9184
vt 0.5547 0.9010
vt 0.4890 0.8595
vt 0.6163 0.9245
vt 0.6090 0.9387
vt 0.6293 0.9824
vt 0.6242 0.9308
vt 0.4737 0.8867
vt 0.6090 0.9387
vt 0.5467 0.9184
vt 0.5547 0.9010
vt 0.4890 0.8595
vt 0.6163 0.9245
vt 0.6242 0.9308
vt 0.1676 0.9842
vt 0.1815 0.9546
vt 0.2166 0.9832
vt 0.2295 0.9561
vt 0.1815 0.9546
vt 0.1676 0.9842
vt 0.4737 0.8867
vt 0.5279 0.9912
vt 0.4466 0.9868
vt 0.5467 0.9184
vt 0.5547 0.9010
vt 0.4890 0.8595
vt 0.6163 0.9245
vt 0.6090 0.9387
vt 0.6293 0.9824
vt 0.6242 0.9308
vt 0.4737 0.8867
vt 0.6090 0.9387
vt 0.5467 0.9184
vt 0.5547 0.9010
vt 0.4890 0.8595
vt 0.6163 0.9245
vt 0.6242 0.9308
vt 0.0149 0.7309
vt 0.0149 0.7970
vt 0.0500 0.7217
vt 0.0521 0.7779
vt 0.1228 0.7606
vt 0.1226 0.7938
vt 0.1845 0.7510
vt 0.1836 0.7936
vt 0.0678 0.7936
vt 0.1227 0.7055
vt 0.1754 0.7030
vt 0.2096 0.7040
vt 0.2148 0.7470
vt 0.0690 0.6705
vt 0.1241 0.6746
vt 0.2255 0.7349
vt 0.2449 0.7582
vt 0.0614 0.8156
vt 0.1198 0.8190
vt 0.0317 0.8191
vt 0.0590 0.8333
vt 0.1746 0.8309
vt 0.1012 0.6353
vt 0.0594 0.6241
vt 0.0422 0.6304
vt 0.0387 0.6489
vt 0.0518 0.6004
vt 0.1650 0.8673
vt 0.1086 0.8531
vt 0.0854 0.8438
vt 0.0327 0.6211
vt 0.0422 0.6304
vt 0.1198 0.8190
vt 0.0614 0.8156
vt 0.1226 0.7938
vt 0.0678 0.7936
vt 0.0521 0.7779
vt 0.1228 0.7606
vt 0.1845 0.7510
vt 0.1836 0.7936
vt 0.0500 0.7217
vt 0.1227 0.7055
vt 0.1754 0.7030
vt 0.2096 0.7040
vt 0.2148 0.7470
vt 0.0690 0.6705
vt 0.1241 0.6746
vt 0.2255 0.7349
vt 0.2449 0.7582
vt 0.1012 0.6353
vt 0.0594 0.6241
vt 0.0422 0.6304
vt 0.0387 0.6489
vt 0.0149 0.6933
vt 0.0149 0.6556
vt 0.0387 0.6489
vt 0.0149 0.6556
vt 0.0387 0.6489
vt 0.0422 0.6304
vt 0.2218 0.7857
vt 0.1836 0.7936
vt 0.2218 0.7857
vt 0.1836 0.7936
vt 0.9467 0.6599
vt 0.9590 0.6911
vt 0.9426 0.6784
vt 0.9490 0.6931
vt 0.9733 0.6903
vt 0.9669 0.6561
vt 0.9669 0.6561
vt 0.9899 0.6943
vt 0.9899 0.6562
vt 0.9669 0.6561
vt 0.9733 0.6903
vt 0.9669 0.6561
vt 0.9740 0.6388
vt 0.9899 0.6400
vt 0.9899 0.6268
vt 0.9740 0.6388
vt 0.9669 0.6561
vt 0.9590 0.6911
vt 0.9467 0.6599
vt 0.9426 0.6784
vt 0.9490 0.6931
vt 0.9669 0.6561
vt 0.1836 0.7936
vt 0.2724 0.6580
vt 0.2498 0.6295
vt 0.2763 0.6490
vt 0.2498 0.6295
vt 0.2763 0.6490
vt 0.2763 0.6490
vt 0.2498 0.6295
vt 0.2798 0.6353
vt 0.0564 0.7943
vt 0.2798 0.6353
vt 0.2498 0.6295
vt 0.2854 0.6219
vt 0.1746 0.8309
vt 0.1836 0.7936
vt 0.2498 0.6295
vt 0.2763 0.6490
vt 0.2798 0.6353
vt 0.2498 0.6295
vt 0.2798 0.6353
vt 0.2854 0.6219
vt 0.9208 0.5679
vt 0.9625 0.6117
vt 0.9737 0.5915
vt 0.8862 0.6025
vt 0.9208 0.5679
vt 0.9780 0.5682
vt 0.9208 0.5679
vt 0.9410 0.5231
vt 0.9873 0.5182
vt 0.9784 0.4783
vt 0.9410 0.5231
vt 0.9342 0.4913
vt 0.9404 0.4218
vt 0.9013 0.4670
vt 0.8936 0.4806
vt 0.9257 0.5014
vt 0.9410 0.5231
vt 0.9297 0.5234
vt 0.9410 0.5231
vt 0.9208 0.5679
vt 0.9116 0.5608
vt 0.9410 0.5231
vt 0.8819 0.5910
vt 0.9208 0.5679
vt 0.8862 0.6025
vt 0.8862 0.6025
vt 0.8628 0.6126
vt 0.8591 0.6007
vt 0.8202 0.6037
vt 0.8628 0.6126
vt 0.8195 0.6162
vt 0.8195 0.6162
vt 0.8188 0.6850
vt 0.8628 0.6126
vt 0.8964 0.6802
vt 0.9397 0.6530
vt 0.8628 0.6126
vt 0.8862 0.6025
vt 0.8862 0.6025
vt 0.7726 0.6238
vt 0.7536 0.6648
vt 0.7944 0.6240
vt 0.8049 0.6633
vt 0.7903 0.7052
vt 0.7631 0.7061
vt 0.9625 0.6117
vt 0.9208 0.5679
vt 0.9737 0.5915
vt 0.8862 0.6025
vt 0.9208 0.5679
vt 0.9780 0.5682
vt 0.9208 0.5679
vt 0.9410 0.5231
vt 0.9873 0.5182
vt 0.9410 0.5231
vt 0.9784 0.4783
vt 0.9342 0.4913
vt 0.9404 0.4218
vt 0.9013 0.4670
vt 0.8936 0.4806
vt 0.9257 0.5014
vt 0.9410 0.5231
vt 0.9297 0.5234
vt 0.9410 0.5231
vt 0.9410 0.5231
vt 0.9116 0.5608
vt 0.9208 0.5679
vt 0.9208 0.5679
vt 0.8819 0.5910
vt 0.8862 0.6025
vt 0.8591 0.6007
vt 0.8628 0.6126
vt 0.8862 0.6025
vt 0.8628 0.6126
vt 0.8202 0.6037
vt 0.8195 0.6162
vt 0.8964 0.6802
vt 0.8188 0.6850
vt 0.8628 0.6126
vt 0.8195 0.6162
vt 0.8628 0.6126
vt 0.9397 0.6530
vt 0.8862 0.6025
vt 0.8862 0.6025
vt 0.8049 0.6633
vt 0.7536 0.6648
vt 0.7944 0.6240
vt 0.7726 0.6238
vt 0.7903 0.7052
vt 0.7631 0.7061
vt 0.9692 0.2772
vt 0.9705 0.2491
vt 0.9529 0.2717
vt 0.9620 0.2283
vt 0.9728 0.2292
vt 0.9506 0.2274
vt 0.6173 0.4433
vt 0.6125 0.3907
vt 0.6035 0.4432
vt 0.6317 0.3930
vt 0.6335 0.3810
vt 0.6276 0.3776
vt 0.6302 0.4434
vt 0.6189 0.0112
vt 0.6144 0.0079
vt 0.6144 0.0108
vt 0.6163 0.0145
vt 0.6189 0.0148
vt 0.6222 0.0146
vt 0.6243 0.0120
vt 0.6204 0.0064
vt 0.6233 0.0088
vt 0.7836 0.3225
vt 0.7841 0.2928
vt 0.7717 0.3165
vt 0.7739 0.3031
vt 0.7741 0.2860
vt 0.5647 0.6451
vt 0.5363 0.6209
vt 0.5590 0.6138
vt 0.5797 0.6187
vt 0.5841 0.6516
vt 0.5561 0.6958
vt 0.5826 0.5975
vt 0.5805 0.5756
vt 0.5407 0.5899
vt 0.6565 0.5853
vt 0.6347 0.6041
vt 0.6401 0.6459
vt 0.6595 0.6448
vt 0.6280 0.7066
vt 0.6499 0.6920
vt 0.6980 0.6899
vt 0.7109 0.7045
vt 0.6280 0.7066
vt 0.7124 0.6551
vt 0.7262 0.6663
vt 0.6565 0.5853
vt 0.5805 0.5756
vt 0.5590 0.6138
vt 0.5407 0.5899
vt 0.6595 0.6448
vt 0.6280 0.7066
vt 0.6499 0.6920
vt 0.6280 0.7066
vt 0.6980 0.6899
vt 0.7350 0.6263
vt 0.5436 0.5438
vt 0.5904 0.5400
vt 0.6443 0.5412
vt 0.5904 0.5281
vt 0.6276 0.5274
vt 0.6443 0.5412
vt 0.5904 0.5400
vt 0.5436 0.5438
vt 0.5435 0.5293
vt 0.7124 0.6551
vt 0.7350 0.6263
vt 0.7363 0.5438
vt 0.7527 0.6331
vt 0.7524 0.5433
vt 0.7359 0.3827
vt 0.7514 0.3631
vt 0.7181 0.3825
vt 0.6615 0.5145
vt 0.7363 0.5438
vt 0.7359 0.3827
vt 0.7181 0.3825
vt 0.7181 0.3628
vt 0.6615 0.5141
vt 0.6443 0.5020
vt 0.6443 0.5020
vt 0.5526 0.7166
vt 0.5561 0.6958
vt 0.5526 0.7166
vt 0.5555 0.6995
vt 0.5647 0.6451
vt 0.5555 0.6995
vt 0.5363 0.6209
vt 0.5326 0.6533
vt 0.5181 0.6751
vt 0.5526 0.7166
vt 0.5555 0.6995
vt 0.5526 0.7166
vt 0.5561 0.6958
vt 0.5326 0.6533
vt 0.5526 0.7166
vt 0.6612 0.3767
vt 0.6585 0.4727
vt 0.6437 0.3643
vt 0.6422 0.4697
vt 0.7129 0.3639
vt 0.7061 0.3766
vt 0.6612 0.3767
vt 0.6422 0.4697
vt 0.6585 0.4727
vt 0.6422 0.4697
vt 0.7061 0.3766
vt 0.0151 0.1788
vt 0.0275 0.1099
vt 0.0213 0.1754
vt 0.0349 0.1113
vt 0.0151 0.0426
vt 0.0273 0.0485
vt 0.0213 0.1754
vt 0.0349 0.1113
vt 0.0273 0.0485
vt 0.0151 0.0426
vt 0.4927 0.6370
vt 0.4927 0.6366
vt 0.5114 0.6659
vt 0.5222 0.6466
vt 0.5265 0.6190
vt 0.5002 0.5872
vt 0.5331 0.5897
vt 0.5039 0.5416
vt 0.5340 0.5442
vt 0.5055 0.5274
vt 0.5055 0.5274
vt 0.5361 0.5300
vt 0.5340 0.5442
vt 0.5039 0.5416
vt 0.5331 0.5897
vt 0.5055 0.5274
vt 0.5002 0.5872
vt 0.5265 0.6190
vt 0.4927 0.6366
vt 0.5222 0.6466
vt 0.5114 0.6659
vt 0.4927 0.6370
vn 0.0000 0.6289 0.7775
vn 0.0000 0.3289 0.9444
vn 0.8922 0.0676 0.4466
vn 0.7590 0.0353 0.6502
vn 0.0000 0.4060 0.9139
vn 0.9678 -0.2500 0.0305
vn 0.9688 -0.1815 0.1687
vn 0.9722 -0.2208 -0.0777
vn 0.9026 -0.1238 0.4124
vn -0.0000 -0.1204 0.9927
vn 0.0000 0.0860 0.9963
vn 0.4036 0.4102 0.8179
vn -0.0001 0.4440 0.8960
vn -0.0000 0.8575 0.5145
vn 0.8456 0.4746 0.2446
vn 0.9420 -0.2574 0.2156
vn 0.4257 0.4284 0.7970
vn -0.8922 0.0676 0.4466
vn -0.7579 0.0335 0.6515
vn -0.9026 -0.1238 0.4124
vn -0.4036 0.4102 0.8178
vn -0.8456 0.4746 0.2445
vn -0.9678 -0.2500 0.0305
vn -0.9688 -0.1815 0.1687
vn -0.9722 -0.2208 -0.0777
vn -0.9420 -0.2573 0.2156
vn -0.4257 0.4284 0.7970
vn 0.5275 0.2962 0.7962
vn 0.9123 0.3972 -0.1000
vn 0.7178 0.2777 0.6384
vn 0.8862 0.4541 -0.0920
vn 0.5241 0.2298 -0.8200
vn 0.2067 0.3700 0.9058
vn 0.9111 0.3290 0.2484
vn 0.0084 0.4931 0.8699
vn 0.6174 0.1111 -0.7788
vn -0.4993 0.1850 -0.8464
vn 0.9772 -0.0590 -0.2038
vn -0.2367 0.5487 0.8018
vn 0.7759 -0.0019 0.6309
vn 0.3392 -0.4357 0.8337
vn 0.9772 -0.0590 -0.2037
vn 0.5997 -0.6824 0.4181
vn 0.3227 -0.8885 0.3261
vn 0.4006 -0.6172 0.6772
vn 0.3279 -0.9225 0.2036
vn -0.0489 -0.6095 0.7913
vn -0.7894 0.2248 -0.5713
vn -0.9583 0.2395 -0.1558
vn -0.6028 0.6626 0.4445
vn -0.6182 0.4791 0.6231
vn -0.4286 0.6327 0.6450
vn -0.9200 0.1228 -0.3721
vn -0.7894 0.2249 -0.5712
vn -0.8485 0.1945 -0.4922
vn -0.9002 0.2382 -0.3647
vn -0.9724 -0.0411 -0.2297
vn -0.9958 0.0033 -0.0917
vn -0.7776 0.6110 0.1487
vn -0.8711 0.0299 -0.4902
vn -0.9991 -0.0114 0.0408
vn 0.3060 -0.0969 -0.9471
vn 0.8474 0.4339 -0.3060
vn 0.3359 -0.5161 -0.7879
vn 0.7111 -0.4849 -0.5092
vn 0.9742 -0.2094 -0.0844
vn 0.3818 0.7450 0.5471
vn 0.8068 -0.2692 0.5259
vn -0.0289 0.6228 0.7819
vn 0.0263 0.3659 -0.9303
vn 0.4830 0.8752 -0.0286
vn -0.0460 0.4820 0.8749
vn 0.8328 -0.0130 0.5534
vn 0.7993 -0.1453 0.5830
vn -0.0390 0.3890 0.9204
vn 0.7946 -0.0217 0.6068
vn 0.1455 0.5511 0.8216
vn 0.0000 0.3953 0.9186
vn 0.8278 0.0459 0.5592
vn -0.7946 -0.0217 0.6068
vn -0.1455 0.5511 0.8217
vn 0.0390 0.3890 0.9204
vn -0.7993 -0.1453 0.5830
vn 0.0460 0.4820 0.8749
vn -0.8328 -0.0130 0.5534
vn -0.8068 -0.2692 0.5259
vn 0.0289 0.6228 0.7819
vn -0.3818 0.7450 0.5471
vn -0.9742 -0.2094 -0.0844
vn -0.8474 0.4339 -0.3060
vn -0.7111 -0.4849 -0.5092
vn -0.3359 -0.5161 -0.7879
vn -0.3060 -0.0969 -0.9471
vn -0.0263 0.3659 -0.9303
vn -0.4830 0.8752 -0.0286
vn -0.8278 0.0459 0.5592
vn 0.8075 -0.2702 0.5244
vn 0.6169 -0.0585 0.7849
vn 0.5960 0.1793 0.7827
vn 0.8985 0.0574 0.4353
vn 0.9014 -0.3304 0.2799
vn 0.9396 -0.1039 -0.3260
vn -0.0000 -0.0488 0.9988
vn -0.0000 -0.3384 0.9410
vn 0.6598 -0.3298 0.6752
vn 0.7382 -0.1978 0.6450
vn 0.7138 -0.1087 0.6918
vn 0.9084 -0.3620 0.2092
vn 0.8832 -0.3357 -0.3274
vn 0.2855 -0.3055 -0.9084
vn 0.4828 -0.0391 -0.8749
vn -0.2546 0.0204 -0.9668
vn 0.0485 -0.0334 -0.9983
vn -0.6598 -0.3298 0.6752
vn -0.7382 -0.1978 0.6450
vn -0.6169 -0.0585 0.7849
vn -0.7138 -0.1087 0.6918
vn -0.5960 0.1793 0.7827
vn -0.9084 -0.3620 0.2092
vn -0.8985 0.0574 0.4353
vn -0.8832 -0.3357 -0.3274
vn -0.9396 -0.1039 -0.3260
vn -0.2855 -0.3055 -0.9084
vn -0.4828 -0.0391 -0.8749
vn 0.2546 0.0204 -0.9668
vn -0.0485 -0.0334 -0.9983
vn 0.7448 -0.0681 0.6638
vn 0.8910 -0.3749 0.2562
vn 0.9470 -0.2503 0.2012
vn 0.8130 -0.3431 0.4705
vn 0.4630 0.2751 0.8426
vn 0.6494 -0.1964 0.7347
vn -0.1359 0.3952 0.9085
vn -0.2459 0.2693 0.9311
vn 0.8714 -0.3162 -0.3751
vn 0.7509 -0.2316 -0.6185
vn 0.2801 0.0072 -0.9600
vn 0.2827 0.0094 -0.9592
vn 0.5437 0.0982 -0.8335
vn 0.3567 -0.1426 -0.9233
vn -0.0375 0.2819 0.9587
vn 0.5250 -0.1382 0.8398
vn 0.3825 -0.2386 -0.8926
vn -0.0000 0.1563 0.9877
vn 0.5830 -0.2321 0.7786
vn 0.0000 -0.2448 0.9696
vn -0.5830 -0.2321 0.7786
vn -0.5250 -0.1382 0.8398
vn 0.0375 0.2819 0.9587
vn -0.6494 -0.1964 0.7347
vn 0.2459 0.2693 0.9311
vn 0.1359 0.3952 0.9085
vn -0.4630 0.2751 0.8426
vn -0.8130 -0.3431 0.4705
vn -0.7448 -0.0681 0.6638
vn -0.8910 -0.3749 0.2562
vn -0.9470 -0.2503 0.2012
vn -0.8714 -0.3162 -0.3751
vn -0.7509 -0.2316 -0.6185
vn -0.2801 0.0072 -0.9600
vn -0.2827 0.0094 -0.9592
vn -0.5437 0.0982 -0.8335
vn -0.3567 -0.1426 -0.9233
vn -0.3825 -0.2386 -0.8926
vn 0.7508 -0.2316 -0.6185
vn 0.8315 -0.1578 0.5326
vn 0.5918 -0.3174 -0.7410
vn 0.9158 -0.3804 -0.1287
vn 0.5608 0.4253 0.7103
vn 0.4150 0.6594 0.6268
vn 0.3842 0.6293 0.6755
vn 0.5114 0.1933 0.8373
vn 0.6132 0.7593 -0.2179
vn 0.3541 0.6553 -0.6673
vn 0.2748 0.0019 -0.9615
vn 0.2444 0.9569 0.1568
vn 0.3916 0.6487 0.6526
vn 0.5433 0.8195 0.1824
vn 0.8568 -0.0603 0.5121
vn -0.0000 0.2111 0.9775
vn -0.0000 -0.5385 0.8427
vn 0.7870 0.5641 -0.2499
vn 0.9796 0.1827 -0.0839
vn 0.8313 -0.2862 0.4765
vn 0.2462 0.8125 -0.5285
vn 0.0000 0.7600 -0.6499
vn -0.0000 0.6960 -0.7180
vn 0.2438 0.5985 0.7631
vn 0.0000 0.5568 0.8307
vn 0.4216 0.1607 0.8924
vn 0.0000 0.2581 0.9661
vn 0.0000 -0.5687 0.8226
vn -0.0000 0.1605 -0.9870
vn 0.0000 0.5746 -0.8184
vn 0.5638 0.1558 -0.8111
vn -0.0000 -0.2356 -0.9719
vn 0.2640 0.6580 -0.7052
vn 0.2541 -0.4494 -0.8564
vn 0.3567 -0.1425 -0.9233
vn -0.5638 0.1558 -0.8111
vn -0.2640 0.6580 -0.7052
vn 0.5638 0.1558 -0.8110
vn 0.5438 0.0982 -0.8335
vn 0.3425 0.7623 -0.5492
vn 0.8249 -0.0807 -0.5595
vn 0.6550 -0.3156 -0.6866
vn 0.6227 -0.4251 -0.6569
vn -0.0000 0.2848 -0.9586
vn -0.2044 0.9081 -0.3656
vn 0.0000 -0.6198 -0.7847
vn 0.6339 -0.6734 -0.3805
vn 0.8156 0.0872 -0.5720
vn -0.6227 -0.4251 -0.6569
vn -0.6339 -0.6734 -0.3805
vn -0.8156 0.0872 -0.5720
vn -0.8249 -0.0807 -0.5595
vn -0.6549 -0.3156 -0.6866
vn -0.5438 0.0982 -0.8335
vn -0.3425 0.7623 -0.5492
vn -0.5638 0.1558 -0.8110
vn -0.0000 0.7970 -0.6040
vn 0.2044 0.9081 -0.3656
vn -0.2801 0.0071 -0.9600
vn -0.8713 -0.3163 -0.3752
vn -0.9014 -0.3304 0.2799
vn -0.8075 -0.2702 0.5243
vn -0.8130 -0.3431 0.4704
vn -0.6169 -0.0586 0.7849
vn -0.5831 -0.2320 0.7786
vn 0.5831 -0.2320 0.7786
vn 0.6169 -0.0586 0.7849
vn 0.8075 -0.2702 0.5243
vn 0.8130 -0.3431 0.4704
vn 0.8713 -0.3163 -0.3752
vn 0.2801 0.0071 -0.9600
vn 0.5410 -0.2113 -0.8140
vn 0.5410 -0.2114 -0.8140
vn 0.8531 0.1492 -0.5000
vn 0.0545 0.7173 -0.6946
vn 0.7522 -0.1371 -0.6445
vn 0.4302 -0.2530 -0.8666
vn -0.0000 0.2280 -0.9737
vn -0.3324 0.8048 -0.4918
vn -0.6912 0.1318 -0.7106
vn 0.2417 -0.0476 -0.9692
vn 0.7105 -0.2376 -0.6624
vn 0.4438 -0.1358 -0.8858
vn 0.3687 0.0484 -0.9283
vn 0.2708 -0.2646 -0.9256
vn 0.1723 0.0569 -0.9834
vn 0.4572 0.5009 -0.7349
vn 0.3823 -0.2103 -0.8998
vn -0.0668 0.0816 -0.9944
vn 0.6188 -0.5091 -0.5982
vn -0.2546 0.0205 -0.9668
vn 0.6353 0.7713 0.0392
vn 0.4829 0.8752 -0.0286
vn 0.8474 0.4340 -0.3060
vn 0.1606 0.7964 0.5831
vn -0.0289 0.6228 0.7818
vn 0.7599 -0.3680 -0.5358
vn 0.0219 0.6362 0.7712
vn 0.8397 0.1830 0.5113
vn 0.8372 -0.2043 0.5072
vn 0.5911 0.1102 0.7990
vn 0.9509 0.1736 -0.2564
vn -0.0460 0.4820 0.8750
vn -0.0976 0.4862 0.8684
vn -0.0751 0.4621 0.8836
vn 0.6079 -0.1546 0.7788
vn 0.6597 -0.3298 0.6752
vn -0.0000 -0.3674 0.9300
vn 0.1455 0.5511 0.8217
vn -0.0000 0.5787 0.8155
vn -0.1454 0.5511 0.8217
vn -0.6597 -0.3298 0.6752
vn -0.6079 -0.1546 0.7788
vn -0.5911 0.1102 0.7990
vn -0.8372 -0.2043 0.5072
vn -0.0219 0.6362 0.7712
vn -0.8397 0.1830 0.5113
vn -0.1606 0.7964 0.5831
vn -0.9509 0.1736 -0.2564
vn 0.0289 0.6228 0.7818
vn -0.6353 0.7713 0.0392
vn -0.8474 0.4340 -0.3060
vn -0.4829 0.8752 -0.0286
vn -0.4572 0.5009 -0.7349
vn -0.7599 -0.3680 -0.5358
vn 0.0460 0.4820 0.8750
vn 0.0976 0.4862 0.8684
vn 0.0751 0.4621 0.8836
vn -0.3823 -0.2103 -0.8998
vn -0.2708 -0.2646 -0.9256
vn -0.1723 0.0569 -0.9834
vn -0.3687 0.0484 -0.9283
vn -0.7522 -0.1371 -0.6445
vn -0.4438 -0.1358 -0.8858
vn -0.7105 -0.2376 -0.6624
vn 0.0668 0.0816 -0.9944
vn -0.6188 -0.5091 -0.5982
vn 0.2546 0.0205 -0.9668
vn -0.0545 0.7173 -0.6946
vn -0.8531 0.1492 -0.5000
vn -0.5410 -0.2114 -0.8140
vn 0.3324 0.8048 -0.4918
vn 0.6912 0.1318 -0.7106
vn -0.4302 -0.2530 -0.8666
vn -0.2417 -0.0476 -0.9692
vn -0.0000 -0.5650 -0.8251
vn 0.7299 0.0923 -0.6774
vn 0.7211 -0.4416 -0.5339
vn 0.7104 -0.2376 -0.6624
vn 0.6248 -0.2865 -0.7263
vn 0.2882 -0.5390 -0.7915
vn 0.6068 -0.0687 -0.7919
vn -0.5410 -0.2113 -0.8140
vn -0.4098 0.1546 -0.8990
vn -0.1053 -0.2865 -0.9523
vn -0.5410 -0.2113 -0.8141
vn -0.6227 -0.4251 -0.6570
vn -0.1513 -0.4074 -0.9006
vn -0.7298 0.0923 -0.6774
vn -0.7211 -0.4416 -0.5339
vn 0.9390 -0.3340 -0.0823
vn 0.1469 -0.9445 -0.2939
vn 0.2689 -0.6935 0.6684
vn 0.9626 -0.2078 0.1737
vn 0.7947 -0.0579 0.6042
vn 0.6874 0.3441 0.6396
vn 0.8305 0.0525 -0.5546
vn 0.5734 0.3021 -0.7616
vn -0.2435 -0.4587 0.8546
vn -0.5711 -0.8209 0.0043
vn 0.1002 -0.9925 -0.0703
vn 0.0000 -0.9374 -0.3481
vn 0.2503 -0.4560 -0.8540
vn -0.1938 -0.2491 -0.9489
vn 0.9317 -0.1456 -0.3329
vn -0.0000 -0.7606 -0.6492
vn -0.0000 -0.9375 -0.3481
vn 0.9810 -0.0723 -0.1800
vn 0.9271 -0.3723 -0.0436
vn 0.7946 -0.0216 0.6068
vn 0.8412 -0.5345 0.0821
vn 0.7993 -0.1454 0.5830
vn 0.8955 -0.2853 0.3415
vn 0.0000 -0.9950 -0.0999
vn 0.6838 -0.6861 -0.2483
vn 0.8607 -0.2055 -0.4658
vn 0.7437 -0.5335 -0.4028
vn 0.7558 -0.2795 -0.5921
vn 0.0000 -0.6033 -0.7975
vn -0.0000 -0.2527 -0.9675
vn 0.0000 -0.0316 -0.9995
vn 0.7796 -0.2906 -0.5548
vn 0.8593 -0.3582 -0.3650
vn 0.7487 -0.1022 -0.6550
vn 0.7562 0.0887 -0.6483
vn 0.3477 0.6408 -0.6845
vn 0.0726 0.2068 -0.9757
vn -0.0000 0.4466 -0.8948
vn 0.6582 -0.3499 -0.6666
vn -0.0000 0.3975 -0.9176
vn 0.7076 -0.4685 -0.5289
vn 0.8499 -0.5084 -0.1388
vn 0.3334 -0.4623 -0.8217
vn 0.8650 -0.2935 0.4070
vn 0.9448 -0.1522 0.2903
vn 0.8328 -0.0130 0.5535
vn 0.4642 -0.1518 -0.8727
vn 0.7101 -0.3262 -0.6240
vn -0.4386 -0.1756 -0.8814
vn 0.2595 -0.2065 -0.9434
vn -0.6183 0.2611 -0.7413
vn 0.8196 -0.0637 -0.5694
vn -0.0000 0.2303 -0.9731
vn 0.7944 0.0613 -0.6043
vn 0.4283 0.1129 -0.8965
vn 0.4641 -0.1518 -0.8727
vn 0.1028 0.5843 -0.8050
vn -0.2788 0.7715 -0.5719
vn -0.0369 0.1627 -0.9860
vn 0.7945 -0.2069 -0.5710
vn 0.2638 0.0436 -0.9636
vn -0.0398 0.4254 -0.9041
vn 0.4241 0.0683 -0.9030
vn -0.0000 -0.5377 -0.8431
vn -0.6582 -0.3499 -0.6666
vn -0.0726 0.2068 -0.9757
vn -0.3477 0.6408 -0.6845
vn -0.7487 -0.1022 -0.6550
vn -0.7562 0.0887 -0.6483
vn -0.7796 -0.2906 -0.5548
vn -0.8593 -0.3582 -0.3650
vn -0.8305 0.0525 -0.5546
vn -0.7558 -0.2795 -0.5921
vn -0.7437 -0.5335 -0.4028
vn -0.8607 -0.2055 -0.4658
vn -0.6838 -0.6861 -0.2483
vn -0.2503 -0.4560 -0.8540
vn -0.5734 0.3021 -0.7616
vn -0.6874 0.3441 0.6396
vn -0.7947 -0.0578 0.6042
vn -0.2689 -0.6935 0.6684
vn -0.9626 -0.2078 0.1737
vn 0.2435 -0.4587 0.8546
vn 0.5711 -0.8209 0.0043
vn -0.1002 -0.9925 -0.0703
vn 0.1938 -0.2491 -0.9489
vn -0.8412 -0.5345 0.0821
vn -0.8955 -0.2853 0.3415
vn -0.7993 -0.1454 0.5830
vn -0.7946 -0.0216 0.6068
vn -0.9810 -0.0723 -0.1800
vn -0.9271 -0.3723 -0.0436
vn -0.9317 -0.1456 -0.3329
vn -0.9390 -0.3340 -0.0823
vn -0.2807 -0.9210 -0.2699
vn -0.9448 -0.1522 0.2903
vn -0.8328 -0.0130 0.5535
vn -0.8650 -0.2935 0.4070
vn -0.8499 -0.5084 -0.1388
vn -0.7077 -0.4685 -0.5289
vn -0.3334 -0.4623 -0.8217
vn 0.4386 -0.1756 -0.8814
vn -0.2595 -0.2065 -0.9434
vn 0.6183 0.2611 -0.7413
vn 0.8208 0.1585 -0.5487
vn 0.7819 -0.0038 -0.6233
vn 0.0286 -0.0418 -0.9987
vn -0.4241 0.0683 -0.9030
vn 0.0398 0.4254 -0.9041
vn -0.4642 -0.1518 -0.8727
vn -0.7101 -0.3262 -0.6240
vn -0.8196 -0.0637 -0.5694
vn -0.7944 0.0613 -0.6043
vn -0.7945 -0.2069 -0.5710
vn -0.4283 0.1129 -0.8965
vn -0.4641 -0.1518 -0.8727
vn -0.1028 0.5843 -0.8050
vn 0.2788 0.7715 -0.5719
vn 0.0369 0.1627 -0.9860
vn -0.2638 0.0436 -0.9636
vn 0.2871 0.3309 0.8989
vn -0.0000 -0.1217 0.9926
vn 0.0422 0.2637 0.9637
vn -0.2571 0.2034 0.9447
vn -0.0387 0.2157 0.9757
vn 0.0000 -0.1579 0.9874
vn -0.0000 0.3636 0.9315
vn 0.0387 0.2157 0.9757
vn -0.4216 0.1607 0.8924
vn -0.2871 0.3309 0.8989
vn -0.0422 0.2637 0.9637
vn 0.2571 0.2034 0.9447
vn -0.5114 0.1933 0.8373
vn -0.8315 -0.1578 0.5326
vn 0.0000 0.4146 0.9100
vn -0.0000 -0.0753 0.9972
vn 0.6769 0.1167 0.7268
vn 0.8753 -0.4706 -0.1110
vn 0.5028 -0.7833 -0.3656
vn -0.6769 0.1167 0.7268
vn -0.8753 -0.4706 -0.1110
vn -0.5028 -0.7833 -0.3656
vn -0.6068 -0.0687 -0.7919
vn 0.1053 -0.2865 -0.9523
vn 0.4098 0.1546 -0.8990
vn 0.6227 -0.4251 -0.6570
vn 0.5410 -0.2113 -0.8141
vn 0.1513 -0.4074 -0.9006
vn 0.0422 0.2636 0.9637
vn 0.2871 0.3309 0.8990
vn -0.0375 0.2818 0.9587
vn 0.0000 0.3637 0.9315
vn 0.0375 0.2818 0.9587
vn -0.0422 0.2636 0.9637
vn -0.2871 0.3309 0.8990
vn 0.2807 -0.9210 -0.2699
vn 0.0000 -0.9805 -0.1963
vn -0.8208 0.1585 -0.5487
vn -0.7819 -0.0038 -0.6233
vn -0.0286 -0.0418 -0.9987
vn -0.9123 0.3972 -0.1000
vn -0.5275 0.2962 0.7962
vn -0.7178 0.2777 0.6384
vn -0.8862 0.4541 -0.0920
vn -0.5241 0.2298 -0.8200
vn -0.2067 0.3700 0.9058
vn -0.9111 0.3290 0.2484
vn -0.0084 0.4931 0.8699
vn -0.6174 0.1111 -0.7788
vn 0.4993 0.1850 -0.8464
vn -0.9772 -0.0590 -0.2038
vn -0.7759 -0.0019 0.6309
vn 0.2367 0.5487 0.8018
vn -0.3392 -0.4357 0.8337
vn -0.9772 -0.0590 -0.2037
vn -0.5997 -0.6824 0.4181
vn -0.3228 -0.8885 0.3261
vn -0.4006 -0.6172 0.6772
vn -0.3279 -0.9225 0.2036
vn 0.0489 -0.6095 0.7913
vn 0.6182 0.4791 0.6231
vn 0.9583 0.2395 -0.1558
vn 0.4286 0.6327 0.6450
vn 0.7894 0.2248 -0.5712
vn 0.6028 0.6625 0.4445
vn 0.9002 0.2382 -0.3647
vn 0.7894 0.2249 -0.5712
vn 0.8485 0.1945 -0.4922
vn 0.9200 0.1228 -0.3721
vn 0.7776 0.6110 0.1486
vn 0.9958 0.0033 -0.0917
vn 0.9724 -0.0411 -0.2297
vn 0.8711 0.0299 -0.4902
vn 0.9991 -0.0114 0.0408
vn -0.8075 -0.2702 0.5244
vn -0.5918 -0.3175 -0.7410
vn -0.7508 -0.2316 -0.6185
vn -0.9158 -0.3804 -0.1286
vn -0.5608 0.4253 0.7103
vn -0.4150 0.6594 0.6268
vn -0.3842 0.6293 0.6755
vn -0.6146 0.7580 -0.2183
vn -0.3541 0.6553 -0.6672
vn -0.2748 0.0019 -0.9615
vn -0.2444 0.9569 0.1568
vn -0.3916 0.6487 0.6526
vn -0.5433 0.8195 0.1824
vn -0.8568 -0.0603 0.5121
vn -0.7870 0.5641 -0.2499
vn -0.9796 0.1827 -0.0839
vn -0.8313 -0.2862 0.4765
vn -0.2462 0.8125 -0.5285
vn -0.2438 0.5985 0.7631
vn -0.2541 -0.4494 -0.8564
vn -0.3567 -0.1425 -0.9233
vn -0.1469 -0.9445 -0.2939
vn -0.7104 -0.2376 -0.6624
vn -0.2882 -0.5390 -0.7915
vn -0.6248 -0.2865 -0.7263
vn 0.8062 -0.4399 -0.3956
vn 0.6706 -0.7362 -0.0913
vn 0.3635 -0.6846 -0.6319
vn 0.4956 0.2662 -0.8267
vn 0.9702 -0.0904 -0.2247
vn 0.4712 0.2444 -0.8475
vn 0.3804 0.9246 -0.0195
vn 0.4956 0.2662 -0.8268
vn 0.4712 0.2445 -0.8475
vn 0.9170 0.3980 -0.0278
vn 0.6515 0.6607 0.3728
vn 0.2349 0.8706 0.4323
vn 0.9702 -0.0905 -0.2247
vn 0.9678 -0.1709 0.1847
vn 0.7032 -0.7027 0.1083
vn 0.8855 -0.4584 0.0767
vn 0.9734 -0.2290 -0.0112
vn -0.0119 -0.9980 -0.0613
vn 0.8855 -0.4583 0.0767
vn 0.9161 -0.2268 0.3307
vn 0.8773 -0.0356 -0.4786
vn 0.9296 -0.1207 -0.3482
vn 0.1204 0.1837 -0.9756
vn 0.1239 0.0604 -0.9905
vn 0.8661 -0.4889 -0.1040
vn 0.0185 -0.7560 -0.6543
vn 0.9941 -0.1082 -0.0001
vn 0.9578 0.0403 0.2844
vn 0.8581 -0.4162 0.3009
vn -0.0976 -0.7924 0.6022
vn -0.0770 -0.1332 0.9881
vn 0.8940 -0.1163 0.4327
vn 0.0876 -0.1574 0.9836
vn 0.8034 -0.5932 0.0520
vn 0.8139 -0.4201 -0.4013
vn 0.0691 -0.7191 -0.6914
vn 0.3773 -0.7386 0.5587
vn 0.6769 -0.4166 -0.6069
vn -0.0001 -0.4491 -0.8935
vn -0.9627 -0.2002 0.1819
vn -0.9872 0.0919 -0.1303
vn -0.8453 0.0618 -0.5306
vn -0.9714 0.1920 0.1396
vn -0.7559 0.1477 -0.6377
vn -0.9849 -0.0339 0.1696
vn -0.8991 -0.3241 -0.2942
vn -0.8486 0.5118 0.1342
vn -0.7241 0.6642 0.1855
vn -0.8884 0.4437 0.1178
vn 0.1809 0.9211 0.3447
vn -0.2334 0.7021 0.6728
vn 0.9298 0.2827 0.2356
vn 0.8576 0.4264 0.2876
vn 0.8760 0.4270 0.2244
vn -0.0909 0.9441 0.3168
vn 0.9379 -0.1157 -0.3270
vn 0.9188 0.0756 -0.3873
vn 0.1888 -0.2967 -0.9361
vn 0.2238 0.2035 -0.9531
vn 0.8302 0.3936 -0.3948
vn 0.0076 0.9325 -0.3612
vn 0.7956 0.5786 0.1796
vn 0.9321 0.0069 0.3620
vn -0.7500 0.0101 -0.6614
vn -0.8409 0.1742 -0.5124
vn -0.9494 0.0331 0.3122
vn -0.2115 -0.1462 0.9664
vn -0.8605 -0.5089 -0.0228
vn -0.7117 -0.3149 -0.6279
vn -0.5001 -0.7014 0.5079
vn -0.6472 -0.3274 -0.6884
vn -0.8965 0.3057 -0.3206
vn -0.9819 0.0650 0.1777
vn -0.6990 0.7022 0.1356
vn 0.0977 0.9593 0.2649
vn -0.0480 0.1515 0.9873
vn 0.2544 0.2024 0.9457
vn 0.5039 -0.3553 -0.7873
vn 0.8751 -0.3125 -0.3696
vn 0.0460 -0.6596 -0.7502
vn -0.8182 -0.1489 -0.5553
vn -0.9465 -0.3213 0.0287
vn -0.1263 -0.6793 0.7229
vn -0.8958 -0.3312 0.2963
vn -0.0918 -0.8405 0.5340
vn -0.1853 -0.8596 0.4762
vn -0.0816 -0.9918 0.0982
vn 0.7556 -0.4966 0.4272
vn 0.8454 -0.4884 0.2162
vn -0.8959 -0.3312 0.2963
vn 0.1573 0.6650 0.7301
vn 0.7722 0.4989 0.3936
vn 0.0977 0.9594 0.2646
vn -0.6990 0.7021 0.1356
vn -0.9299 0.1422 0.3392
vn -0.0480 0.1516 0.9873
vn -0.6390 0.1203 0.7598
vn 0.7796 -0.1939 0.5955
vn -0.0971 -0.2173 0.9713
vn 0.8259 -0.3634 0.4310
vn -0.0086 -0.5608 0.8279
vn -0.0650 0.4113 0.9092
vn 0.9270 0.0021 0.3751
vn -0.9147 -0.1940 0.3546
vn -0.8969 0.0102 0.4420
vn -0.3018 0.3411 0.8903
vn -0.9374 0.2148 0.2741
vn -0.0650 0.4114 0.9091
vn 0.5707 -0.6745 0.4684
vn 0.4234 -0.4216 0.8019
vn 0.3921 0.3545 0.8489
vn -0.0649 0.4114 0.9092
vn 0.8759 0.4270 0.2244
vn -0.9147 -0.1940 0.3547
vn -0.7071 -0.5658 0.4241
vn -0.4261 -0.3793 0.8213
vn -0.5632 -0.2183 0.7970
vn 0.2138 0.4552 0.8644
vn -0.7979 0.5233 0.2991
vn 0.1413 0.9600 0.2417
vn 0.8641 0.1593 0.4774
vn 0.8426 0.4804 -0.2434
vn 0.8582 -0.4963 0.1306
vn 0.5500 -0.5013 -0.6680
vn 0.2419 -0.9698 0.0329
vn -0.2568 -0.8081 -0.5300
vn -0.3415 -0.8896 0.3031
vn -0.8793 -0.4545 -0.1426
vn -0.8334 0.1598 -0.5291
vn -0.2990 -0.5471 -0.7818
vn 0.0653 0.3826 -0.9216
vn -0.2002 0.9542 -0.2222
vn 0.4198 -0.4838 0.7679
vn -0.6469 -0.1049 0.7554
vn 0.0215 0.4698 0.8825
vn -0.8255 0.5036 0.2549
vn 0.1136 0.9610 0.2520
vn 0.7750 0.2638 0.5743
vn 0.8845 0.3866 -0.2611
vn 0.8474 -0.5140 0.1334
vn 0.5967 -0.4571 -0.6595
vn 0.2203 -0.9754 0.0118
vn -0.1874 -0.7644 -0.6169
vn -0.4731 -0.8317 0.2905
vn -0.9061 -0.3729 -0.1997
vn -0.6734 0.2882 -0.6807
vn -0.4660 -0.1430 -0.8731
vn -0.0022 -0.1051 -0.9945
vn 0.4280 -0.1085 -0.8972
vn -0.0194 0.6393 -0.7687
vn 0.2593 -0.4325 0.8636
vn -0.8012 0.5312 -0.2757
vn -0.5137 -0.1975 -0.8349
vn 0.2566 -0.6668 -0.6997
vn -0.8540 -0.0158 -0.5201
vn 0.0000 -0.7530 -0.6581
vn -0.0001 0.1454 -0.9894
vn 0.0000 -0.7756 -0.6313
vn 0.0000 -0.6198 -0.7848
vn -0.0134 -0.8725 -0.4884
vn 0.5137 -0.1975 -0.8349
vn -0.2566 -0.6668 -0.6997
vn 0.8540 -0.0158 -0.5201
vn 0.0134 -0.8725 -0.4884
vn -0.9789 -0.2010 0.0369
vn -0.0134 -0.8725 -0.4885
vn -0.7729 -0.5500 -0.3166
vn -0.2103 -0.9147 -0.3451
vn -0.3356 -0.8185 -0.4664
vn -0.7972 -0.2184 -0.5628
vn -0.4819 -0.8741 -0.0610
vn -0.3229 -0.7805 -0.5353
vn -0.0474 -0.7141 -0.6984
vn -0.2761 -0.8279 -0.4882
vn 0.0000 -0.9208 -0.3901
vn 0.0000 -0.9386 -0.3449
vn 0.2103 -0.9147 -0.3451
vn 0.3229 -0.7805 -0.5353
vn 0.7729 -0.5500 -0.3166
vn 0.3356 -0.8185 -0.4664
vn 0.7972 -0.2184 -0.5628
vn 0.4819 -0.8741 -0.0610
vn 0.2761 -0.8279 -0.4882
vn 0.0474 -0.7141 -0.6984
vn 0.0134 -0.8725 -0.4885
vn 0.9789 -0.2010 0.0369
vn -0.4848 0.7999 -0.3538
vn -0.6340 0.4996 -0.5902
vn -0.7780 0.6235 -0.0769
vn -0.9357 0.2912 -0.1993
vn -0.8388 0.4965 0.2233
vn -0.9926 0.0649 0.1030
vn -0.6555 0.4182 -0.6288
vn -0.9457 0.1957 -0.2594
vn -0.4835 0.8673 0.1186
vn -0.9988 0.0191 0.0444
vn -0.9532 0.0088 0.3022
vn -0.9822 0.0145 0.1875
vn -0.8645 -0.2223 0.4507
vn -0.7208 0.2958 0.6269
vn -0.8483 -0.0040 0.5295
vn -0.8664 0.1774 0.4668
vn -0.7014 0.5307 0.4758
vn -0.5568 0.7646 0.3246
vn 0.0000 0.9375 0.3481
vn 0.0000 0.9978 0.0666
vn -0.7645 0.4037 0.5025
vn -0.0000 0.8686 0.4954
vn 0.0000 0.7248 0.6890
vn -0.7301 0.0738 0.6794
vn -0.5771 0.3424 0.7414
vn 0.0000 0.3955 0.9185
vn -0.7428 0.0547 0.6673
vn -0.6892 -0.2271 0.6881
vn -0.7630 0.1614 0.6259
vn -0.7583 -0.5570 0.3388
vn 0.0000 0.0257 0.9997
vn 0.0000 -0.1081 0.9941
vn -0.7395 -0.1195 0.6624
vn 0.0000 -0.0813 0.9967
vn -0.6719 -0.5858 0.4532
vn -0.6685 -0.5391 0.5124
vn -0.6999 -0.2905 0.6526
vn -0.7803 0.0276 0.6248
vn -0.6505 -0.0161 0.7593
vn -0.6089 0.0983 0.7871
vn -0.7729 -0.5499 -0.3166
vn -0.5196 0.2379 0.8206
vn -0.4690 0.3019 0.8300
vn -0.6067 -0.1093 0.7873
vn 0.0000 -0.4443 0.8959
vn 0.0000 -0.4090 0.9125
vn -0.8913 -0.2480 0.3795
vn 0.2009 0.4277 0.8813
vn -0.8913 -0.2481 0.3796
vn 0.6999 -0.2905 0.6526
vn 0.6067 -0.1093 0.7873
vn 0.6685 -0.5391 0.5124
vn 0.6719 -0.5858 0.4532
vn 0.7583 -0.5570 0.3388
vn 0.7803 0.0276 0.6248
vn 0.6505 -0.0161 0.7593
vn 0.6089 0.0983 0.7871
vn 0.8645 -0.2223 0.4507
vn 0.7630 0.1614 0.6259
vn 0.7207 0.2958 0.6269
vn 0.9532 0.0088 0.3022
vn 0.9822 0.0145 0.1875
vn 0.8483 -0.0040 0.5295
vn 0.8664 0.1774 0.4668
vn 0.7014 0.5307 0.4758
vn 0.8388 0.4965 0.2233
vn 0.5568 0.7646 0.3245
vn 0.7645 0.4037 0.5025
vn 0.7301 0.0738 0.6794
vn 0.5771 0.3424 0.7414
vn 0.7428 0.0546 0.6673
vn 0.6892 -0.2271 0.6881
vn 0.7395 -0.1195 0.6624
vn 0.4835 0.8673 0.1186
vn 0.0000 0.9528 -0.3037
vn -0.0000 0.7016 -0.7126
vn 0.0000 0.5369 -0.8437
vn 0.0000 0.1454 -0.9894
vn 0.4848 0.7999 -0.3538
vn 0.7780 0.6235 -0.0769
vn 0.6341 0.4996 -0.5902
vn 0.9357 0.2912 -0.1993
vn 0.9926 0.0648 0.1031
vn 0.6555 0.4182 -0.6288
vn 0.9457 0.1957 -0.2594
vn 0.9988 0.0191 0.0444
vn 0.7729 -0.5499 -0.3166
vn 0.8750 0.1001 -0.4737
vn 0.6976 -0.4215 0.5794
vn 0.5196 0.2379 0.8206
vn -0.2009 0.4277 0.8813
vn 0.8913 -0.2481 0.3796
vn 0.8913 -0.2480 0.3796
vn -0.4560 0.4595 0.7622
vn -0.3495 0.7723 -0.5305
vn 0.4668 0.2924 0.8346
vn 0.2084 0.2102 0.9552
vn -0.4002 0.6111 -0.6829
vn 0.1308 0.4715 0.8721
vn 0.0000 -0.9014 -0.4330
vn -0.8748 -0.3085 0.3734
vn -0.5465 -0.5520 -0.6298
vn -0.9690 -0.1949 0.1521
vn -0.4160 -0.5241 -0.7432
vn -0.8823 -0.4308 0.1895
vn 0.0000 -0.5447 0.8386
vn 0.0000 -0.5327 -0.8463
vn -0.0000 -0.5204 -0.8539
vn 0.0000 -0.7091 -0.7051
vn -0.2947 -0.7753 -0.5586
vn 0.8749 -0.3085 0.3734
vn 0.5465 -0.5520 -0.6298
vn 0.9690 -0.1949 0.1521
vn 0.4160 -0.5241 -0.7432
vn 0.8823 -0.4308 0.1895
vn 0.2947 -0.7753 -0.5586
vn -0.2084 0.2102 0.9552
vn -0.4668 0.2924 0.8346
vn 0.4560 0.4595 0.7622
vn 0.3495 0.7723 -0.5305
vn 0.4002 0.6111 -0.6829
vn -0.1308 0.4715 0.8721
vn -0.4193 -0.1822 0.8894
vn -0.5465 -0.8203 0.1687
vn 0.8933 -0.0783 0.4426
vn 0.7621 0.3839 -0.5213
vn 0.3496 0.7722 -0.5305
vn 0.7622 0.3838 -0.5213
vn 0.6651 0.4539 0.5930
vn -0.7973 -0.2183 -0.5628
vn 0.5397 0.5322 -0.6523
vn 0.3495 0.7722 -0.5306
vn -0.5465 -0.8203 0.1688
vn -0.7395 -0.2351 0.6308
vn -0.8331 0.2503 -0.4933
vn -0.8215 0.0322 0.5694
vn -0.6329 0.0898 0.7690
vn -0.0000 -0.1247 0.9922
vn 0.0000 0.2814 0.9596
vn -0.9690 -0.1948 0.1521
vn -0.8749 -0.3085 0.3734
vn 0.0001 -0.5447 0.8386
vn 0.6329 0.0898 0.7690
vn 0.8215 0.0322 0.5694
vn 0.9690 -0.1948 0.1521
vn -0.6793 -0.0510 -0.7321
vn 0.2293 -0.8706 -0.4353
vn 0.8229 -0.5127 0.2450
vn 0.2565 -0.6669 -0.6996
vn 0.6128 -0.2039 -0.7635
vn -0.8750 0.1001 -0.4737
vn -0.6976 -0.4215 0.5794
vn 0.6224 -0.7096 0.3302
vn 0.0169 -0.9543 -0.2985
vn -0.7613 -0.5133 -0.3961
vn -0.7972 -0.2183 -0.5628
vn -0.6988 -0.3889 0.6004
vn -0.8089 -0.3598 0.4649
vn -0.5842 -0.4633 0.6664
vn -0.7702 -0.4584 0.4435
vn -0.2645 0.3435 0.9011
vn -0.4214 -0.5681 0.7068
vn -0.8177 -0.2081 0.5367
vn -0.7481 -0.1681 0.6419
vn -0.8150 0.0394 0.5781
vn -0.9824 0.0030 0.1867
vn -0.8876 0.1509 0.4351
vn -0.6751 0.0537 0.7358
vn -0.7632 0.2332 0.6027
vn -0.8839 0.4039 -0.2358
vn -0.5801 -0.6991 0.4179
vn -0.8780 -0.4204 0.2289
vn -0.9764 0.2152 0.0201
vn -0.8413 0.5260 0.1242
vn 0.0000 -0.7062 0.7080
vn 0.0000 -0.8255 0.5644
vn 0.0000 0.0030 1.0000
vn 0.5801 -0.6991 0.4179
vn 0.4214 -0.5681 0.7068
vn 0.7702 -0.4584 0.4435
vn 0.2645 0.3435 0.9011
vn 0.5842 -0.4633 0.6664
vn 0.8089 -0.3598 0.4649
vn 0.6988 -0.3889 0.6004
vn 0.8177 -0.2081 0.5367
vn 0.7481 -0.1681 0.6419
vn 0.8150 0.0394 0.5781
vn 0.9824 0.0030 0.1867
vn 0.8876 0.1509 0.4351
vn 0.6751 0.0536 0.7358
vn 0.7632 0.2332 0.6027
vn 0.8839 0.4039 -0.2358
vn 0.8780 -0.4204 0.2289
vn 0.9764 0.2152 0.0201
vn 0.8413 0.5260 0.1242
vn 0.4553 0.8143 -0.3599
vn -0.3744 0.9205 0.1121
vn -0.7045 0.5424 -0.4578
vn -0.8413 0.5261 0.1242
vn -0.7660 0.6307 0.1243
vn -0.5933 0.7652 0.2499
vn -0.5597 0.8128 0.1617
vn 0.4461 0.8687 0.2153
vn 0.7621 0.5589 -0.3267
vn 0.7703 0.6145 -0.1701
vn 0.8543 0.4852 -0.1866
vn 0.8159 0.3284 -0.4759
vn 0.9364 0.2290 -0.2659
vn 0.8589 0.0705 -0.5072
vn 0.2419 0.9258 0.2905
vn 0.5074 0.5187 -0.6881
vn 0.7345 0.1511 -0.6616
vn 0.7699 -0.1549 -0.6191
vn -0.0000 0.9263 0.3768
vn -0.3214 0.7252 0.6088
vn 0.0000 0.6634 0.7483
vn -0.0960 0.7308 0.6758
vn -0.0672 0.5047 0.8607
vn -0.0000 0.8061 0.5917
vn 0.0672 0.5047 0.8607
vn 0.0960 0.7308 0.6758
vn -0.4461 0.8687 0.2153
vn 0.3214 0.7252 0.6088
vn 0.5933 0.7652 0.2499
vn 0.5597 0.8128 0.1617
vn 0.7660 0.6307 0.1243
vn 0.3744 0.9205 0.1121
vn 0.8413 0.5261 0.1242
vn -0.4553 0.8143 -0.3599
vn 0.7045 0.5424 -0.4578
vn -0.7621 0.5589 -0.3267
vn -0.7703 0.6145 -0.1702
vn -0.8543 0.4852 -0.1866
vn -0.8159 0.3284 -0.4759
vn -0.9364 0.2290 -0.2659
vn -0.8589 0.0705 -0.5072
vn -0.5074 0.5187 -0.6881
vn -0.7345 0.1511 -0.6616
vn -0.7699 -0.1549 -0.6191
vn -0.2419 0.9258 0.2905
vn 0.0000 0.9622 0.2722
vn -0.1413 0.9600 0.2417
vn -0.2138 0.4552 0.8644
vn 0.7979 0.5233 0.2991
vn 0.5632 -0.2183 0.7970
vn -0.8641 0.1593 0.4774
vn -0.8426 0.4804 -0.2434
vn -0.8582 -0.4963 0.1306
vn -0.5500 -0.5013 -0.6680
vn -0.2419 -0.9698 0.0329
vn 0.2569 -0.8081 -0.5300
vn 0.3415 -0.8897 0.3031
vn 0.8793 -0.4545 -0.1426
vn 0.8334 0.1598 -0.5291
vn 0.2990 -0.5471 -0.7818
vn -0.0653 0.3826 -0.9216
vn 0.2002 0.9542 -0.2222
vn -0.4198 -0.4838 0.7679
vn -0.1136 0.9610 0.2520
vn -0.0215 0.4698 0.8825
vn 0.8255 0.5036 0.2549
vn 0.6469 -0.1049 0.7554
vn -0.7750 0.2638 0.5743
vn -0.8845 0.3866 -0.2611
vn -0.8474 -0.5140 0.1334
vn -0.5967 -0.4571 -0.6595
vn -0.2203 -0.9754 0.0118
vn 0.1874 -0.7644 -0.6169
vn 0.4731 -0.8317 0.2905
vn 0.9061 -0.3729 -0.1997
vn 0.6734 0.2882 -0.6807
vn 0.4660 -0.1430 -0.8731
vn 0.0022 -0.1051 -0.9945
vn -0.4280 -0.1085 -0.8972
vn 0.0194 0.6393 -0.7687
vn -0.2593 -0.4325 0.8636
vn 0.8012 0.5312 -0.2757
vn 0.4193 -0.1822 0.8894
vn 0.5465 -0.8203 0.1687
vn -0.8933 -0.0783 0.4426
vn -0.7621 0.3839 -0.5213
vn -0.3496 0.7722 -0.5305
vn -0.6651 0.4539 0.5930
vn -0.7622 0.3839 -0.5213
vn -0.5397 0.5322 -0.6523
vn 0.7973 -0.2183 -0.5628
vn -0.3495 0.7722 -0.5305
vn 0.5465 -0.8203 0.1688
vn 0.7395 -0.2351 0.6308
vn 0.8331 0.2503 -0.4933
vn 0.4690 0.3019 0.8300
vn 0.6793 -0.0510 -0.7321
vn -0.6128 -0.2039 -0.7635
vn -0.8229 -0.5127 0.2450
vn -0.2565 -0.6669 -0.6996
vn -0.2293 -0.8706 -0.4353
vn -0.6224 -0.7096 0.3302
vn -0.0169 -0.9543 -0.2985
vn 0.7613 -0.5133 -0.3961
vn -0.1659 -0.3756 0.9118
vn 0.6082 0.1624 0.7770
vn -0.5043 0.6039 0.6172
vn -0.2867 0.6963 0.6580
vn -0.1659 -0.3757 0.9118
vn 0.3615 -0.6719 0.6465
vn 0.8298 0.1553 0.5359
vn 0.9815 -0.1653 0.0965
vn -0.4218 -0.5463 0.7237
vn -0.4160 0.3021 0.8577
vn 0.9815 -0.1654 0.0966
vn 0.5349 0.2864 -0.7949
vn 0.8299 0.1553 0.5359
vn 0.5449 0.0559 -0.8366
vn 0.9683 -0.2428 0.0592
vn -0.0099 0.3114 -0.9502
vn -0.0414 0.5479 -0.8356
vn -0.3166 0.9261 -0.2049
vn 0.5349 0.2863 -0.7949
vn -0.4918 0.0399 0.8698
vn 0.5690 0.6426 0.5131
vn -0.5156 0.1865 0.8363
vn 0.0000 0.8278 0.5610
vn 0.0000 -0.3062 0.9520
vn 0.3541 0.8927 0.2787
vn -0.7656 -0.4660 0.4435
vn 0.0000 -0.5331 0.8460
vn 0.6665 0.6235 -0.4087
vn 0.8715 0.4264 -0.2421
vn 0.0096 0.9940 0.1090
vn 0.3165 0.8159 -0.4839
vn -0.5833 -0.5739 0.5748
vn -0.4512 -0.0624 0.8902
vn -0.2611 0.9609 -0.0921
vn -0.7987 -0.2341 0.5543
vn -0.9125 0.1624 -0.3754
vn -0.1545 0.8359 -0.5267
vn -0.4020 -0.7829 0.4749
vn 0.0000 0.6864 -0.7272
vn 0.7656 -0.4660 0.4435
vn 0.4918 0.0399 0.8698
vn -0.5690 0.6426 0.5131
vn 0.5156 0.1865 0.8363
vn -0.3541 0.8927 0.2787
vn -0.6665 0.6235 -0.4087
vn -0.8715 0.4264 -0.2421
vn -0.0096 0.9940 0.1090
vn -0.3165 0.8159 -0.4839
vn 0.5833 -0.5739 0.5748
vn 0.4512 -0.0624 0.8902
vn 0.2612 0.9609 -0.0921
vn 0.7987 -0.2341 0.5543
vn 0.9125 0.1624 -0.3754
vn 0.1546 0.8359 -0.5267
vn 0.4020 -0.7829 0.4749
vn -0.6032 -0.4818 0.6357
vn -0.4748 -0.7033 0.5291
vn -0.4950 -0.8663 0.0672
vn -0.3436 -0.9386 -0.0318
vn -0.7582 -0.5581 0.3371
vn -0.5128 0.0476 0.8572
vn -0.8266 0.2464 0.5060
vn -0.6113 -0.0590 0.7892
vn -0.9980 -0.0028 0.0638
vn -0.5901 -0.2060 0.7806
vn -0.9880 -0.1029 0.1155
vn -0.8511 0.3977 -0.3428
vn -0.8901 0.1648 -0.4249
vn -0.5134 0.6638 0.5439
vn 0.0778 0.9467 0.3126
vn -0.2130 0.5669 0.7958
vn -0.8959 -0.0948 -0.4340
vn -0.4847 -0.2663 0.8332
vn -0.4972 -0.2086 0.8422
vn -0.5399 -0.0049 0.8417
vn -0.5248 -0.1352 0.8404
vn 0.0000 -0.3073 0.9516
vn 0.0000 0.1284 0.9917
vn 0.0980 0.6148 0.7825
vn -0.0000 0.8838 0.4678
vn 0.1998 0.9201 0.3370
vn -0.0000 -0.2153 0.9766
vn -0.6860 -0.4787 0.5479
vn -0.0000 -0.2302 0.9731
vn -0.7989 -0.5971 0.0724
vn -0.0000 -0.9811 0.1938
vn 0.0000 -0.6684 0.7438
vn -0.0980 0.6148 0.7825
vn -0.1998 0.9201 0.3370
vn 0.6860 -0.4787 0.5479
vn 0.6031 -0.4818 0.6357
vn 0.7989 -0.5971 0.0724
vn 0.4950 -0.8663 0.0671
vn 0.4748 -0.7033 0.5291
vn 0.3436 -0.9386 -0.0318
vn 0.7582 -0.5581 0.3371
vn 0.5128 0.0476 0.8572
vn 0.8266 0.2464 0.5060
vn 0.6113 -0.0590 0.7892
vn 0.9999 -0.0034 0.0099
vn 0.5901 -0.2060 0.7806
vn 0.9010 -0.1793 0.3950
vn 0.7009 0.5835 0.4102
vn 0.7883 0.5467 -0.2825
vn 0.8902 0.1647 -0.4248
vn -0.0778 0.9467 0.3126
vn 0.2130 0.5669 0.7958
vn 0.8959 -0.0948 -0.4340
vn 0.4847 -0.2663 0.8332
vn 0.4972 -0.2086 0.8422
vn 0.5399 -0.0049 0.8417
vn 0.5248 -0.1352 0.8404
vn -0.9949 -0.0682 -0.0741
vn -0.6873 -0.3631 -0.6290
vn -0.9200 -0.3862 0.0669
vn -0.8691 0.0782 0.4885
vn -0.9624 0.0490 -0.2672
vn -0.4176 -0.3043 -0.8562
vn -0.4340 0.4567 -0.7766
vn 0.0896 -0.2744 -0.9574
vn -0.3250 -0.8197 -0.4717
vn -0.6621 -0.4424 0.6049
vn -0.0283 -0.6089 0.7928
vn 0.0860 -0.9045 -0.4178
vn 0.0860 -0.9045 -0.4177
vn -0.0110 0.6154 -0.7882
vn -0.7039 0.5296 0.4734
vn -0.4923 0.1436 0.8585
vn -0.1024 0.3562 0.9288
vn -0.1167 0.9748 0.1904
vn -0.1168 0.9748 0.1903
vn -0.0111 0.6153 -0.7882
vn 0.7332 0.1490 -0.6634
vn 0.6797 -0.6898 -0.2492
vn 0.5347 -0.1502 -0.8316
vn 0.2577 -0.7435 -0.6172
vn 0.0970 0.2850 -0.9536
vn -0.0293 0.8408 -0.5405
vn -0.5144 -0.4788 -0.7115
vn -0.8692 0.3772 -0.3198
vn -0.8417 0.4538 0.2926
vn -0.4757 -0.8579 0.1945
vn 0.6798 -0.6898 -0.2491
vn -0.2840 -0.8064 0.5188
vn -0.9360 -0.2128 0.2804
vn -0.8417 0.4538 0.2925
vn -0.7745 -0.1712 0.6090
vn -0.2840 -0.8064 0.5187
vn 0.6296 -0.1515 -0.7620
vn 0.5851 -0.6834 -0.4366
vn 0.3949 -0.2685 -0.8786
vn 0.0503 -0.9237 -0.3798
vn 0.3651 0.4332 -0.8241
vn -0.2622 0.3986 -0.8788
vn -0.7026 -0.4346 -0.5635
vn -0.9328 0.3248 -0.1559
vn -0.6086 0.7758 0.1667
vn -0.6737 -0.7106 0.2028
vn -0.3206 -0.6806 0.6588
vn 0.5850 -0.6835 -0.4366
vn -0.8570 -0.0041 0.5153
vn -0.6086 0.7758 0.1666
vn -0.6860 0.1309 0.7157
vn -0.3205 -0.6806 0.6589
vn 0.3363 -0.9312 -0.1404
vn 0.0345 -0.7789 -0.6263
vn 0.4355 -0.1884 -0.8802
vn 0.0289 -0.3518 -0.9356
vn -0.2484 0.1357 -0.9591
vn -0.1274 0.7620 -0.6349
vn -0.8185 -0.4265 -0.3850
vn -0.8487 0.5275 -0.0392
vn -0.5652 0.6646 0.4887
vn -0.4848 -0.7098 0.5110
vn 0.3362 -0.9312 -0.1404
vn -0.1620 -0.6590 0.7345
vn -0.7670 0.0541 0.6394
vn -0.5652 0.6645 0.4888
vn -0.4755 0.0984 0.8742
vn 0.9658 -0.0322 0.2572
vn 0.7149 -0.3016 -0.6308
vn 0.9671 -0.2112 -0.1419
vn 0.6861 -0.7261 -0.0454
vn 0.6079 -0.7329 0.3055
vn 0.4830 0.2704 0.8328
vn 0.4725 0.0878 0.8770
vn 0.8917 0.1505 -0.4270
vn 0.3583 0.7957 0.4884
vn -0.3378 -0.2280 -0.9132
vn -0.6300 -0.1847 -0.7543
vn -0.9549 0.0600 -0.2910
vn -0.7375 -0.6608 -0.1395
vn -0.1225 -0.5317 -0.8381
vn 0.6860 -0.7261 -0.0454
vn -0.4705 0.7440 -0.4744
vn -0.9176 0.2878 0.2741
vn -0.8744 0.3774 0.3051
vn -0.5771 0.5346 0.6173
vn 0.5735 0.7617 0.3016
vn -0.0005 0.5037 0.8639
vn 0.7633 0.2830 0.5808
vn 0.0476 0.9840 0.1716
vn -0.5064 0.8199 0.2669
vn -0.7640 0.3655 0.5317
vn -0.5742 -0.1131 0.8109
vn -0.0483 -0.3355 0.9408
vn 0.5057 -0.1714 0.8455
vn 0.9085 0.3356 0.2492
vn 0.5260 0.8490 -0.0504
vn -0.1646 0.9783 -0.1262
vn -0.7590 0.6477 0.0662
vn -0.9088 0.0511 0.4140
vn -0.5265 -0.4623 0.7135
vn 0.1643 -0.5916 0.7893
vn 0.7585 -0.2612 0.5970
vn -0.6082 0.1624 0.7770
vn 0.1659 -0.3756 0.9118
vn 0.5043 0.6040 0.6172
vn 0.2867 0.6963 0.6580
vn -0.8298 0.1554 0.5360
vn -0.3614 -0.6719 0.6465
vn -0.9815 -0.1653 0.0965
vn 0.4217 -0.5463 0.7237
vn 0.4160 0.3022 0.8577
vn -0.9815 -0.1654 0.0966
vn -0.8298 0.1553 0.5360
vn -0.5349 0.2864 -0.7949
vn -0.5449 0.0559 -0.8366
vn -0.9683 -0.2428 0.0593
vn 0.0099 0.3114 -0.9502
vn 0.0414 0.5479 -0.8355
vn -0.5349 0.2863 -0.7949
vn 0.3166 0.9261 -0.2049
vn 0.6874 -0.3631 -0.6290
vn 0.9949 -0.0682 -0.0741
vn 0.9200 -0.3861 0.0670
vn 0.8691 0.0782 0.4884
vn 0.9624 0.0490 -0.2672
vn 0.4176 -0.3043 -0.8562
vn 0.4340 0.4567 -0.7766
vn -0.0896 -0.2744 -0.9574
vn 0.3250 -0.8197 -0.4717
vn 0.6621 -0.4424 0.6049
vn 0.0283 -0.6089 0.7928
vn -0.0860 -0.9045 -0.4178
vn 0.0110 0.6154 -0.7882
vn 0.7039 0.5296 0.4734
vn 0.4923 0.1436 0.8585
vn 0.1024 0.3562 0.9288
vn 0.1167 0.9748 0.1904
vn 0.1168 0.9748 0.1903
vn 0.0111 0.6153 -0.7882
vn -0.2577 -0.7435 -0.6172
vn -0.6798 -0.6898 -0.2491
vn -0.5347 -0.1502 -0.8316
vn -0.7332 0.1490 -0.6635
vn -0.0970 0.2850 -0.9536
vn 0.0293 0.8408 -0.5405
vn 0.5144 -0.4788 -0.7114
vn 0.8692 0.3772 -0.3197
vn 0.8417 0.4538 0.2926
vn 0.4756 -0.8579 0.1945
vn -0.6797 -0.6898 -0.2492
vn 0.2841 -0.8063 0.5188
vn 0.9360 -0.2128 0.2805
vn 0.8417 0.4538 0.2925
vn 0.7744 -0.1712 0.6091
vn 0.2840 -0.8064 0.5187
vn -0.0503 -0.9237 -0.3798
vn -0.5851 -0.6834 -0.4366
vn -0.3949 -0.2685 -0.8786
vn -0.6296 -0.1515 -0.7620
vn -0.3651 0.4332 -0.8241
vn 0.2623 0.3986 -0.8788
vn 0.7026 -0.4346 -0.5635
vn 0.9329 0.3248 -0.1559
vn 0.6086 0.7758 0.1666
vn -0.3651 0.4331 -0.8241
vn 0.6737 -0.7106 0.2028
vn 0.3206 -0.6806 0.6588
vn -0.5850 -0.6835 -0.4366
vn 0.8570 -0.0041 0.5153
vn 0.6861 0.1309 0.7157
vn -0.0289 -0.3518 -0.9356
vn -0.0345 -0.7789 -0.6263
vn -0.4355 -0.1884 -0.8802
vn -0.3363 -0.9312 -0.1404
vn 0.2483 0.1357 -0.9591
vn 0.1274 0.7620 -0.6349
vn 0.8185 -0.4265 -0.3850
vn 0.8487 0.5275 -0.0392
vn 0.5652 0.6646 0.4888
vn 0.4848 -0.7098 0.5110
vn -0.3362 -0.9312 -0.1404
vn 0.1620 -0.6590 0.7345
vn 0.7670 0.0541 0.6394
vn 0.5652 0.6645 0.4888
vn 0.4755 0.0984 0.8742
vn -0.7149 -0.3016 -0.6308
vn -0.9658 -0.0322 0.2572
vn -0.9671 -0.2112 -0.1419
vn -0.6861 -0.7261 -0.0454
vn -0.6079 -0.7329 0.3055
vn -0.4830 0.2704 0.8328
vn -0.4725 0.0878 0.8770
vn -0.8917 0.1505 -0.4270
vn -0.3583 0.7957 0.4884
vn 0.6300 -0.1847 -0.7543
vn 0.3378 -0.2280 -0.9132
vn 0.9549 0.0600 -0.2909
vn 0.7375 -0.6608 -0.1395
vn 0.1225 -0.5317 -0.8381
vn -0.6860 -0.7261 -0.0454
vn 0.4705 0.7440 -0.4744
vn 0.9176 0.2878 0.2741
vn 0.8744 0.3774 0.3051
vn 0.5771 0.5346 0.6173
vn 0.0005 0.5037 0.8639
vn -0.5735 0.7616 0.3016
vn -0.7633 0.2831 0.5807
vn -0.0476 0.9840 0.1717
vn 0.5064 0.8199 0.2670
vn 0.7640 0.3655 0.5318
vn 0.5742 -0.1131 0.8109
vn 0.0483 -0.3355 0.9408
vn -0.5057 -0.1714 0.8455
vn -0.9084 0.3356 0.2492
vn -0.5261 0.8490 -0.0503
vn 0.1646 0.9783 -0.1261
vn 0.7589 0.6478 0.0662
vn 0.9088 0.0510 0.4140
vn 0.5265 -0.4623 0.7135
vn -0.1642 -0.5916 0.7893
vn -0.7586 -0.2611 0.5970
vn 0.3396 0.0797 -0.9372
vn 0.9641 -0.0158 0.2651
vn 0.2637 0.0460 -0.9635
vn 0.9057 0.2496 0.3428
vn -0.9033 -0.0953 -0.4182
vn -0.9549 -0.0425 -0.2937
vn -0.7586 0.2488 0.6022
vn -0.8040 0.2104 0.5561
vn -0.9557 -0.2941 -0.0077
vn -0.7452 0.1593 0.6475
vn -0.9070 -0.0457 -0.4186
vn 0.3349 -0.0052 -0.9422
vn 0.9708 0.2210 -0.0930
vn 0.9758 -0.2187 -0.0082
vn 0.8094 -0.3661 0.4592
vn 0.8152 -0.5352 0.2213
vn 0.9565 -0.0167 0.2911
vn 0.8526 0.0193 0.5222
vn 0.1234 -0.2365 0.9638
vn -0.3131 0.1933 0.9298
vn 0.9161 -0.0458 0.3984
vn 0.3397 -0.9403 0.0214
vn 0.6683 0.4973 0.5532
vn -0.6368 0.0913 0.7656
vn -0.4961 0.0321 0.8677
vn -0.6696 -0.5953 -0.4442
vn -0.5799 -0.7951 -0.1777
vn -0.5554 -0.5674 0.6079
vn 0.5318 -0.2291 -0.8153
vn 0.7532 -0.1008 -0.6501
vn 0.2833 -0.8716 -0.4000
vn 0.7830 0.5115 0.3539
vn 0.1943 0.0190 0.9808
vn 0.1162 -0.7429 -0.6593
vn 0.3398 -0.9403 0.0213
vn 0.9665 0.2057 -0.1533
vn -0.2287 -0.6734 -0.7030
vn 0.5586 -0.8292 0.0221
vn 0.3517 0.5491 0.7582
vn 0.7682 -0.1457 -0.6234
vn -0.2287 -0.6733 -0.7031
vn 0.9296 -0.0613 -0.3634
vn 0.7731 -0.4808 -0.4138
vn -0.5902 -0.8064 -0.0369
vn 0.2382 -0.7258 0.6454
vn -0.7885 -0.5935 -0.1615
vn 0.4170 -0.8974 -0.1441
vn -0.5835 -0.6024 -0.5446
vn 0.0169 -0.8843 0.4665
vn -0.5693 0.0441 0.8210
vn -0.3309 -0.5001 -0.8003
vn 0.7197 0.0770 -0.6900
vn 0.5534 -0.0722 -0.8298
vn -0.6154 -0.6667 -0.4204
vn 0.7492 0.5577 0.3573
vn 0.0951 -0.3188 0.9430
vn 0.6391 -0.1445 -0.7554
vn -0.5828 -0.8109 0.0539
vn -0.4860 0.1240 0.8651
vn -0.4301 0.1638 0.8878
vn 0.6980 0.5615 0.4444
vn 0.7366 -0.5695 -0.3649
vn 0.1041 -0.0669 0.9923
vn -0.4300 0.1638 0.8878
vn -0.4524 -0.4666 0.7600
vn 0.5677 -0.2608 0.7809
vn 0.0773 -0.3925 0.9165
vn 0.0774 -0.3925 0.9165
vn -0.4258 -0.4033 0.8100
vn 0.6847 -0.3043 0.6623
vn 0.6388 -0.0691 -0.7663
vn 0.7238 0.5970 0.3460
vn 0.3184 -0.3018 0.8986
vn -0.5692 0.0441 0.8210
vn 0.5518 -0.0935 -0.8287
vn 0.6782 0.5592 0.4768
vn -0.4311 0.0938 0.8974
vn 0.7245 -0.5506 -0.4146
vn 0.0692 -0.4659 0.8821
vn 0.4215 -0.7749 0.4709
vn 0.6696 0.5576 0.4906
vn 0.8622 0.2160 -0.4582
vn 0.9169 -0.1137 0.3825
vn 0.7727 -0.0948 0.6276
vn 0.8513 0.4185 -0.3165
vn -0.4650 0.1808 0.8667
vn 0.6382 0.6530 0.4077
vn -0.5176 0.0052 0.8556
vn 0.2821 0.3637 0.8878
vn 0.6884 -0.3946 0.6086
vn 0.7106 -0.0118 -0.7035
vn 0.9377 0.1886 -0.2918
vn 0.6534 -0.7542 0.0642
vn 0.8151 -0.5764 -0.0572
vn 0.6683 0.4973 0.5533
vn 0.7831 0.5115 0.3539
vn 0.9018 -0.1163 -0.4161
vn 0.9547 0.2949 -0.0404
vn 0.7831 0.5114 0.3539
vn 0.5990 0.3719 0.7092
vn -0.5678 -0.6349 -0.5240
vn 0.1669 -0.7828 -0.5994
vn 0.7105 -0.0118 -0.7036
vn 0.0309 -0.9514 0.3064
vn -0.5234 -0.8343 -0.1733
vn 0.5308 -0.1984 -0.8240
vn 0.3190 -0.7234 -0.6123
vn -0.4386 -0.5426 0.7164
vn -0.1845 -0.8834 -0.4307
vn -0.5768 -0.7880 0.2152
vn -0.0521 0.6572 0.7519
vn 0.9574 0.2888 0.0085
vn 0.3517 0.5491 0.7581
vn 0.7096 0.5291 0.4653
vn -0.7630 -0.0474 0.6447
vn 0.4680 0.3187 0.8242
vn -0.4870 -0.1368 0.8626
vn -0.5902 -0.8064 -0.0368
vn -0.2288 -0.6733 -0.7031
vn 0.1522 -0.9879 0.0315
vn -0.5388 -0.0984 0.8367
vn 0.3397 -0.9403 0.0213
vn 0.2382 -0.7257 0.6454
vn 0.6388 -0.0690 -0.7663
vn 0.0759 -0.9964 -0.0391
vn -0.1763 -0.6073 -0.7747
vn -0.4681 -0.6008 -0.6481
vn -0.5882 -0.8087 0.0035
vn -0.4804 -0.6558 -0.5823
vn 0.0692 -0.4660 0.8821
vn 0.7246 -0.5506 -0.4145
vn 0.1147 -0.7318 0.6718
vn -0.6607 -0.6093 -0.4385
vn -0.8280 -0.5492 0.1131
vn 0.6281 0.5712 0.5284
vn 0.8431 0.5264 0.1096
vn 0.6382 0.6530 0.4078
vn 0.1189 0.0327 -0.9924
vn 0.3866 -0.1832 -0.9039
vn 0.9656 -0.2444 -0.0888
vn 0.9360 -0.3468 0.0603
vn 0.5684 -0.0270 -0.8223
vn -0.8150 0.3110 -0.4889
vn 0.2665 0.0315 -0.9633
vn -0.8767 0.2582 -0.4060
vn -0.5957 0.2355 0.7679
vn -0.6139 0.2535 0.7476
vn 0.9938 -0.1102 0.0117
vn 0.9929 -0.1184 0.0142
vn -0.8800 0.2747 -0.3874
vn -0.7538 0.1307 0.6440
vn -0.8029 0.0694 -0.5920
vn -0.9821 0.0327 -0.1856
vn -0.6821 -0.0037 0.7312
vn -0.7548 0.0299 0.6553
vn 0.3087 -0.2277 0.9235
vn 0.3371 -0.1297 0.9325
vn 0.9622 -0.2718 -0.0178
vn 0.9913 -0.1316 0.0083
vn -0.8681 0.1012 -0.4860
vn 0.3140 -0.2063 0.9267
vn 0.4715 -0.0553 0.8801
vn 0.9656 -0.2444 -0.0887
vn 0.9360 -0.3469 0.0602
vn 0.2496 -0.1689 -0.9535
vn 0.3985 -0.0477 -0.9159
vn 0.9913 -0.1317 0.0083
vn 0.9622 -0.2718 -0.0177
vn 0.3640 -0.0318 0.9308
vn 0.9941 -0.0863 -0.0655
vn 0.5864 -0.1109 0.8024
vn 0.9532 -0.3005 -0.0327
vn 0.9075 -0.4187 -0.0341
vn 0.2243 -0.3449 0.9114
vn -0.7495 -0.0600 0.6593
vn -0.7431 -0.2399 0.6247
vn -0.8350 -0.5215 0.1753
vn -0.4822 -0.5563 0.6767
vn -0.2889 -0.1998 0.9363
vn -0.0650 0.0085 0.9978
vn -0.7572 -0.0426 -0.6518
vn -0.7943 -0.1332 -0.5928
vn 0.2508 -0.3353 -0.9081
vn 0.5674 -0.0687 -0.8206
vn -0.0122 0.0064 -0.9999
vn -0.7971 0.2447 -0.5521
vn 0.0464 0.6680 -0.7427
vn -0.5142 0.7527 -0.4111
vn 0.0472 0.9985 0.0260
vn -0.5667 0.8235 -0.0259
vn -0.7263 0.6794 -0.1041
vn -0.4874 0.7365 0.4691
vn 0.0207 0.5368 0.8435
vn -0.3425 0.4739 0.8113
vn -0.5789 0.2741 -0.7679
vn -0.6517 -0.2727 -0.7078
vn -0.5019 -0.4541 -0.7361
vn 0.3537 -0.1052 0.9294
vn 0.9816 -0.1908 0.0001
vn 0.4302 -0.0439 0.9016
vn 0.9858 -0.1677 0.0053
vn -0.6346 0.1220 0.7631
vn -0.8027 -0.0463 0.5946
vn 0.9934 -0.1117 0.0266
vn 0.2560 -0.1077 0.9607
vn 0.3660 0.0123 0.9306
vn -0.6952 -0.0048 0.7188
vn -0.6623 -0.0993 0.7426
vn -0.9317 -0.0916 -0.3515
vn -0.9715 -0.1011 -0.2145
vn -0.0333 -0.1435 -0.9891
vn 0.3123 -0.1194 -0.9424
vn 0.9934 -0.1116 0.0267
vn 0.9980 0.0059 0.0633
vn 0.3762 0.1422 0.9156
vn 0.9940 0.1022 0.0402
vn 0.3518 0.5491 0.7581
vn 0.9708 0.2210 -0.0929
vn -0.7151 0.0645 0.6960
vn -0.9070 -0.0458 -0.4186
vn -0.8698 -0.0650 -0.4892
vn 0.5349 -0.0680 -0.8422
vn -0.6974 -0.4739 0.5376
vn -0.6868 -0.4036 -0.6045
vn -0.5022 -0.7598 -0.4130
vn -0.9995 0.0249 0.0183
vn -0.5610 -0.3368 0.7562
vn -0.6072 0.2826 0.7426
vn -0.6474 0.7567 0.0904
vn -0.6211 0.4994 -0.6040
vn -0.5214 -0.1662 -0.8370
vn -0.3425 0.4739 0.8112
vn -0.5790 0.2742 -0.7679
vn -0.5018 -0.4541 -0.7361
vn 0.3432 0.8269 -0.4455
vn 0.2785 0.8287 0.4854
vn 0.3476 -0.0528 0.9361
vn 0.5518 -0.7343 0.3954
vn 0.6001 -0.7998 -0.0132
vn 0.9075 -0.4186 -0.0341
vn 0.0463 0.6680 -0.7427
vn 0.3911 0.0780 -0.9170
vn 0.4271 -0.6337 -0.6450
vn -0.3312 -0.8644 -0.3782
vn -0.5924 -0.7953 0.1290
vn -0.9063 0.1016 -0.4103
vn 0.2770 -0.0268 -0.9605
vn 0.3925 -0.0042 0.9198
vn -0.8471 -0.0485 -0.5293
vn 0.3001 -0.1047 -0.9482
vn -0.7605 0.0649 0.6461
vn -0.8681 0.0901 -0.4882
vn 0.2213 0.0196 -0.9750
vn -0.9641 -0.0158 0.2651
vn -0.3396 0.0797 -0.9372
vn -0.2637 0.0460 -0.9635
vn -0.9057 0.2495 0.3428
vn 0.9033 -0.0953 -0.4182
vn 0.9549 -0.0425 -0.2937
vn 0.7586 0.2488 0.6022
vn 0.8040 0.2103 0.5561
vn 0.9557 -0.2941 -0.0077
vn 0.7452 0.1593 0.6475
vn 0.9070 -0.0457 -0.4186
vn -0.3349 -0.0052 -0.9422
vn -0.9708 0.2210 -0.0930
vn -0.9758 -0.2187 -0.0082
vn -0.8094 -0.3661 0.4592
vn -0.8152 -0.5352 0.2213
vn -0.9565 -0.0167 0.2911
vn -0.8526 0.0192 0.5222
vn -0.1234 -0.2365 0.9638
vn 0.3131 0.1933 0.9298
vn -0.9161 -0.0458 0.3984
vn -0.3397 -0.9403 0.0214
vn -0.6683 0.4973 0.5532
vn 0.6368 0.0913 0.7656
vn 0.4961 0.0321 0.8677
vn 0.6696 -0.5952 -0.4442
vn 0.5799 -0.7951 -0.1777
vn 0.5554 -0.5674 0.6079
vn -0.5318 -0.2291 -0.8153
vn -0.7532 -0.1008 -0.6501
vn -0.2833 -0.8716 -0.4000
vn -0.7830 0.5115 0.3539
vn -0.1943 0.0190 0.9808
vn -0.1162 -0.7429 -0.6593
vn -0.3398 -0.9403 0.0213
vn 0.2287 -0.6734 -0.7030
vn -0.9665 0.2057 -0.1533
vn -0.5586 -0.8292 0.0221
vn -0.3517 0.5491 0.7582
vn -0.7682 -0.1457 -0.6234
vn -0.9296 -0.0613 -0.3634
vn 0.2287 -0.6733 -0.7031
vn -0.7731 -0.4808 -0.4138
vn 0.5903 -0.8064 -0.0368
vn -0.2382 -0.7258 0.6454
vn 0.7885 -0.5935 -0.1615
vn -0.4170 -0.8974 -0.1441
vn 0.4650 0.1808 0.8667
vn 0.5678 -0.6349 -0.5240
vn -0.0313 -0.9510 0.3075
vn -0.1669 -0.7828 -0.5994
vn -0.8622 0.2160 -0.4582
vn -0.7105 -0.0118 -0.7036
vn 0.5177 0.0052 0.8556
vn 0.5234 -0.8343 -0.1733
vn -0.5308 -0.1984 -0.8240
vn -0.3190 -0.7234 -0.6123
vn 0.4386 -0.5426 0.7164
vn -0.0169 -0.8843 0.4665
vn 0.5835 -0.6024 -0.5446
vn 0.5693 0.0441 0.8210
vn 0.3309 -0.5001 -0.8003
vn -0.7197 0.0769 -0.6900
vn -0.5534 -0.0722 -0.8298
vn 0.6154 -0.6667 -0.4203
vn -0.7492 0.5577 0.3573
vn -0.0951 -0.3188 0.9430
vn -0.6391 -0.1445 -0.7554
vn 0.5828 -0.8109 0.0539
vn 0.4860 0.1240 0.8651
vn 0.4301 0.1638 0.8878
vn -0.6980 0.5615 0.4444
vn -0.7366 -0.5695 -0.3649
vn -0.1041 -0.0669 0.9923
vn 0.4300 0.1638 0.8878
vn 0.4524 -0.4666 0.7600
vn -0.5677 -0.2608 0.7809
vn -0.0773 -0.3925 0.9165
vn -0.0774 -0.3925 0.9165
vn 0.4258 -0.4033 0.8100
vn -0.6847 -0.3043 0.6623
vn -0.6388 -0.0691 -0.7663
vn -0.7238 0.5970 0.3460
vn -0.3184 -0.3018 0.8986
vn 0.5692 0.0441 0.8210
vn -0.5518 -0.0935 -0.8287
vn -0.6782 0.5592 0.4768
vn 0.4311 0.0938 0.8974
vn -0.7245 -0.5506 -0.4146
vn -0.0692 -0.4659 0.8821
vn -0.4215 -0.7749 0.4709
vn -0.9169 -0.1137 0.3825
vn -0.6696 0.5576 0.4906
vn -0.7727 -0.0948 0.6276
vn -0.8513 0.4185 -0.3165
vn -0.6696 0.5576 0.4907
vn -0.6382 0.6530 0.4077
vn 0.5176 0.0052 0.8556
vn -0.2821 0.3637 0.8878
vn -0.6884 -0.3946 0.6086
vn -0.7106 -0.0118 -0.7035
vn -0.9377 0.1886 -0.2918
vn -0.6534 -0.7542 0.0642
vn -0.8151 -0.5764 -0.0572
vn -0.6683 0.4973 0.5533
vn -0.9018 -0.1164 -0.4161
vn -0.7831 0.5114 0.3539
vn -0.9547 0.2949 -0.0404
vn -0.5990 0.3719 0.7092
vn -0.9574 0.2888 0.0085
vn 0.0521 0.6572 0.7519
vn -0.3517 0.5491 0.7581
vn -0.7096 0.5291 0.4653
vn 0.7630 -0.0474 0.6447
vn -0.4680 0.3187 0.8242
vn 0.4870 -0.1368 0.8626
vn 0.5902 -0.8064 -0.0368
vn 0.2288 -0.6733 -0.7031
vn -0.1522 -0.9879 0.0315
vn 0.5388 -0.0984 0.8367
vn -0.3397 -0.9403 0.0213
vn -0.2382 -0.7257 0.6454
vn -0.6388 -0.0690 -0.7663
vn -0.0759 -0.9964 -0.0391
vn 0.1763 -0.6073 -0.7747
vn 0.4681 -0.6008 -0.6481
vn 0.5882 -0.8087 0.0035
vn 0.4804 -0.6558 -0.5823
vn -0.0692 -0.4660 0.8821
vn -0.7246 -0.5506 -0.4145
vn -0.1147 -0.7318 0.6718
vn 0.8280 -0.5492 0.1131
vn 0.6607 -0.6093 -0.4385
vn -0.8431 0.5264 0.1096
vn -0.6281 0.5712 0.5284
vn -0.6382 0.6530 0.4078
vn 0.1845 -0.8834 -0.4307
vn 0.5768 -0.7880 0.2152
vn -0.9360 -0.3468 0.0603
vn -0.3866 -0.1832 -0.9039
vn -0.9656 -0.2444 -0.0888
vn -0.1190 0.0327 -0.9924
vn -0.5684 -0.0270 -0.8223
vn 0.8150 0.3110 -0.4888
vn -0.2665 0.0315 -0.9633
vn 0.8767 0.2582 -0.4060
vn 0.5957 0.2355 0.7679
vn 0.6139 0.2535 0.7476
vn -0.9938 -0.1102 0.0117
vn -0.9929 -0.1184 0.0142
vn 0.8800 0.2747 -0.3874
vn 0.7538 0.1307 0.6440
vn 0.8029 0.0694 -0.5920
vn 0.9821 0.0327 -0.1856
vn 0.6821 -0.0037 0.7312
vn 0.7548 0.0299 0.6553
vn -0.3087 -0.2277 0.9235
vn -0.3371 -0.1297 0.9325
vn -0.9622 -0.2718 -0.0178
vn -0.9913 -0.1316 0.0083
vn 0.8681 0.1012 -0.4860
vn -0.3140 -0.2063 0.9267
vn -0.4715 -0.0553 0.8801
vn -0.9656 -0.2444 -0.0887
vn -0.9360 -0.3469 0.0602
vn -0.2496 -0.1689 -0.9535
vn -0.3985 -0.0477 -0.9159
vn -0.9913 -0.1317 0.0083
vn -0.9622 -0.2718 -0.0177
vn -0.3640 -0.0318 0.9308
vn -0.9941 -0.0863 -0.0655
vn -0.5864 -0.1110 0.8024
vn -0.9532 -0.3005 -0.0327
vn -0.9075 -0.4187 -0.0341
vn -0.2243 -0.3449 0.9114
vn 0.7495 -0.0600 0.6593
vn 0.7431 -0.2399 0.6247
vn 0.8350 -0.5215 0.1753
vn 0.4822 -0.5563 0.6767
vn 0.2889 -0.1998 0.9363
vn 0.0650 0.0085 0.9978
vn 0.7572 -0.0426 -0.6518
vn 0.7943 -0.1332 -0.5928
vn -0.2508 -0.3353 -0.9081
vn -0.5674 -0.0687 -0.8206
vn 0.0122 0.0064 -0.9999
vn 0.7971 0.2446 -0.5521
vn -0.0464 0.6680 -0.7427
vn 0.5142 0.7527 -0.4111
vn -0.0472 0.9985 0.0260
vn 0.5667 0.8235 -0.0259
vn 0.7263 0.6794 -0.1041
vn 0.4874 0.7365 0.4691
vn -0.0206 0.5368 0.8435
vn 0.3425 0.4739 0.8113
vn 0.5789 0.2741 -0.7679
vn 0.6517 -0.2727 -0.7078
vn 0.5019 -0.4541 -0.7361
vn -0.9858 -0.1677 0.0053
vn -0.9816 -0.1908 0.0001
vn -0.4303 -0.0438 0.9016
vn -0.3537 -0.1052 0.9294
vn 0.6347 0.1220 0.7631
vn 0.8027 -0.0463 0.5946
vn -0.9934 -0.1117 0.0266
vn -0.2560 -0.1077 0.9607
vn -0.3660 0.0123 0.9306
vn 0.6952 -0.0048 0.7188
vn 0.6623 -0.0993 0.7426
vn 0.9317 -0.0916 -0.3515
vn 0.9715 -0.1012 -0.2145
vn 0.0333 -0.1436 -0.9891
vn -0.3123 -0.1194 -0.9424
vn -0.9934 -0.1116 0.0267
vn -0.9980 0.0059 0.0633
vn -0.3762 0.1422 0.9156
vn -0.9940 0.1022 0.0402
vn -0.3518 0.5491 0.7581
vn -0.9708 0.2210 -0.0929
vn 0.7151 0.0645 0.6960
vn 0.9070 -0.0458 -0.4186
vn 0.8698 -0.0650 -0.4892
vn -0.5349 -0.0680 -0.8422
vn 0.6868 -0.4036 -0.6045
vn 0.6974 -0.4740 0.5376
vn 0.5022 -0.7598 -0.4130
vn 0.9995 0.0249 0.0183
vn 0.5610 -0.3368 0.7562
vn 0.6072 0.2826 0.7426
vn 0.6475 0.7567 0.0904
vn 0.6211 0.4994 -0.6039
vn 0.5214 -0.1662 -0.8370
vn 0.3425 0.4739 0.8112
vn 0.5790 0.2742 -0.7679
vn 0.5018 -0.4541 -0.7361
vn -0.3432 0.8269 -0.4455
vn -0.2785 0.8287 0.4854
vn -0.0207 0.5368 0.8435
vn -0.3476 -0.0528 0.9361
vn -0.5518 -0.7343 0.3954
vn -0.6001 -0.7998 -0.0132
vn -0.9075 -0.4186 -0.0341
vn -0.0463 0.6680 -0.7427
vn -0.3911 0.0780 -0.9170
vn -0.4271 -0.6337 -0.6450
vn 0.3312 -0.8644 -0.3782
vn 0.5924 -0.7953 0.1290
vn 0.9063 0.1016 -0.4103
vn -0.2770 -0.0268 -0.9605
vn -0.3925 -0.0042 0.9197
vn 0.8471 -0.0485 -0.5293
vn -0.3001 -0.1047 -0.9482
vn 0.7605 0.0649 0.6461
vn 0.8681 0.0901 -0.4882
vn -0.2213 0.0196 -0.9750
vn -0.7863 -0.2715 -0.5550
vn -0.8348 0.3549 -0.4209
vn -0.1223 -0.2097 -0.9701
vn -0.6048 0.2119 -0.7676
vn 0.0218 -0.2693 -0.9628
vn -0.8374 -0.2679 -0.4765
vn -0.2392 -0.2156 -0.9467
vn 0.7042 -0.0594 -0.7075
vn -0.0814 0.0121 -0.9966
vn 0.7196 0.1079 -0.6859
vn -0.7310 -0.1467 -0.6664
vn -0.8135 -0.0856 -0.5752
vn 0.7891 -0.0626 -0.6111
vn 0.8473 -0.1743 -0.5017
vn 0.9931 -0.0168 0.1161
vn 0.9810 0.1227 0.1500
vn 0.9704 -0.1668 0.1749
vn 0.9428 -0.3325 -0.0236
vn 0.5138 -0.0249 -0.8575
vn 0.6823 -0.3127 0.6608
vn 0.6593 0.0766 0.7480
vn 0.7195 0.0211 0.6942
vn 0.6861 0.2262 0.6914
vn 0.3115 0.1026 0.9447
vn 0.5529 0.1260 0.8237
vn 0.1257 0.0224 0.9918
vn -0.0294 0.4332 0.9008
vn -0.0144 -0.0973 0.9952
vn -0.5946 -0.2481 0.7648
vn -0.6384 -0.1811 0.7481
vn -0.6305 0.3599 0.6878
vn 0.1675 -0.0147 0.9858
vn -0.8720 -0.2833 0.3991
vn -0.9763 0.1368 0.1679
vn -0.9103 0.2309 0.3435
vn -0.9429 -0.1885 0.2745
vn -0.6272 -0.1491 0.7644
vn -0.9635 -0.2017 0.1758
vn 0.1042 -0.0497 0.9933
vn 0.8244 0.1036 0.5565
vn -0.6539 -0.2592 0.7108
vn -0.6591 -0.2337 0.7149
vn -0.6897 -0.2514 0.6791
vn -0.7010 -0.3226 0.6360
vn -0.0053 -0.4526 0.8917
vn 0.6055 -0.1392 0.7835
vn 0.8793 -0.1128 0.4628
vn 0.9470 0.0282 0.3201
vn -0.5254 -0.4667 0.7114
vn 0.9124 0.0504 0.4061
vn 0.9954 0.0519 -0.0810
vn -0.9145 -0.3140 0.2553
vn 0.9984 0.0411 -0.0378
vn 0.9996 -0.0117 0.0239
vn 0.8336 0.0998 -0.5432
vn 0.9696 0.0842 -0.2296
vn 0.9910 -0.0041 0.1336
vn 0.9446 -0.1065 0.3104
vn 0.6715 -0.3319 0.6625
vn -0.3950 -0.7917 0.4660
vn 0.1164 -0.8540 0.5070
vn 0.6853 0.0429 -0.7270
vn 0.1673 -0.0488 -0.9847
vn -0.2739 -0.1056 -0.9559
vn -0.8592 -0.1232 -0.4966
vn -0.9399 -0.3129 -0.1368
vn -0.9568 -0.0021 -0.2907
vn -0.9345 -0.2596 0.2436
vn -0.9497 -0.0960 -0.2981
vn -0.9587 -0.2187 0.1820
vn -0.9735 -0.1909 -0.1256
vn -0.7339 -0.6792 0.0078
vn -0.5142 -0.8290 -0.2200
vn 0.4354 0.7745 0.4589
vn 0.3161 0.7906 -0.5245
vn -0.5953 0.7738 0.2164
vn -0.7718 0.6359 0.0017
vn -0.8460 0.4641 -0.2625
vn -0.0699 0.3572 -0.9314
vn 0.0555 0.5507 0.8329
vn 0.2594 -0.2844 0.9229
vn -0.2651 0.2007 0.9431
vn 0.7587 -0.1550 0.6327
vn -0.2650 0.2008 0.9431
vn -0.3874 0.2272 -0.8935
vn -0.6049 0.2119 -0.7676
vn -0.7093 -0.6822 0.1775
vn -0.8460 0.4642 -0.2625
vn -0.9029 0.2550 -0.3459
vn -0.8861 0.4633 0.0122
vn -0.7572 0.0036 0.6532
vn -0.9691 0.2087 -0.1314
vn -0.1915 0.5428 0.8177
vn -0.9763 0.1368 0.1680
vn -0.9568 -0.0021 -0.2906
vn -0.6305 0.3598 0.6877
vn -0.0295 0.4332 0.9008
vn -0.8280 -0.5459 -0.1282
vn -0.6036 -0.6946 -0.3914
vn -0.5033 -0.5641 -0.6546
vn -0.8743 -0.4854 -0.0015
vn -0.6959 -0.7177 0.0257
vn -0.7123 -0.6752 -0.1916
vn -0.9159 -0.3825 -0.1217
vn -0.7583 -0.5358 -0.3713
vn -0.5774 -0.5228 -0.6271
vn -0.1682 -0.9833 0.0691
vn 0.1952 -0.6589 -0.7264
vn 0.7328 -0.0219 -0.6801
vn 0.3719 -0.5505 -0.7474
vn -0.1046 -0.2953 -0.9497
vn 0.6376 -0.2985 -0.7102
vn 0.7734 -0.2171 -0.5956
vn 0.7407 -0.4303 -0.5160
vn 0.9584 0.0577 -0.2796
vn 0.6237 -0.3338 -0.7069
vn 0.8121 -0.5429 -0.2138
vn 0.5331 -0.4694 -0.7039
vn 0.3956 -0.6278 -0.6703
vn 0.9154 -0.3247 -0.2379
vn 0.2243 0.3696 0.9017
vn 0.0708 -0.9140 -0.3994
vn 0.0437 -0.9198 -0.3900
vn -0.8101 0.2766 -0.5169
vn -0.9994 0.0308 -0.0145
vn -0.9070 -0.2413 0.3452
vn -0.8922 -0.2753 0.3581
vn -0.7231 0.2947 -0.6247
vn -0.8780 0.3902 0.2773
vn -0.5806 0.3333 0.7429
vn -0.8780 0.3901 0.2773
vn 0.7909 0.3480 0.5034
vn 0.2173 0.9211 -0.3231
vn 0.7486 0.3036 -0.5894
vn 0.9214 0.3421 0.1844
vn 0.9958 0.0348 -0.0843
vn 0.3755 0.2946 -0.8788
vn 0.5621 0.4769 -0.6757
vn 0.9953 0.0046 -0.0963
vn -0.9994 0.0308 -0.0144
vn -0.9571 -0.1833 0.2244
vn -0.6429 0.0261 -0.7655
vn -0.9642 -0.1955 0.1794
vn -0.2084 -0.2288 0.9509
vn -0.0450 0.2938 -0.9548
vn -0.9158 0.0897 0.3916
vn -0.3086 -0.2970 0.9036
vn -0.1672 0.9859 -0.0117
vn 0.2827 -0.2148 0.9349
vn 0.3968 0.6003 0.6944
vn -0.9157 0.0897 0.3916
vn 0.0385 -0.1941 0.9802
vn 0.8027 0.5612 -0.2018
vn 0.9749 0.2164 -0.0520
vn 0.7534 0.0033 0.6575
vn 0.8826 0.2175 -0.4167
vn 0.2827 -0.2148 0.9348
vn 0.7005 -0.0905 0.7079
vn 0.9749 0.2163 -0.0520
vn 0.7441 0.6626 -0.0852
vn 0.9930 0.0940 -0.0709
vn 0.8268 0.5618 -0.0295
vn 0.9718 -0.0039 -0.2356
vn 0.8963 0.4256 0.1246
vn 0.9565 -0.1225 0.2648
vn 0.7842 0.2412 0.5717
vn 0.1911 0.9630 0.1901
vn 0.1458 0.6419 0.7528
vn 0.0879 0.9892 0.1174
vn 0.1517 0.9037 0.4003
vn -0.6976 0.5883 0.4089
vn -0.5540 0.5443 0.6300
vn -0.6383 -0.0600 0.7674
vn -0.8875 -0.0018 0.4608
vn -0.7380 0.5258 0.4231
vn -0.9535 -0.0352 0.2992
vn 0.6406 -0.7673 -0.0288
vn 0.4053 -0.8154 -0.4133
vn -0.6700 -0.7380 0.0804
vn -0.7121 -0.6978 -0.0772
vn -0.9243 -0.0071 0.3817
vn -0.8115 0.5621 0.1594
vn -0.5867 -0.7456 0.3160
vn -0.4662 -0.7485 0.4716
vn -0.1457 -0.6323 0.7609
vn 0.0024 -0.2614 0.9652
vn -0.2602 0.0621 0.9635
vn 0.4644 -0.4463 0.7650
vn 0.6492 -0.2754 0.7091
vn 0.5889 -0.7724 0.2378
vn 0.3037 -0.1470 0.9413
vn -0.9253 0.0097 0.3790
vn -0.7310 0.5628 -0.3859
vn -0.7604 0.2289 -0.6077
vn -0.7107 -0.6996 -0.0742
vn -0.6195 -0.7601 0.1961
vn 0.9712 0.0594 -0.2307
vn 0.5569 -0.7299 -0.3963
vn 0.6821 -0.6636 -0.3071
vn 0.9342 -0.0008 -0.3568
vn 0.5237 0.0754 -0.8486
vn 0.0206 -0.4443 -0.8957
vn 0.2378 0.5090 -0.8273
vn 0.6044 0.6755 -0.4223
vn -0.0081 0.9994 0.0346
vn -0.6196 -0.7601 0.1961
vn -0.7106 -0.6996 -0.0742
vn 0.0206 -0.4443 -0.8956
vn 0.5236 0.0754 -0.8486
vn 0.2378 0.5089 -0.8273
vn -0.7310 0.5627 -0.3860
vn -0.8116 0.5621 0.1594
vn -0.0082 0.9994 0.0346
vn 0.5569 -0.7299 -0.3964
vn -0.7121 -0.6978 -0.0771
vn -0.6701 -0.7379 0.0804
vn 0.5889 -0.7724 0.2377
vn -0.1458 -0.6323 0.7609
vn 0.4643 -0.4463 0.7650
vn -0.6376 0.0006 0.7704
vn -0.5245 0.1432 0.8393
vn 0.2569 0.1102 0.9601
vn 0.3590 0.3749 0.8547
vn 0.8146 0.3334 0.4747
vn 0.8935 0.2171 0.3932
vn -0.6765 0.1016 0.7294
vn -0.7087 -0.0382 0.7045
vn -0.6369 0.4196 0.6468
vn -0.7727 0.3302 0.5422
vn 0.8898 0.3312 0.3140
vn 0.7560 0.5757 0.3116
vn 0.8723 0.4826 0.0785
vn 0.9468 0.1681 0.2743
vn 0.0722 0.7290 0.6807
vn -0.2077 0.8127 0.5444
vn -0.7111 0.4753 0.5181
vn 0.7240 0.6685 0.1698
vn 0.9041 0.4264 -0.0269
vn 0.9257 0.3538 -0.1341
vn -0.8186 0.2991 0.4903
vn -0.8323 0.2803 0.4782
vn 0.2519 0.3385 -0.9066
vn -0.5256 0.1939 -0.8283
vn -0.9919 0.1253 -0.0214
vn -0.9842 0.0642 0.1651
vn -0.4642 -0.7234 -0.5110
vn -0.6682 -0.7419 0.0553
vn -0.5284 -0.5417 0.6537
vn -0.2172 0.3389 0.9154
vn 0.6346 -0.4660 0.6165
vn 0.8174 0.3461 0.4605
vn -0.3466 0.3235 0.8805
vn 0.8717 0.3636 0.3286
vn 0.7784 -0.5494 -0.3038
vn 0.8851 0.1733 -0.4319
vn -0.1665 -0.6981 -0.6964
vn 0.5129 -0.6907 -0.5098
vn 0.9115 0.2757 -0.3052
vn -0.0074 -0.9999 -0.0140
vn -0.5770 0.6619 0.4785
vn -0.9862 0.0185 0.1643
vn -0.3216 0.4982 0.8052
vn -0.6726 0.1438 0.7259
vn -0.5960 -0.8009 0.0587
vn -0.9374 0.0754 -0.3400
vn -0.7104 -0.3920 -0.5846
vn -0.2363 0.1879 -0.9533
vn -0.5390 0.8071 -0.2408
vn -0.0793 0.8022 -0.5917
vn -0.1137 -0.7509 -0.6505
vn -0.5113 -0.8384 0.1888
vn -0.3375 -0.3368 0.8790
vn -0.0665 0.6555 0.7522
vn 0.5343 0.2031 -0.8205
vn 0.2834 0.6945 -0.6613
vn 0.8331 0.5529 0.0172
vn 0.8898 0.0300 -0.4553
vn 0.4988 -0.4489 -0.7415
vn 0.7642 -0.5893 -0.2622
vn 0.9552 0.2821 0.0898
vn 0.5208 -0.8422 -0.1399
vn 0.7561 -0.6244 0.1960
vn 0.6176 0.3302 0.7138
vn 0.7688 0.6136 0.1801
vn 0.6472 0.2703 0.7127
vn 0.7561 -0.6244 0.1961
vn -0.3375 -0.3369 0.8790
vn -0.0666 0.6555 0.7522
vn 0.9552 0.2820 0.0897
vn -0.6727 0.1438 0.7259
vn 0.5208 -0.8421 -0.1400
vn -0.5960 -0.8008 0.0587
vn 0.4987 -0.4489 -0.7415
vn -0.7104 -0.3920 -0.5845
vn 0.6472 0.2703 0.7128
vn 0.0526 0.8683 0.4932
vn -0.5390 0.8072 -0.2408
vn -0.0792 0.8022 -0.5917
vn 0.2512 0.9305 -0.2667
vn -0.2083 0.8119 0.5453
vn 0.0526 0.8683 0.4933
vn 0.5667 0.6594 0.4939
vn 0.8348 0.3549 -0.4209
vn 0.7863 -0.2715 -0.5550
vn 0.1223 -0.2097 -0.9701
vn 0.6048 0.2119 -0.7676
vn -0.0218 -0.2693 -0.9628
vn 0.8374 -0.2679 -0.4765
vn 0.2392 -0.2156 -0.9467
vn -0.7042 -0.0594 -0.7075
vn 0.0814 0.0121 -0.9966
vn -0.7196 0.1079 -0.6859
vn 0.7310 -0.1466 -0.6664
vn 0.8135 -0.0856 -0.5752
vn -0.7891 -0.0626 -0.6111
vn -0.8473 -0.1743 -0.5017
vn -0.9931 -0.0168 0.1161
vn -0.9810 0.1227 0.1500
vn -0.9704 -0.1668 0.1749
vn -0.9431 -0.3316 -0.0225
vn -0.5138 -0.0249 -0.8575
vn -0.6823 -0.3127 0.6608
vn -0.6593 0.0766 0.7480
vn -0.7195 0.0211 0.6942
vn -0.6861 0.2262 0.6914
vn -0.3115 0.1026 0.9447
vn -0.5529 0.1260 0.8237
vn -0.1257 0.0224 0.9918
vn 0.0294 0.4332 0.9008
vn 0.0144 -0.0973 0.9952
vn 0.5946 -0.2481 0.7648
vn 0.6384 -0.1811 0.7481
vn 0.6305 0.3599 0.6878
vn -0.1675 -0.0147 0.9858
vn 0.8720 -0.2833 0.3991
vn 0.9763 0.1368 0.1679
vn 0.9103 0.2309 0.3435
vn 0.9429 -0.1885 0.2745
vn 0.6272 -0.1491 0.7644
vn 0.9635 -0.2017 0.1758
vn -0.1042 -0.0497 0.9933
vn -0.8244 0.1036 0.5565
vn 0.6539 -0.2592 0.7108
vn 0.6590 -0.2337 0.7149
vn 0.6897 -0.2514 0.6791
vn 0.7010 -0.3226 0.6360
vn 0.0053 -0.4526 0.8917
vn -0.6055 -0.1392 0.7835
vn -0.8793 -0.1128 0.4628
vn -0.9470 0.0282 0.3201
vn 0.5254 -0.4668 0.7114
vn -0.9125 0.0504 0.4061
vn -0.9954 0.0519 -0.0810
vn 0.9145 -0.3140 0.2553
vn -0.9984 0.0411 -0.0378
vn -0.9996 -0.0117 0.0239
vn -0.8336 0.0998 -0.5432
vn -0.9696 0.0842 -0.2296
vn -0.9910 -0.0041 0.1336
vn -0.9446 -0.1065 0.3104
vn -0.6715 -0.3319 0.6625
vn -0.1164 -0.8540 0.5070
vn 0.3950 -0.7917 0.4660
vn -0.1673 -0.0488 -0.9847
vn -0.6853 0.0429 -0.7270
vn 0.2739 -0.1056 -0.9559
vn 0.8592 -0.1232 -0.4966
vn 0.9399 -0.3129 -0.1368
vn 0.9568 -0.0021 -0.2907
vn 0.9345 -0.2596 0.2436
vn 0.9497 -0.0960 -0.2981
vn 0.9587 -0.2187 0.1820
vn 0.9735 -0.1910 -0.1256
vn 0.7339 -0.6792 0.0078
vn 0.5142 -0.8290 -0.2200
vn 0.7718 0.6359 0.0017
vn -0.3161 0.7906 -0.5245
vn 0.5953 0.7738 0.2164
vn -0.4355 0.7745 0.4589
vn 0.8460 0.4641 -0.2625
vn 0.0699 0.3572 -0.9314
vn -0.0555 0.5507 0.8329
vn -0.2594 -0.2844 0.9229
vn 0.2651 0.2007 0.9431
vn -0.7587 -0.1550 0.6327
vn 0.2650 0.2008 0.9431
vn 0.3874 0.2272 -0.8935
vn 0.6049 0.2119 -0.7676
vn 0.7093 -0.6822 0.1775
vn 0.9029 0.2550 -0.3459
vn 0.8460 0.4642 -0.2625
vn 0.8861 0.4633 0.0122
vn 0.7572 0.0036 0.6532
vn 0.9691 0.2087 -0.1314
vn 0.1915 0.5428 0.8177
vn 0.9763 0.1368 0.1680
vn 0.9568 -0.0021 -0.2906
vn 0.6305 0.3598 0.6877
vn 0.0295 0.4332 0.9008
vn 0.6036 -0.6946 -0.3914
vn 0.8280 -0.5459 -0.1282
vn 0.5033 -0.5641 -0.6546
vn 0.8743 -0.4854 -0.0015
vn 0.6959 -0.7177 0.0257
vn 0.7123 -0.6752 -0.1916
vn 0.9159 -0.3825 -0.1217
vn 0.7583 -0.5358 -0.3713
vn 0.5774 -0.5228 -0.6271
vn 0.1682 -0.9833 0.0691
vn -0.1952 -0.6589 -0.7264
vn -0.3719 -0.5505 -0.7474
vn -0.7328 -0.0219 -0.6801
vn 0.1046 -0.2953 -0.9497
vn -0.7734 -0.2171 -0.5956
vn -0.6376 -0.2985 -0.7102
vn -0.7407 -0.4303 -0.5160
vn -0.9584 0.0577 -0.2796
vn -0.6237 -0.3338 -0.7069
vn -0.8121 -0.5429 -0.2138
vn -0.3956 -0.6278 -0.6703
vn -0.5331 -0.4694 -0.7039
vn -0.9154 -0.3247 -0.2379
vn -0.2243 0.3696 0.9017
vn -0.0708 -0.9140 -0.3994
vn -0.0437 -0.9198 -0.3900
vn 0.8101 0.2766 -0.5169
vn 0.9070 -0.2413 0.3452
vn 0.9994 0.0308 -0.0145
vn 0.8922 -0.2753 0.3581
vn 0.7231 0.2947 -0.6247
vn 0.8780 0.3902 0.2773
vn 0.5806 0.3333 0.7429
vn 0.8780 0.3901 0.2773
vn -0.2173 0.9211 -0.3231
vn -0.7909 0.3480 0.5034
vn -0.7486 0.3036 -0.5894
vn -0.9214 0.3421 0.1844
vn -0.9958 0.0348 -0.0843
vn -0.3755 0.2946 -0.8788
vn -0.5621 0.4769 -0.6757
vn -0.9953 0.0046 -0.0963
vn 0.9994 0.0308 -0.0144
vn 0.6429 0.0261 -0.7655
vn 0.9571 -0.1833 0.2244
vn 0.9642 -0.1955 0.1794
vn 0.2084 -0.2288 0.9509
vn 0.0450 0.2938 -0.9548
vn 0.9158 0.0897 0.3916
vn 0.3086 -0.2970 0.9036
vn 0.1672 0.9859 -0.0117
vn -0.2827 -0.2148 0.9349
vn -0.3968 0.6003 0.6944
vn -0.0385 -0.1941 0.9802
vn 0.9157 0.0897 0.3916
vn -0.8027 0.5612 -0.2019
vn -0.9749 0.2164 -0.0520
vn -0.7534 0.0033 0.6575
vn -0.8826 0.2175 -0.4167
vn -0.2827 -0.2148 0.9348
vn -0.7005 -0.0905 0.7079
vn -0.9749 0.2163 -0.0520
vn -0.9718 -0.0039 -0.2356
vn -0.9930 0.0940 -0.0709
vn -0.8268 0.5618 -0.0295
vn -0.7441 0.6626 -0.0852
vn -0.8963 0.4256 0.1246
vn -0.9565 -0.1225 0.2648
vn -0.7842 0.2412 0.5717
vn -0.1911 0.9630 0.1902
vn -0.1458 0.6419 0.7528
vn -0.0879 0.9892 0.1174
vn -0.1517 0.9037 0.4003
vn 0.6976 0.5883 0.4089
vn 0.5540 0.5443 0.6300
vn 0.6383 -0.0600 0.7674
vn 0.8875 -0.0018 0.4608
vn 0.7379 0.5258 0.4231
vn 0.9535 -0.0352 0.2992
vn -0.6406 -0.7673 -0.0288
vn 0.6700 -0.7380 0.0804
vn 0.7121 -0.6978 -0.0772
vn 0.9243 -0.0071 0.3817
vn 0.8115 0.5621 0.1594
vn 0.5867 -0.7456 0.3159
vn 0.4662 -0.7485 0.4716
vn 0.1457 -0.6323 0.7609
vn -0.0024 -0.2614 0.9652
vn 0.2592 0.0622 0.9638
vn -0.4644 -0.4463 0.7650
vn -0.6492 -0.2754 0.7090
vn -0.5889 -0.7724 0.2378
vn -0.3037 -0.1470 0.9413
vn 0.6195 -0.7601 0.1961
vn 0.7107 -0.6996 -0.0742
vn 0.9253 0.0097 0.3790
vn 0.7604 0.2289 -0.6077
vn 0.7310 0.5628 -0.3859
vn 0.0081 0.9994 0.0346
vn -0.6044 0.6755 -0.4223
vn -0.9712 0.0594 -0.2307
vn -0.5569 -0.7299 -0.3963
vn -0.6821 -0.6636 -0.3071
vn -0.9342 -0.0008 -0.3568
vn -0.5237 0.0754 -0.8486
vn -0.0206 -0.4443 -0.8957
vn -0.2378 0.5090 -0.8273
vn -0.4053 -0.8154 -0.4133
vn -0.0206 -0.4443 -0.8956
vn 0.7106 -0.6996 -0.0742
vn 0.6196 -0.7601 0.1961
vn -0.5236 0.0754 -0.8486
vn -0.2378 0.5089 -0.8273
vn 0.7310 0.5627 -0.3860
vn 0.8116 0.5621 0.1594
vn 0.0082 0.9994 0.0346
vn -0.5569 -0.7299 -0.3964
vn 0.7121 -0.6978 -0.0771
vn 0.6701 -0.7379 0.0804
vn 0.5867 -0.7456 0.3160
vn -0.5889 -0.7724 0.2377
vn 0.1458 -0.6323 0.7609
vn -0.4643 -0.4463 0.7650
vn -0.2569 0.1102 0.9601
vn 0.5245 0.1432 0.8393
vn 0.6376 0.0006 0.7704
vn -0.3590 0.3749 0.8547
vn -0.8146 0.3334 0.4747
vn -0.8935 0.2171 0.3932
vn 0.6765 0.1016 0.7294
vn 0.7087 -0.0382 0.7045
vn 0.6369 0.4196 0.6468
vn 0.7728 0.3299 0.5421
vn -0.8898 0.3312 0.3140
vn -0.7560 0.5757 0.3116
vn -0.8723 0.4826 0.0785
vn -0.9468 0.1681 0.2743
vn -0.0722 0.7290 0.6807
vn 0.2077 0.8127 0.5444
vn 0.7111 0.4753 0.5181
vn -0.7240 0.6685 0.1698
vn -0.9041 0.4264 -0.0269
vn -0.9257 0.3538 -0.1341
vn 0.8186 0.2991 0.4903
vn 0.8323 0.2803 0.4782
vn 0.9842 0.0641 0.1651
vn 0.5256 0.1939 -0.8283
vn 0.9919 0.1253 -0.0214
vn -0.2519 0.3385 -0.9066
vn 0.4642 -0.7234 -0.5110
vn 0.6682 -0.7419 0.0553
vn 0.5284 -0.5418 0.6537
vn 0.2172 0.3389 0.9154
vn -0.6346 -0.4660 0.6165
vn -0.8174 0.3461 0.4605
vn 0.3466 0.3235 0.8805
vn -0.8717 0.3636 0.3286
vn -0.7784 -0.5494 -0.3038
vn -0.8851 0.1733 -0.4319
vn -0.5129 -0.6907 -0.5098
vn 0.1665 -0.6981 -0.6964
vn -0.9115 0.2759 -0.3051
vn 0.0074 -0.9999 -0.0140
vn 0.6726 0.1438 0.7259
vn 0.9862 0.0185 0.1643
vn 0.3216 0.4982 0.8052
vn 0.5770 0.6619 0.4785
vn 0.5960 -0.8009 0.0587
vn 0.9374 0.0754 -0.3400
vn 0.7104 -0.3920 -0.5846
vn 0.2363 0.1879 -0.9533
vn 0.5390 0.8071 -0.2408
vn 0.0793 0.8022 -0.5917
vn 0.1137 -0.7509 -0.6505
vn 0.5113 -0.8384 0.1888
vn 0.3375 -0.3368 0.8790
vn 0.0665 0.6555 0.7522
vn -0.5343 0.2031 -0.8205
vn -0.2834 0.6945 -0.6613
vn -0.8331 0.5529 0.0172
vn -0.8898 0.0300 -0.4553
vn -0.4988 -0.4489 -0.7415
vn -0.7642 -0.5893 -0.2622
vn -0.9552 0.2821 0.0898
vn -0.5208 -0.8422 -0.1399
vn -0.7561 -0.6244 0.1960
vn -0.6176 0.3302 0.7138
vn -0.7688 0.6136 0.1801
vn -0.6472 0.2703 0.7127
vn 0.0666 0.6555 0.7522
vn 0.3375 -0.3369 0.8790
vn -0.7561 -0.6244 0.1961
vn -0.9552 0.2820 0.0897
vn 0.6727 0.1438 0.7259
vn -0.5208 -0.8421 -0.1400
vn 0.5960 -0.8008 0.0587
vn -0.4987 -0.4489 -0.7415
vn 0.7104 -0.3920 -0.5845
vn -0.6472 0.2703 0.7128
vn -0.0526 0.8683 0.4932
vn 0.5390 0.8072 -0.2408
vn 0.0792 0.8022 -0.5917
vn -0.2512 0.9305 -0.2667
vn -0.0526 0.8683 0.4933
vn 0.2083 0.8119 0.5453
vn -0.5667 0.6594 0.4939
vn 0.9848 0.0959 0.1452
vn 0.7923 0.3777 0.4792
vn 0.8369 0.3096 0.4514
vn 0.9468 -0.0214 0.3211
vn 0.5433 -0.2122 0.8123
vn 0.1208 0.4575 0.8810
vn 0.1965 0.1261 0.9724
vn -0.5935 0.1721 0.7862
vn -0.8239 -0.1984 0.5308
vn -0.6115 0.0920 0.7859
vn -0.6951 -0.2468 0.6752
vn 0.1529 -0.2759 0.9489
vn -0.7795 -0.0529 0.6242
vn -0.9766 0.1639 0.1393
vn -0.9605 -0.0060 0.2782
vn -0.6921 -0.1993 0.6937
vn 0.3522 -0.2677 0.8968
vn -0.9702 -0.1908 0.1495
vn -0.9421 0.1809 -0.2825
vn -0.8553 -0.0962 -0.5091
vn -0.8769 -0.2714 -0.3967
vn -0.7646 -0.1734 0.6207
vn -0.9699 -0.1664 0.1781
vn -0.6674 0.0370 0.7438
vn -0.9757 0.0123 0.2189
vn -0.9351 0.0804 0.3452
vn -0.6135 0.1797 0.7690
vn -0.9830 0.0507 -0.1762
vn -0.9654 0.1239 -0.2293
vn -0.9666 0.1111 0.2309
vn -0.6783 0.2220 0.7004
vn 0.2347 0.3653 0.9008
vn -0.0439 -0.1162 0.9923
vn 0.4237 0.1144 0.8985
vn 0.8788 0.1736 0.4445
vn 0.8396 0.4154 0.3501
vn 0.7299 0.5316 0.4296
vn 0.9084 0.0013 0.4182
vn 0.9770 0.1469 -0.1548
vn 0.9409 0.0117 -0.3385
vn 0.9753 0.0554 -0.2140
vn 0.9143 0.0093 0.4050
vn 0.9474 0.3194 0.0189
vn 0.9212 0.1736 0.3482
vn 0.6445 0.3542 -0.6776
vn 0.6642 0.0825 -0.7430
vn 0.6643 -0.0688 -0.7443
vn 0.5796 -0.0656 -0.8123
vn 0.6238 0.1314 -0.7704
vn 0.7016 0.6997 0.1349
vn 0.3121 0.8875 -0.3391
vn -0.2694 0.4218 -0.8658
vn -0.4899 0.8192 -0.2982
vn 0.0466 0.0603 -0.9971
vn -0.1804 -0.2093 -0.9610
vn -0.3049 -0.1182 -0.9450
vn 0.5997 0.2249 -0.7680
vn 0.6744 0.1974 -0.7115
vn 0.6449 0.2816 -0.7105
vn 0.7537 0.1877 -0.6299
vn 0.6797 0.2575 -0.6868
vn 0.5814 -0.2628 -0.7700
vn 0.9502 0.2634 -0.1665
vn 0.6725 0.0799 -0.7357
vn 0.9020 0.3273 -0.2817
vn 0.8974 0.4304 0.0973
vn -0.2837 0.4359 -0.8541
vn 0.3288 -0.2296 -0.9160
vn 0.6827 -0.3579 -0.6371
vn -0.2466 -0.4714 -0.8467
vn -0.3256 0.3901 -0.8613
vn -0.2693 0.4218 -0.8658
vn -0.1805 -0.2093 -0.9611
vn -0.3049 -0.1181 -0.9450
vn -0.9081 -0.1950 -0.3706
vn -0.9444 -0.0217 -0.3282
vn -0.9348 0.0734 -0.3475
vn -0.9650 0.0147 -0.2617
vn -0.8456 -0.3267 -0.4221
vn -0.8513 -0.5136 -0.1077
vn -0.9773 0.1202 -0.1742
vn -0.3256 0.3902 -0.8612
vn -0.6382 -0.2195 -0.7379
vn -0.8721 -0.1832 -0.4538
vn -0.2466 -0.4714 -0.8468
vn -0.0208 -0.8760 -0.4820
vn -0.8721 -0.1831 -0.4537
vn -0.8513 -0.5136 -0.1078
vn 0.6826 -0.3579 -0.6371
vn 0.3288 -0.2297 -0.9160
vn 0.6726 0.0799 -0.7357
vn 0.0680 0.9782 -0.1961
vn -0.0951 0.9821 -0.1624
vn 0.0790 0.9318 -0.3543
vn 0.0101 0.8395 0.5433
vn -0.8035 0.5129 0.3021
vn 0.5649 0.8101 0.1568
vn 0.3121 0.8875 -0.3392
vn -0.4899 0.8192 -0.2981
vn -0.4017 0.9151 -0.0358
vn -0.4017 0.9151 -0.0357
vn -0.8485 0.2086 0.4864
vn -0.7844 0.5649 0.2562
vn -0.5936 0.1721 0.7862
vn -0.8239 -0.1983 0.5309
vn -0.8239 -0.1984 0.5309
vn -0.8114 0.0325 0.5836
vn 0.0101 0.8395 0.5432
vn 0.1209 0.4575 0.8810
vn 0.7923 0.3777 0.4791
vn -0.8090 0.4044 0.4265
vn 0.9848 0.0959 0.1451
vn 0.9084 0.3496 0.2295
vn -0.7923 0.3777 0.4792
vn -0.9848 0.0959 0.1452
vn -0.8369 0.3096 0.4514
vn -0.9468 -0.0214 0.3211
vn -0.5433 -0.2122 0.8123
vn -0.1208 0.4575 0.8810
vn -0.1965 0.1261 0.9724
vn 0.5935 0.1721 0.7862
vn 0.8239 -0.1984 0.5308
vn 0.6115 0.0920 0.7859
vn 0.6951 -0.2468 0.6752
vn -0.1529 -0.2759 0.9489
vn 0.9766 0.1639 0.1393
vn 0.7795 -0.0529 0.6242
vn 0.9605 -0.0060 0.2782
vn 0.6921 -0.1993 0.6937
vn -0.3522 -0.2677 0.8968
vn 0.9702 -0.1908 0.1495
vn 0.9421 0.1809 -0.2825
vn 0.8553 -0.0962 -0.5091
vn 0.8769 -0.2714 -0.3967
vn 0.7646 -0.1734 0.6207
vn 0.9699 -0.1664 0.1781
vn 0.6674 0.0370 0.7438
vn 0.9757 0.0123 0.2189
vn 0.9351 0.0804 0.3452
vn 0.6135 0.1797 0.7690
vn 0.9830 0.0507 -0.1762
vn 0.9654 0.1239 -0.2293
vn 0.9666 0.1111 0.2309
vn 0.6783 0.2220 0.7004
vn -0.2347 0.3653 0.9008
vn 0.0439 -0.1162 0.9923
vn -0.4237 0.1144 0.8985
vn -0.8788 0.1736 0.4445
vn -0.8396 0.4154 0.3501
vn -0.7299 0.5316 0.4296
vn -0.9084 0.0013 0.4182
vn -0.9770 0.1469 -0.1548
vn -0.9409 0.0117 -0.3385
vn -0.9753 0.0554 -0.2140
vn -0.9143 0.0093 0.4050
vn -0.9474 0.3194 0.0189
vn -0.9212 0.1736 0.3482
vn -0.6445 0.3542 -0.6776
vn -0.6642 0.0825 -0.7430
vn -0.6643 -0.0688 -0.7443
vn -0.5796 -0.0656 -0.8123
vn -0.6238 0.1314 -0.7704
vn -0.7016 0.6997 0.1349
vn -0.3121 0.8875 -0.3391
vn 0.2694 0.4218 -0.8658
vn 0.4899 0.8192 -0.2982
vn -0.0466 0.0603 -0.9971
vn 0.1804 -0.2093 -0.9610
vn 0.3049 -0.1182 -0.9450
vn -0.5997 0.2249 -0.7680
vn -0.6744 0.1974 -0.7115
vn -0.6449 0.2816 -0.7105
vn -0.7537 0.1877 -0.6299
vn -0.6797 0.2575 -0.6868
vn -0.5814 -0.2628 -0.7700
vn -0.9502 0.2634 -0.1665
vn -0.6725 0.0799 -0.7357
vn -0.9020 0.3273 -0.2817
vn -0.8974 0.4304 0.0973
vn 0.2837 0.4359 -0.8541
vn -0.3288 -0.2296 -0.9160
vn -0.6827 -0.3579 -0.6371
vn 0.2466 -0.4714 -0.8467
vn 0.3256 0.3901 -0.8613
vn 0.2693 0.4218 -0.8658
vn 0.1805 -0.2093 -0.9611
vn 0.3049 -0.1181 -0.9450
vn 0.9081 -0.1950 -0.3706
vn 0.9444 -0.0217 -0.3282
vn 0.9348 0.0734 -0.3475
vn 0.9650 0.0147 -0.2617
vn 0.8456 -0.3267 -0.4221
vn 0.8513 -0.5136 -0.1077
vn 0.9773 0.1202 -0.1742
vn 0.3256 0.3902 -0.8612
vn 0.6382 -0.2195 -0.7379
vn 0.8721 -0.1832 -0.4538
vn 0.2466 -0.4714 -0.8468
vn 0.0208 -0.8760 -0.4820
vn 0.8721 -0.1831 -0.4537
vn 0.8513 -0.5136 -0.1078
vn -0.6826 -0.3579 -0.6371
vn -0.3288 -0.2297 -0.9160
vn -0.6726 0.0799 -0.7357
vn 0.0951 0.9821 -0.1624
vn -0.0680 0.9782 -0.1961
vn -0.0790 0.9318 -0.3543
vn -0.0101 0.8395 0.5433
vn 0.8035 0.5129 0.3021
vn -0.5649 0.8101 0.1568
vn -0.3121 0.8875 -0.3392
vn 0.4899 0.8192 -0.2981
vn 0.4017 0.9151 -0.0358
vn 0.4017 0.9151 -0.0357
vn 0.8485 0.2086 0.4864
vn 0.7844 0.5649 0.2562
vn 0.8114 0.0325 0.5836
vn 0.5936 0.1721 0.7862
vn 0.8239 -0.1983 0.5309
vn -0.0101 0.8395 0.5432
vn -0.1209 0.4575 0.8810
vn -0.7923 0.3777 0.4791
vn 0.8090 0.4044 0.4265
vn -0.9084 0.3496 0.2295
vn 0.4884 0.2452 0.8374
vn 0.6109 -0.4345 0.6618
vn 0.9800 -0.1988 -0.0014
vn 0.8631 0.5015 0.0600
vn 0.5151 0.3875 -0.7645
vn 0.6333 -0.3142 -0.7073
vn 0.1534 0.9839 0.0912
vn 0.4884 0.2452 0.8375
vn -0.1094 0.2985 0.9481
vn -0.2161 -0.0870 0.9725
vn 0.6108 -0.4345 0.6619
vn -0.6228 -0.0187 0.7822
vn -0.3459 0.5172 0.7829
vn -0.7163 0.6959 0.0510
vn -0.6227 -0.0186 0.7822
vn 0.5151 0.3876 -0.7645
vn -0.3233 0.6479 -0.6897
vn -0.0810 0.4596 -0.8844
vn -0.1857 0.0817 -0.9792
vn 0.6333 -0.3141 -0.7073
vn -0.5983 0.1162 -0.7928
vn -0.6109 -0.4345 0.6618
vn -0.4884 0.2452 0.8374
vn -0.9800 -0.1988 -0.0014
vn -0.8631 0.5015 0.0600
vn -0.5151 0.3875 -0.7645
vn -0.6333 -0.3142 -0.7073
vn -0.4884 0.2452 0.8375
vn -0.1534 0.9839 0.0912
vn 0.1094 0.2985 0.9481
vn 0.2161 -0.0870 0.9725
vn -0.6108 -0.4345 0.6619
vn 0.6228 -0.0187 0.7822
vn 0.3459 0.5172 0.7829
vn 0.7163 0.6959 0.0510
vn 0.6227 -0.0186 0.7822
vn -0.5151 0.3876 -0.7645
vn 0.3234 0.6479 -0.6897
vn 0.0810 0.4596 -0.8844
vn 0.1857 0.0817 -0.9792
vn -0.6333 -0.3141 -0.7073
vn 0.5983 0.1162 -0.7928
vn -0.0000 -0.5417 -0.8405
vn -0.0000 0.2059 -0.9786
vn 0.7369 -0.3549 -0.5753
vn 0.4723 0.6550 -0.5898
vn 0.8791 0.2982 -0.3718
vn 0.6983 0.6656 -0.2632
vn 0.7382 0.5748 -0.3532
vn 0.1994 0.6302 0.7504
vn 0.6762 0.2185 -0.7036
vn 0.8882 -0.2541 -0.3829
vn 0.8983 0.0870 -0.4306
vn 0.9396 0.1288 -0.3173
vn 0.7962 0.5251 0.3005
vn 0.7993 -0.3346 -0.4991
vn 0.8171 -0.3490 -0.4589
vn 0.7860 0.2307 0.5735
vn -0.6327 0.3567 0.6874
vn 0.8572 0.1753 -0.4842
vn 0.7537 0.6128 -0.2376
vn -0.0000 -0.4800 -0.8773
vn 0.0000 0.3474 -0.9377
vn 0.6306 0.5574 0.5400
vn 0.8716 -0.3976 -0.2867
vn 0.7979 -0.5496 -0.2477
vn 0.7521 -0.3532 -0.5565
vn 0.8749 -0.1908 -0.4451
vn -0.0000 -0.9870 -0.1606
vn -0.0000 0.9816 0.1908
vn 0.0000 0.9686 -0.2485
vn -0.0000 0.9258 -0.3780
vn 0.0000 -0.6853 -0.7282
vn 0.4955 -0.4348 -0.7519
vn -0.7537 0.6128 -0.2376
vn -0.8572 0.1753 -0.4842
vn -0.6983 0.6656 -0.2632
vn -0.6762 0.2185 -0.7036
vn -0.4723 0.6550 -0.5898
vn -0.8516 0.3536 -0.3869
vn -0.7356 0.5853 -0.3410
vn -0.1994 0.6302 0.7504
vn -0.7273 -0.3374 -0.5977
vn -0.8905 -0.2138 -0.4015
vn -0.9206 0.0822 -0.3818
vn -0.9396 0.1288 -0.3173
vn -0.7962 0.5251 0.3005
vn -0.7844 -0.3440 -0.5161
vn -0.7942 -0.3764 -0.4771
vn -0.7860 0.2307 0.5735
vn 0.6327 0.3567 0.6874
vn -0.8521 -0.4273 -0.3023
vn -0.7979 -0.5496 -0.2477
vn -0.7521 -0.3532 -0.5565
vn -0.8749 -0.1908 -0.4451
vn 0.0000 -0.4401 -0.8979
vn 0.2433 -0.4348 -0.8671
vn 0.5032 -0.3138 -0.8052
vn -0.2433 -0.4348 -0.8671
vn -0.5032 -0.3138 -0.8052
vn -0.4955 -0.4349 -0.7519
vn 0.5085 0.7183 0.4747
vn -0.3373 0.9027 0.2671
vn -0.5086 0.7183 0.4747
vn 0.3373 0.9027 0.2670
vn -0.5086 0.7183 0.4748
vn -0.9631 0.1279 0.2370
vn -0.6327 0.3567 0.6873
vn -0.9823 0.1869 -0.0076
vn -0.6396 0.0527 0.7669
vn -0.0579 0.5514 0.8322
vn 0.1073 0.4134 0.9042
vn -0.0000 -0.0965 0.9953
vn -0.0000 0.1164 0.9932
vn -0.1073 0.4134 0.9042
vn 0.6396 0.0527 0.7669
vn -0.0000 0.3452 0.9385
vn 0.0001 0.9816 0.1908
vn -0.6306 0.5574 0.5400
vn 0.9631 0.1279 0.2370
vn 0.5086 0.7183 0.4748
vn 0.6327 0.3567 0.6873
vn 0.9823 0.1869 -0.0076
vn 0.0579 0.5514 0.8322
vn 0.4489 0.6422 0.6213
vn -0.2812 -0.1508 -0.9477
vn 0.4955 -0.4349 -0.7519
vn 0.2812 -0.1508 -0.9477
vn 0.0000 -0.6853 -0.7283
vn -0.3136 -0.3947 -0.8636
vn -0.6515 -0.1026 -0.7517
vn -0.6336 -0.6369 -0.4392
vn -0.0000 0.5630 -0.8265
vn -0.9030 -0.4266 0.0505
vn -0.6669 -0.6929 -0.2742
vn -0.6681 -0.7057 -0.2356
vn -0.4489 0.6422 0.6213
vn 0.6515 -0.1026 -0.7517
vn 0.3136 -0.3947 -0.8636
vn 0.6336 -0.6369 -0.4392
vn 0.6669 -0.6929 -0.2742
vn 0.9030 -0.4266 0.0505
vn 0.6681 -0.7057 -0.2356
vn -0.3145 -0.5280 -0.7889
vn 0.1019 -0.9190 -0.3808
vn -0.1238 -0.9597 -0.2522
vn 0.3181 -0.3262 -0.8902
vn -0.2618 -0.2867 -0.9215
vn -0.1239 -0.9597 -0.2522
vn -0.2711 -0.8836 -0.3818
vn -0.0938 -0.7567 -0.6470
vn -0.2619 -0.2867 -0.9215
vn -0.4844 -0.2130 -0.8485
vn -0.9338 -0.2930 -0.2054
vn -0.9338 -0.2929 -0.2054
vn -0.8880 0.4244 -0.1770
vn -0.6315 0.0760 -0.7716
vn -0.3621 0.2001 -0.9104
vn 0.0029 0.9787 -0.2053
vn -0.1568 0.2944 -0.9427
vn -0.1597 -0.4744 -0.8657
vn 0.1481 -0.2310 -0.9616
vn -0.4284 0.0232 -0.9033
vn 0.2808 0.2514 -0.9262
vn 0.0709 -0.0212 -0.9973
vn -0.1140 -0.0748 -0.9907
vn -0.4284 0.0233 -0.9033
vn -0.1226 0.3270 -0.9370
vn 0.2808 0.2515 -0.9262
vn -0.1973 0.4541 -0.8688
vn -0.5383 0.3035 -0.7862
vn -0.3919 -0.0391 -0.9192
vn 0.0087 -0.0301 -0.9995
vn -0.1325 -0.3701 -0.9195
vn -0.4514 0.1039 -0.8862
vn -0.3803 -0.2743 -0.8833
vn -0.3803 -0.2742 -0.8833
vn -0.0539 -0.4571 -0.8878
vn -0.3339 -0.1927 -0.9227
vn 0.0068 0.7205 -0.6934
vn 0.3851 0.6098 -0.6927
vn 0.8053 0.5592 -0.1972
vn 0.8053 0.5592 -0.1971
vn 0.9559 -0.2372 -0.1734
vn 0.6949 0.1800 -0.6962
vn 0.6962 -0.3128 -0.6461
vn 0.9558 -0.2372 -0.1734
vn 0.4330 -0.6421 -0.6326
vn 0.2808 0.2514 -0.9263
vn -0.1019 -0.9190 -0.3808
vn 0.3145 -0.5280 -0.7889
vn 0.1238 -0.9597 -0.2522
vn -0.3181 -0.3262 -0.8902
vn 0.2618 -0.2867 -0.9215
vn 0.2711 -0.8836 -0.3818
vn 0.1239 -0.9597 -0.2522
vn 0.0938 -0.7567 -0.6470
vn 0.2619 -0.2867 -0.9215
vn 0.4844 -0.2130 -0.8485
vn 0.9338 -0.2930 -0.2054
vn 0.9338 -0.2929 -0.2054
vn 0.6315 0.0760 -0.7716
vn 0.8880 0.4244 -0.1770
vn 0.3621 0.2001 -0.9104
vn -0.0029 0.9787 -0.2053
vn 0.1569 0.2944 -0.9427
vn 0.1597 -0.4744 -0.8657
vn -0.1481 -0.2310 -0.9616
vn 0.4284 0.0232 -0.9033
vn -0.2808 0.2514 -0.9262
vn -0.0709 -0.0212 -0.9973
vn -0.2808 0.2515 -0.9262
vn 0.1973 0.4541 -0.8688
vn 0.1226 0.3270 -0.9370
vn 0.1140 -0.0748 -0.9907
vn 0.4284 0.0233 -0.9033
vn 0.3919 -0.0391 -0.9192
vn 0.5383 0.3035 -0.7862
vn -0.0087 -0.0300 -0.9995
vn 0.3803 -0.2743 -0.8833
vn 0.4514 0.1039 -0.8862
vn 0.1325 -0.3701 -0.9195
vn 0.3803 -0.2742 -0.8833
vn 0.0539 -0.4571 -0.8878
vn 0.3339 -0.1927 -0.9227
vn -0.8053 0.5592 -0.1972
vn -0.3851 0.6098 -0.6927
vn -0.0068 0.7205 -0.6934
vn -0.8053 0.5592 -0.1971
vn -0.6949 0.1800 -0.6962
vn -0.9559 -0.2372 -0.1734
vn -0.6963 -0.3128 -0.6461
vn -0.9558 -0.2372 -0.1734
vn -0.4330 -0.6421 -0.6326
vn -0.2808 0.2514 -0.9263
vn -0.6706 -0.7362 -0.0913
vn -0.8062 -0.4399 -0.3956
vn -0.3635 -0.6846 -0.6319
vn -0.4956 0.2662 -0.8268
vn -0.9702 -0.0904 -0.2247
vn -0.4712 0.2445 -0.8475
vn -0.3804 0.9246 -0.0195
vn -0.4712 0.2444 -0.8475
vn -0.9170 0.3980 -0.0278
vn -0.6515 0.6607 0.3728
vn -0.2349 0.8706 0.4323
vn -0.9678 -0.1710 0.1847
vn -0.9702 -0.0905 -0.2247
vn -0.7033 -0.7026 0.1083
vn -0.8855 -0.4584 0.0767
vn -0.9734 -0.2290 -0.0112
vn 0.0119 -0.9980 -0.0613
vn -0.6706 -0.7362 -0.0914
vn -0.7032 -0.7027 0.1083
vn -0.8855 -0.4583 0.0767
vn -0.8773 -0.0356 -0.4786
vn -0.9161 -0.2268 0.3307
vn -0.9296 -0.1207 -0.3482
vn -0.1204 0.1837 -0.9756
vn -0.1239 0.0604 -0.9905
vn -0.8661 -0.4889 -0.1040
vn -0.0185 -0.7560 -0.6543
vn -0.9941 -0.1082 -0.0001
vn -0.9578 0.0403 0.2844
vn -0.8581 -0.4162 0.3009
vn 0.0976 -0.7924 0.6022
vn 0.0770 -0.1332 0.9881
vn -0.8940 -0.1163 0.4327
vn -0.0877 -0.1575 0.9836
vn -0.8034 -0.5932 0.0520
vn -0.8139 -0.4201 -0.4012
vn -0.0691 -0.7191 -0.6914
vn -0.3773 -0.7386 0.5587
vn -0.6769 -0.4166 -0.6069
vn 0.0001 -0.4491 -0.8935
vn 0.9627 -0.2002 0.1818
vn 0.9872 0.0919 -0.1303
vn 0.8454 0.0618 -0.5306
vn 0.9714 0.1920 0.1396
vn 0.9494 0.0331 0.3122
vn 0.2115 -0.1462 0.9664
vn 0.8605 -0.5089 -0.0228
vn 0.5001 -0.7014 0.5079
vn 0.7117 -0.3149 -0.6279
vn 0.7499 0.0101 -0.6614
vn 0.8486 0.5118 0.1342
vn 0.7241 0.6642 0.1855
vn 0.8884 0.4437 0.1178
vn -0.1809 0.9211 0.3447
vn 0.2334 0.7021 0.6728
vn -0.9298 0.2827 0.2356
vn -0.8576 0.4264 0.2876
vn -0.8760 0.4270 0.2244
vn 0.0909 0.9441 0.3168
vn 0.6472 -0.3275 -0.6884
vn -0.9379 -0.1157 -0.3270
vn -0.9188 0.0756 -0.3873
vn -0.1888 -0.2967 -0.9361
vn -0.2238 0.2035 -0.9531
vn -0.8302 0.3935 -0.3948
vn -0.0076 0.9325 -0.3612
vn -0.7956 0.5786 0.1796
vn -0.9321 0.0069 0.3620
vn 0.8409 0.1742 -0.5124
vn 0.8965 0.3057 -0.3206
vn 0.6990 0.7022 0.1356
vn -0.0978 0.9594 0.2646
vn 0.9819 0.0650 0.1777
vn 0.0480 0.1515 0.9873
vn -0.2544 0.2024 0.9457
vn -0.5039 -0.3553 -0.7873
vn -0.8751 -0.3125 -0.3696
vn -0.0460 -0.6596 -0.7502
vn 0.8182 -0.1489 -0.5553
vn 0.7559 0.1477 -0.6377
vn 0.8991 -0.3241 -0.2942
vn 0.9849 -0.0339 0.1696
vn 0.8959 -0.3312 0.2963
vn 0.0918 -0.8405 0.5340
vn 0.1853 -0.8596 0.4762
vn 0.8958 -0.3312 0.2963
vn 0.9465 -0.3213 0.0287
vn 0.1263 -0.6793 0.7229
vn -0.8454 -0.4884 0.2162
vn -0.7556 -0.4966 0.4272
vn 0.0816 -0.9918 0.0982
vn -0.7722 0.4988 0.3936
vn -0.1573 0.6650 0.7301
vn -0.0977 0.9594 0.2646
vn 0.6990 0.7021 0.1356
vn 0.9299 0.1422 0.3392
vn 0.0480 0.1516 0.9873
vn 0.6390 0.1203 0.7598
vn 0.0086 -0.5608 0.8279
vn 0.0971 -0.2173 0.9713
vn -0.8259 -0.3634 0.4310
vn -0.7796 -0.1939 0.5955
vn 0.0650 0.4113 0.9092
vn -0.9270 0.0021 0.3751
vn 0.9147 -0.1940 0.3546
vn 0.8969 0.0102 0.4420
vn 0.9374 0.2148 0.2741
vn 0.0650 0.4114 0.9091
vn 0.3018 0.3411 0.8903
vn -0.4234 -0.4216 0.8019
vn -0.5707 -0.6745 0.4684
vn -0.3921 0.3545 0.8489
vn 0.0649 0.4114 0.9092
vn 0.9147 -0.1940 0.3547
vn 0.7071 -0.5658 0.4241
vn 0.4261 -0.3793 0.8213
usemtl e02_201
s 1
f 3/1/1 2/2/2 1/3/3
f 1/3/3 4/4/4 3/1/1
f 5/5/5 3/1/1 4/4/4
f 4/4/4 1/3/3 6/6/6
f 7/7/7 6/6/6 1/3/3
f 6/6/6 8/8/8 4/4/4
f 9/9/9 4/4/4 8/8/8
f 9/9/9 10/10/10 4/4/4
f 11/11/11 4/4/4 10/10/10
f 5/5/5 4/4/4 11/11/11
f 9/9/9 12/12/12 10/10/10
f 13/13/13 10/10/10 12/12/12
f 13/13/13 12/12/12 14/14/14
f 15/15/15 14/14/14 12/12/12
f 12/12/12 9/9/9 15/15/15
f 8/8/8 15/15/15 9/9/9
f 7/7/7 1/3/3 16/16/16
f 17/17/17 16/16/16 1/3/3
f 2/2/2 3/1/1 18/18/18
f 11/11/11 10/10/10 19/19/19
f 19/19/19 5/5/5 11/11/11
f 5/5/5 19/19/19 3/1/1
f 18/18/18 3/1/1 19/19/19
f 20/20/20 19/19/19 10/10/10
f 13/13/13 21/21/21 10/10/10
f 20/20/20 10/10/10 21/21/21
f 13/13/13 14/14/14 21/21/21
f 22/22/22 21/21/21 14/14/14
f 21/21/21 22/22/22 20/20/20
f 19/19/19 23/23/23 18/18/18
f 24/24/24 18/18/18 23/23/23
f 23/23/23 19/19/19 25/25/25
f 20/20/20 25/25/25 19/19/19
f 25/25/25 20/20/20 22/22/22
f 24/24/24 26/26/26 18/18/18
f 27/27/27 18/18/18 26/26/26
f 30/28/28 29/29/29 28/30/30
f 29/29/29 31/31/31 28/30/30
f 31/31/31 29/29/29 32/32/32
f 29/29/29 34/33/33 33/34/34
f 34/33/33 35/35/35 33/34/34
f 29/29/29 33/34/34 36/36/36
f 36/36/36 37/37/37 29/29/29
f 38/38/38 36/36/36 33/34/34
f 40/39/39 39/40/40 33/34/34
f 41/41/41 39/40/40 40/39/39
f 33/34/34 39/40/40 42/42/42
f 43/43/43 42/42/42 39/40/40
f 39/40/40 41/41/41 43/43/43
f 44/44/44 43/43/43 41/41/41
f 41/41/41 45/45/45 44/44/44
f 46/46/46 44/44/44 45/45/45
f 41/41/41 40/39/39 47/47/47
f 50/48/48 49/49/49 48/50/50
f 52/51/51 51/52/52 49/49/49
f 54/53/53 50/48/54 53/54/55
f 55/55/56 53/54/55 50/48/54
f 57/56/57 54/53/53 56/57/58
f 58/58/59 56/57/58 54/53/53
f 57/56/57 56/57/58 59/59/60
f 60/60/61 59/59/60 56/57/58
f 63/61/62 62/62/63 61/63/64
f 64/64/65 61/63/64 62/62/63
f 64/64/65 62/62/63 65/65/66
f 66/66/67 65/65/66 62/62/63
f 67/67/68 65/65/66 66/66/67
f 68/68/69 67/67/68 66/66/67
f 63/61/62 69/69/70 62/62/63
f 69/69/70 70/70/71 62/62/63
f 68/68/69 71/71/72 67/67/68
f 72/72/73 67/67/68 71/71/72
f 73/73/74 72/72/73 71/71/72
f 73/73/74 71/71/72 74/74/75
f 73/73/74 74/74/75 75/75/76
f 75/75/76 74/74/75 76/76/77
f 77/77/78 75/75/76 76/76/77
f 77/77/78 78/78/79 75/75/76
f 80/79/80 77/77/78 79/80/81
f 81/81/82 80/79/80 79/80/81
f 81/81/82 82/82/83 80/79/80
f 83/83/84 82/82/83 81/81/82
f 84/84/85 82/82/83 83/83/84
f 84/84/85 83/83/84 85/85/86
f 86/86/87 85/85/86 83/83/84
f 85/85/86 86/86/87 87/87/88
f 88/88/89 85/85/86 87/87/88
f 87/87/88 89/89/90 88/88/89
f 90/90/91 88/88/89 89/89/90
f 90/90/91 89/89/90 91/91/92
f 92/92/93 91/91/92 89/89/90
f 93/93/94 92/92/93 89/89/90
f 94/94/95 93/93/94 89/89/90
f 95/95/96 77/77/78 80/79/80
f 98/96/97 97/97/98 96/98/99
f 96/98/99 99/99/100 98/96/97
f 100/100/101 98/96/97 99/99/100
f 100/100/101 99/99/100 101/101/102
f 104/102/103 103/103/104 102/104/105
f 102/104/105 105/105/106 104/102/103
f 104/102/103 105/105/106 106/106/98
f 107/107/107 106/106/98 105/105/106
f 107/107/107 108/108/99 106/106/98
f 107/107/107 109/109/108 108/108/99
f 110/110/100 108/108/99 109/109/108
f 109/109/108 111/111/109 110/110/100
f 112/112/102 110/110/100 111/111/109
f 111/111/109 113/113/110 112/112/102
f 114/114/111 112/112/102 113/113/110
f 113/113/110 115/115/112 114/114/111
f 116/116/113 114/114/111 115/115/112
f 103/103/104 104/102/103 117/117/114
f 118/118/115 117/117/114 104/102/103
f 104/102/103 119/119/116 118/118/115
f 120/120/117 118/118/115 119/119/116
f 121/121/118 120/120/117 119/119/116
f 120/120/117 121/121/118 122/122/119
f 123/123/120 122/122/119 121/121/118
f 122/122/119 123/123/120 124/124/121
f 125/125/122 124/124/121 123/123/120
f 124/124/121 125/125/122 126/126/123
f 127/127/124 126/126/123 125/125/122
f 126/126/123 127/127/124 128/128/125
f 129/129/126 128/128/125 127/127/124
f 132/130/127 131/131/128 130/132/129
f 132/130/127 133/133/130 131/131/128
f 132/130/127 134/134/131 133/133/130
f 135/135/132 133/133/130 134/134/131
f 135/135/132 134/134/131 136/136/133
f 137/137/134 135/135/132 136/136/133
f 130/132/129 131/131/128 138/138/135
f 139/139/136 130/132/129 138/138/135
f 138/138/135 140/140/137 139/139/136
f 141/141/138 139/139/136 140/140/137
f 140/140/137 142/142/139 141/141/138
f 143/143/140 141/141/138 142/142/139
f 137/137/134 144/144/141 135/135/132
f 145/145/142 135/135/132 144/144/141
f 142/142/139 146/146/143 143/143/140
f 144/144/141 147/147/144 145/145/142
f 148/148/145 145/145/142 147/147/144
f 147/147/144 149/149/146 148/148/145
f 149/149/146 147/147/144 150/150/147
f 150/150/147 147/147/144 151/151/148
f 152/152/149 151/151/148 147/147/144
f 151/151/148 152/152/149 153/153/150
f 154/154/151 153/153/150 152/152/149
f 153/153/150 154/154/151 155/155/152
f 156/156/153 153/153/150 155/155/152
f 157/157/154 153/153/150 156/156/153
f 156/156/153 158/158/155 157/157/154
f 157/157/154 158/158/155 159/159/156
f 159/159/156 158/158/155 160/160/157
f 159/159/156 160/160/157 161/161/158
f 160/160/157 162/162/159 161/161/158
f 161/161/158 162/162/159 163/163/160
f 164/164/161 163/163/160 162/162/159
f 163/163/160 164/164/161 165/165/162
f 166/166/163 165/165/162 164/164/161
f 167/167/164 165/165/162 166/166/163
f 170/168/129 169/169/165 168/170/166
f 171/171/167 168/170/166 169/169/165
f 172/172/168 168/170/166 171/171/167
f 172/172/168 173/173/169 168/170/166
f 174/174/170 168/170/166 173/173/169
f 174/174/170 175/175/171 168/170/166
f 176/176/172 168/170/166 175/175/171
f 173/173/169 177/177/173 174/174/170
f 172/172/168 171/171/167 177/177/173
f 177/177/173 171/171/167 178/178/174
f 179/179/175 178/178/174 171/171/167
f 180/180/176 174/174/170 177/177/173
f 180/180/176 177/177/173 178/178/174
f 174/174/170 180/180/176 181/181/177
f 174/174/170 181/181/177 175/175/171
f 182/182/178 181/181/177 180/180/176
f 181/181/177 182/182/178 183/183/179
f 181/181/177 183/183/179 184/184/180
f 185/185/181 184/184/180 183/183/179
f 186/186/182 183/183/179 182/182/178
f 186/186/182 187/187/183 183/183/179
f 188/188/184 183/183/179 187/187/183
f 183/183/179 188/188/184 185/185/181
f 182/182/178 180/180/176 189/189/185
f 178/178/174 189/189/185 180/180/176
f 189/189/185 186/186/182 182/182/178
f 189/189/185 178/178/174 179/179/175
f 186/186/182 189/189/185 190/190/186
f 191/191/187 190/190/186 189/189/185
f 184/184/180 192/192/188 181/181/177
f 184/184/180 193/193/189 192/192/188
f 175/175/171 181/181/177 192/192/188
f 192/192/188 193/193/189 194/194/190
f 195/195/191 194/194/190 193/193/189
f 176/176/172 192/192/188 194/194/190
f 175/175/171 192/192/188 176/176/172
f 196/196/192 185/185/181 188/188/184
f 191/191/187 189/189/185 197/197/193
f 179/179/175 197/197/193 189/189/185
f 198/198/143 197/197/193 179/179/175
f 190/190/186 199/199/194 186/186/182
f 187/187/183 186/186/182 199/199/194
f 198/198/143 200/200/195 197/197/193
f 197/197/193 200/200/195 201/201/196
f 201/201/196 200/200/195 202/202/197
f 179/179/175 203/203/198 198/198/143
f 179/179/175 171/171/167 203/203/198
f 203/203/198 171/171/167 169/169/165
f 203/203/198 169/169/165 204/204/138
f 203/203/198 204/204/138 205/205/199
f 205/205/199 198/198/143 203/203/198
f 206/206/200 197/197/193 201/201/196
f 206/206/200 201/201/196 207/207/201
f 206/206/200 208/208/164 197/197/193
f 200/200/202 210/209/203 209/210/204
f 211/211/205 209/210/204 210/209/203
f 210/209/203 212/212/206 211/211/205
f 200/200/202 213/213/143 210/209/203
f 214/214/207 211/211/205 212/212/206
f 214/214/207 215/215/208 211/211/205
f 209/210/204 211/211/205 215/215/208
f 215/215/208 216/216/209 209/210/204
f 215/215/208 214/214/207 217/217/210
f 214/214/207 218/218/211 217/217/210
f 219/219/212 217/217/210 218/218/211
f 220/220/213 215/215/208 217/217/210
f 220/220/213 217/217/210 221/221/214
f 222/222/215 221/221/214 217/217/210
f 215/215/208 220/220/213 223/223/216
f 223/223/216 220/220/213 224/224/217
f 224/224/217 225/225/218 223/223/216
f 223/223/216 225/225/218 226/226/219
f 223/223/216 226/226/219 215/215/208
f 206/206/220 226/226/219 225/225/218
f 227/227/164 206/206/220 225/225/218
f 206/206/220 228/228/221 226/226/219
f 215/215/208 226/226/219 229/229/222
f 200/200/202 209/210/204 228/228/221
f 225/225/162 231/230/126 230/231/223
f 232/232/124 230/231/223 231/230/126
f 230/231/223 232/232/124 233/233/224
f 234/234/122 233/233/224 232/232/124
f 233/233/224 234/234/122 235/235/225
f 233/233/224 235/235/225 236/236/156
f 235/235/225 237/237/226 236/236/156
f 238/238/227 236/236/156 237/237/226
f 238/238/227 237/237/226 239/239/150
f 239/239/150 237/237/226 240/240/228
f 239/239/150 240/240/228 241/241/148
f 240/240/228 242/242/229 241/241/148
f 243/243/103 242/242/229 240/240/228
f 244/244/146 242/242/229 243/243/103
f 245/245/230 244/244/146 243/243/103
f 245/245/230 243/243/103 246/246/231
f 245/245/230 246/246/231 247/247/142
f 246/246/231 248/248/132 247/247/142
f 249/249/232 248/248/132 246/246/231
f 249/249/232 250/250/233 248/248/132
f 250/250/233 249/249/232 251/251/128
f 252/252/101 251/251/128 249/249/232
f 252/252/101 253/253/234 251/251/128
f 254/254/102 253/253/234 252/252/101
f 254/254/102 255/255/111 253/253/234
f 256/256/235 253/253/234 255/255/111
f 255/255/111 257/257/113 256/256/235
f 210/209/139 256/256/235 257/257/113
f 257/257/113 258/258/236 210/209/139
f 258/258/237 260/259/238 259/260/239
f 261/261/240 259/260/239 260/259/238
f 262/262/241 261/261/240 260/259/238
f 263/263/242 259/260/239 261/261/240
f 263/263/242 264/264/243 259/260/239
f 265/265/244 259/260/239 264/264/243
f 265/265/244 266/266/245 259/260/239
f 267/267/246 263/263/242 261/261/240
f 268/268/247 267/267/246 261/261/240
f 269/269/248 268/268/247 261/261/240
f 270/270/249 269/269/248 261/261/240
f 270/270/249 271/271/250 269/269/248
f 271/271/250 270/270/249 272/272/251
f 273/273/252 272/272/251 270/270/249
f 269/269/248 271/271/250 274/274/253
f 273/273/252 270/270/249 275/275/110
f 273/273/252 275/275/110 276/276/254
f 277/277/109 276/276/254 275/275/110
f 278/278/108 276/276/254 277/277/109
f 279/279/255 275/275/110 270/270/249
f 273/273/252 280/280/256 272/272/251
f 272/272/251 280/280/256 281/281/257
f 282/282/258 281/281/257 280/280/256
f 282/282/258 280/280/256 283/283/67
f 284/284/259 283/283/67 280/280/256
f 283/283/67 284/284/259 285/285/260
f 280/280/256 286/286/261 284/284/259
f 273/273/252 286/286/261 280/280/256
f 284/284/259 287/287/262 285/285/260
f 284/284/259 288/288/263 287/287/262
f 278/278/108 288/288/263 286/286/261
f 289/289/264 287/287/262 288/288/263
f 288/288/263 278/278/108 289/289/264
f 290/290/265 287/287/262 289/289/264
f 288/288/263 284/284/259 291/291/266
f 278/278/108 292/292/107 289/289/264
f 285/285/260 287/287/262 293/293/267
f 294/294/268 293/293/267 287/287/262
f 290/290/265 294/294/268 287/287/262
f 294/294/268 295/295/269 293/293/267
f 296/296/75 293/293/267 295/295/269
f 297/297/270 295/295/269 294/294/268
f 290/290/265 297/297/270 294/294/268
f 292/292/107 298/298/106 289/289/264
f 290/290/265 289/289/264 298/298/106
f 290/290/265 298/298/106 297/297/270
f 299/299/271 297/297/270 298/298/106
f 297/297/270 299/299/271 300/300/272
f 297/297/270 300/300/272 295/295/269
f 301/301/104 300/300/272 299/299/271
f 295/295/269 302/302/273 296/296/75
f 300/300/272 303/303/274 295/295/269
f 295/295/269 303/303/274 302/302/273
f 304/304/78 302/302/273 303/303/274
f 305/305/275 304/304/78 303/303/274
f 301/301/104 306/306/276 300/300/272
f 307/307/277 300/300/272 306/306/276
f 306/306/276 308/308/115 307/307/277
f 309/309/278 307/307/277 308/308/115
f 309/309/278 308/308/115 310/310/279
f 311/311/280 309/309/278 310/310/279
f 310/310/279 312/312/281 311/311/280
f 313/313/282 311/311/280 312/312/281
f 312/312/281 314/314/283 313/313/282
f 315/315/119 312/312/281 310/310/279
f 316/316/117 315/315/119 310/310/279
f 316/316/117 310/310/279 308/308/115
f 311/311/280 313/313/282 317/317/284
f 313/313/282 318/318/88 317/317/284
f 313/313/282 319/319/285 318/318/88
f 320/320/286 318/318/88 319/319/285
f 320/320/286 319/319/285 321/321/287
f 322/322/288 321/321/287 319/319/285
f 319/319/285 313/313/282 323/323/289
f 312/312/281 315/315/119 323/323/289
f 317/317/284 324/324/290 311/311/280
f 325/325/291 311/311/280 324/324/290
f 325/325/291 324/324/290 326/326/292
f 327/327/82 326/326/292 324/324/290
f 326/326/292 307/307/277 325/325/291
f 319/319/285 328/328/293 322/322/288
f 323/323/289 328/328/293 319/319/285
f 328/328/293 329/329/294 322/322/288
f 330/330/295 322/322/288 329/329/294
f 330/330/295 329/329/294 331/331/296
f 331/331/296 329/329/294 332/332/297
f 333/333/298 331/331/296 332/332/297
f 334/334/299 333/333/298 332/332/297
f 331/331/296 335/335/300 330/330/295
f 328/328/293 336/336/123 329/329/294
f 328/328/293 337/337/301 336/336/123
f 338/338/121 336/336/123 337/337/301
f 337/337/301 315/315/119 338/338/121
f 339/339/302 329/329/294 336/336/123
f 263/263/242 334/334/299 332/332/297
f 340/340/303 263/263/242 332/332/297
f 332/332/297 341/341/304 340/340/303
f 342/342/305 340/340/303 341/341/304
f 263/263/242 340/340/303 343/343/306
f 344/344/307 343/343/306 340/340/303
f 332/332/297 345/345/308 341/341/304
f 346/346/309 344/344/307 340/340/303
f 334/334/299 263/263/242 347/347/310
f 263/263/242 267/267/246 347/347/310
f 349/348/311 347/347/310 348/349/312
f 267/267/313 351/350/314 350/351/315
f 353/352/126 352/353/316 339/339/302
f 353/352/126 342/342/317 354/354/318
f 352/353/316 355/355/319 339/339/302
f 342/342/320 220/220/321 356/356/322
f 342/342/317 231/230/126 225/225/162
f 358/357/323 357/358/324 347/347/310
f 361/359/325 360/360/326 359/361/327
f 362/362/328 361/359/325 359/361/327
f 363/363/329 362/362/328 359/361/327
f 363/363/329 359/361/327 364/364/330
f 363/363/329 364/364/330 365/365/331
f 366/366/332 365/365/331 364/364/330
f 367/367/333 364/364/330 359/361/327
f 367/367/333 359/361/327 368/368/334
f 369/369/335 368/368/334 359/361/327
f 369/369/335 359/361/327 370/370/336
f 365/365/331 366/366/332 371/371/337
f 369/369/335 371/371/337 368/368/334
f 372/372/338 371/371/337 366/366/332
f 372/372/338 368/368/334 371/371/337
f 361/359/325 362/362/328 373/373/339
f 374/374/340 370/370/341 373/373/339
f 375/375/342 373/373/339 362/362/328
f 373/373/339 375/375/342 376/376/343
f 376/376/343 374/374/340 373/373/339
f 377/377/79 376/376/343 375/375/342
f 375/375/342 378/378/344 377/377/79
f 378/378/344 375/375/342 379/379/345
f 378/378/344 379/379/345 380/380/346
f 381/381/347 380/380/346 379/379/345
f 363/363/329 381/381/347 379/379/345
f 362/362/328 379/379/345 375/375/342
f 379/379/345 362/362/328 363/363/329
f 370/370/336 382/382/348 369/369/335
f 383/383/349 369/369/335 382/382/348
f 371/371/337 383/383/349 384/384/350
f 383/383/349 385/385/351 384/384/350
f 386/386/352 384/384/350 385/385/351
f 385/385/351 387/387/353 386/386/352
f 388/388/354 386/386/352 387/387/353
f 388/388/354 389/389/355 386/386/352
f 390/390/356 386/386/352 389/389/355
f 384/384/350 386/386/352 391/391/357
f 390/390/356 391/391/357 386/386/352
f 391/391/357 390/390/356 392/392/358
f 365/365/331 391/391/357 392/392/358
f 391/391/357 365/365/331 384/384/350
f 393/393/359 392/392/358 390/390/356
f 393/393/359 394/394/360 392/392/358
f 395/395/361 392/392/358 394/394/360
f 395/395/361 394/394/360 396/396/362
f 396/396/362 397/397/363 395/395/361
f 398/398/364 396/396/362 394/394/360
f 398/398/364 390/390/356 389/389/355
f 393/393/359 390/390/356 398/398/364
f 394/394/360 393/393/359 398/398/364
f 399/399/365 365/365/331 392/392/358
f 399/399/365 400/400/366 365/365/331
f 399/399/365 401/401/65 400/400/366
f 402/402/66 400/400/366 401/401/65
f 401/401/65 399/399/365 403/403/64
f 404/404/367 403/403/64 399/399/365
f 404/404/367 399/399/365 392/392/358
f 402/402/66 405/405/68 400/400/366
f 406/406/368 400/400/366 405/405/68
f 400/400/366 406/406/368 363/363/329
f 365/365/331 400/400/366 363/363/329
f 406/406/368 405/405/68 407/407/369
f 406/406/368 407/407/369 363/363/329
f 408/408/370 407/407/369 405/405/68
f 397/397/363 409/409/371 395/395/361
f 410/410/372 409/409/371 397/397/363
f 404/404/367 411/411/373 403/403/64
f 404/404/367 392/392/358 411/411/373
f 395/395/361 411/411/373 392/392/358
f 412/412/374 411/411/373 395/395/361
f 274/274/253 411/411/373 412/412/374
f 413/413/62 403/403/64 411/411/373
f 413/413/62 411/411/373 414/414/70
f 415/415/375 414/414/70 411/411/373
f 415/415/375 272/272/251 414/414/70
f 281/281/257 414/414/70 272/272/251
f 410/410/372 416/416/376 409/409/371
f 417/417/377 416/416/376 410/410/372
f 418/418/378 416/416/376 417/417/377
f 419/419/379 409/409/380 418/418/378
f 418/418/378 420/420/381 419/419/379
f 420/420/381 418/418/378 417/417/377
f 269/269/248 419/419/379 420/420/381
f 417/417/377 421/421/382 420/420/381
f 422/422/383 420/420/381 421/421/382
f 416/416/376 418/418/378 423/423/384
f 424/424/385 269/269/248 420/420/381
f 426/425/386 425/426/387 272/272/251
f 417/417/377 410/410/372 427/427/388
f 410/410/372 397/397/363 427/427/388
f 396/396/362 427/427/388 397/397/363
f 396/396/362 428/428/389 427/427/388
f 428/428/389 396/396/362 429/429/390
f 429/429/390 396/396/362 430/430/391
f 398/398/364 430/430/391 396/396/362
f 429/429/390 430/430/391 431/431/392
f 432/432/393 431/431/392 430/430/391
f 432/432/393 430/430/391 398/398/364
f 432/432/393 433/433/394 431/431/392
f 433/433/394 432/432/393 398/398/364
f 434/434/395 431/431/392 433/433/394
f 434/434/395 435/435/396 431/431/392
f 433/433/394 436/436/397 434/434/395
f 433/433/394 389/389/355 436/436/397
f 433/433/394 398/398/364 389/389/355
f 388/388/354 436/436/397 389/389/355
f 388/388/354 387/387/353 436/436/397
f 437/437/398 436/436/397 387/387/353
f 436/436/397 437/437/398 438/438/399
f 438/438/399 434/434/395 436/436/397
f 434/434/395 438/438/399 435/435/396
f 439/439/400 438/438/399 437/437/398
f 439/439/400 440/440/401 438/438/399
f 440/440/401 435/435/396 438/438/399
f 435/435/396 440/440/401 441/441/402
f 441/441/402 442/442/403 435/435/396
f 443/443/404 435/435/396 442/442/403
f 443/443/404 442/442/403 444/444/405
f 445/445/406 443/443/404 444/444/405
f 446/446/407 444/444/405 442/442/403
f 446/446/407 447/447/408 444/444/405
f 448/448/409 444/444/405 447/447/408
f 448/448/409 447/447/408 440/440/401
f 448/448/409 440/440/401 439/439/400
f 448/448/409 370/370/336 444/444/405
f 449/449/410 441/441/402 440/440/401
f 449/449/410 440/440/401 447/447/408
f 445/445/406 450/450/411 443/443/404
f 451/451/412 443/443/404 450/450/411
f 451/451/412 450/450/411 452/452/413
f 453/453/414 452/452/413 450/450/411
f 453/453/414 450/450/411 454/454/415
f 445/445/406 454/454/415 450/450/411
f 453/453/414 454/454/415 455/455/96
f 455/455/96 454/454/415 456/456/416
f 457/457/417 456/456/416 454/454/415
f 454/454/415 445/445/406 457/457/417
f 370/370/341 374/374/340 457/457/417
f 374/374/340 456/456/416 457/457/417
f 458/458/418 457/457/417 445/445/406
f 457/457/417 458/458/418 459/459/419
f 370/370/336 448/448/409 382/382/348
f 439/439/400 382/382/348 448/448/409
f 460/460/420 451/451/412 452/452/413
f 452/452/413 461/461/421 460/460/420
f 461/461/421 462/462/86 460/460/420
f 463/463/422 460/460/420 462/462/86
f 463/463/422 462/462/86 464/464/423
f 463/463/422 464/464/423 443/443/404
f 460/460/420 463/463/422 443/443/404
f 465/465/89 464/464/423 462/462/86
f 465/465/89 466/466/91 464/464/423
f 467/467/424 464/464/423 466/466/91
f 466/466/91 468/468/92 467/467/424
f 469/469/425 467/467/424 468/468/92
f 464/464/423 435/435/396 443/443/404
f 464/464/423 467/467/424 435/435/396
f 435/435/396 467/467/424 431/431/392
f 467/467/424 469/469/425 431/431/392
f 469/469/425 470/470/426 431/431/392
f 469/469/425 468/468/92 470/470/426
f 429/429/390 431/431/392 470/470/426
f 470/470/426 471/471/427 429/429/390
f 470/470/426 335/335/300 471/471/427
f 472/472/93 470/470/426 468/468/92
f 472/472/93 473/473/94 470/470/426
f 474/474/428 470/470/426 473/473/94
f 474/474/428 473/473/94 322/322/288
f 321/321/287 322/322/288 473/473/94
f 470/470/426 476/475/429 475/476/430
f 476/475/429 477/477/431 475/476/430
f 479/478/432 478/479/433 322/322/288
f 480/480/434 428/428/389 429/429/390
f 480/480/434 481/481/435 428/428/389
f 482/482/436 481/481/435 480/480/434
f 482/482/436 417/417/377 481/481/435
f 482/482/436 483/483/437 417/417/377
f 482/482/436 484/484/438 483/483/437
f 485/485/439 483/483/437 480/480/440
f 483/483/437 485/485/439 486/486/441
f 483/483/437 486/486/441 417/417/377
f 331/331/296 486/486/441 485/485/439
f 417/417/377 486/486/441 487/487/442
f 488/488/443 487/487/442 486/486/441
f 331/331/296 489/489/444 486/486/441
f 481/481/435 427/427/388 428/428/389
f 481/481/435 417/417/377 427/427/388
f 492/490/172 491/491/127 490/492/166
f 493/493/129 490/492/166 491/491/127
f 492/490/172 494/494/190 491/491/127
f 495/495/445 491/491/127 494/494/190
f 495/495/445 494/494/190 496/496/446
f 497/497/447 495/495/445 496/496/446
f 496/496/446 498/498/448 497/497/447
f 499/499/191 496/496/446 494/494/190
f 498/498/448 496/496/446 500/500/449
f 501/501/450 500/500/449 496/496/446
f 501/501/450 502/502/451 500/500/449
f 502/502/451 501/501/450 503/503/452
f 501/501/450 496/496/446 503/503/452
f 499/499/191 504/504/453 496/496/446
f 505/505/454 496/496/446 504/504/453
f 505/505/454 506/506/455 496/496/446
f 507/507/456 496/496/446 506/506/455
f 507/507/456 503/503/452 496/496/446
f 505/505/454 504/504/453 508/508/155
f 509/509/457 508/508/155 504/504/453
f 509/509/457 510/510/458 508/508/155
f 511/511/157 508/508/155 510/510/458
f 513/512/78 512/513/459 377/377/79
f 512/513/459 514/514/460 377/377/79
f 512/513/459 513/512/78 455/455/96
f 514/514/460 512/513/459 455/455/96
f 377/377/79 515/515/461 376/376/343
f 516/516/462 376/376/343 515/515/461
f 374/374/340 376/376/343 517/517/463
f 455/455/96 456/456/416 518/518/464
f 519/519/465 518/518/464 456/456/416
f 456/456/416 374/374/340 520/520/466
f 522/521/467 521/522/113 279/279/255
f 523/523/468 522/521/467 279/279/255
f 258/258/236 521/522/113 524/524/469
f 214/214/470 258/258/471 525/525/472
f 528/526/473 527/527/133 526/528/474
f 529/529/131 526/528/474 527/527/133
f 528/526/473 530/530/448 527/527/133
f 531/531/134 527/527/133 530/530/448
f 532/532/127 526/528/474 529/529/131
f 530/530/448 533/533/449 531/531/134
f 534/534/475 531/531/134 533/533/449
f 533/533/449 535/535/476 534/534/475
f 536/536/144 534/534/475 535/535/476
f 536/536/144 535/535/476 537/537/477
f 538/538/452 537/537/477 535/535/476
f 537/537/477 538/538/452 539/539/151
f 540/540/456 539/539/151 538/538/452
f 539/539/151 540/540/456 541/541/152
f 542/542/478 541/541/152 540/540/456
f 542/542/478 543/543/479 541/541/152
f 544/544/153 541/541/152 543/543/479
f 543/543/479 545/545/155 544/544/153
f 361/359/325 373/373/339 546/546/480
f 371/371/337 384/384/350 365/365/331
f 371/371/337 369/369/335 383/383/349
f 382/382/348 547/547/481 383/383/349
f 385/385/351 383/383/349 547/547/481
f 387/387/353 385/385/351 547/547/481
f 437/437/398 387/387/353 547/547/481
f 437/437/398 547/547/481 439/439/400
f 382/382/348 439/439/400 547/547/481
f 550/548/482 549/549/483 548/550/484
f 550/548/482 411/411/373 549/549/483
f 408/408/370 380/380/346 407/407/369
f 381/381/347 407/407/369 380/380/346
f 363/363/329 407/407/369 381/381/347
f 553/551/485 552/552/486 551/553/487
f 554/554/488 553/551/485 551/553/487
f 554/554/488 555/555/489 553/551/485
f 557/556/490 553/551/485 556/557/491
f 558/558/492 557/556/490 556/557/491
f 553/551/485 559/559/493 556/557/491
f 559/559/493 553/551/485 560/560/494
f 561/561/495 556/557/491 559/559/493
f 563/562/496 562/563/497 556/557/491
f 563/562/496 564/564/498 562/563/497
f 556/557/491 565/565/499 563/562/496
f 566/566/500 563/562/496 565/565/499
f 563/562/496 566/566/500 564/564/498
f 567/567/501 564/564/498 566/566/500
f 564/564/498 567/567/501 568/568/502
f 569/569/503 568/568/502 567/567/501
f 562/563/497 564/564/498 570/570/504
f 573/571/505 572/572/506 571/573/507
f 575/574/508 574/575/509 572/572/506
f 577/576/510 575/574/511 576/577/512
f 578/578/513 576/577/512 575/574/511
f 580/579/514 578/578/513 579/580/515
f 581/581/516 579/580/515 578/578/513
f 581/581/516 582/582/517 579/580/515
f 583/583/518 579/580/515 582/582/517
f 586/584/116 585/585/519 584/586/118
f 584/586/118 585/585/519 587/587/120
f 588/588/225 587/587/120 585/585/519
f 587/587/120 588/588/225 589/589/122
f 592/590/520 591/591/521 590/592/458
f 593/593/157 590/592/458 591/591/521
f 590/592/458 594/594/522 592/590/520
f 595/595/523 594/594/522 590/592/458
f 590/592/458 596/596/524 595/595/523
f 596/596/524 590/592/458 597/597/525
f 598/598/457 597/597/525 590/592/458
f 595/595/523 596/596/524 599/599/526
f 592/590/520 594/594/522 599/599/526
f 592/590/520 599/599/526 600/600/527
f 600/600/527 601/601/528 592/590/520
f 602/602/529 599/599/526 596/596/524
f 599/599/526 602/602/529 600/600/527
f 596/596/524 603/603/530 602/602/529
f 603/603/530 596/596/524 597/597/525
f 604/604/531 602/602/529 603/603/530
f 603/603/530 605/605/532 604/604/531
f 603/603/530 184/184/180 605/605/532
f 185/185/181 605/605/532 184/184/180
f 606/606/533 604/604/531 605/605/532
f 606/606/533 605/605/532 607/607/534
f 608/608/535 607/607/534 605/605/532
f 605/605/532 185/185/181 608/608/535
f 600/600/527 602/602/529 609/609/536
f 604/604/531 609/609/536 602/602/529
f 606/606/533 609/609/536 604/604/531
f 600/600/527 609/609/536 601/601/528
f 606/606/533 190/190/186 609/609/536
f 191/191/187 609/609/536 190/190/186
f 610/610/537 184/184/180 603/603/530
f 193/193/189 184/184/180 610/610/537
f 603/603/530 597/597/525 610/610/537
f 610/610/537 611/611/453 193/193/189
f 195/195/191 193/193/189 611/611/453
f 610/610/537 598/598/457 611/611/453
f 610/610/537 597/597/525 598/598/457
f 196/196/192 608/608/535 185/185/181
f 191/191/187 197/197/193 609/609/536
f 601/601/528 609/609/536 197/197/193
f 197/197/193 208/208/164 601/601/528
f 607/607/534 199/199/194 606/606/533
f 190/190/186 606/606/533 199/199/194
f 601/601/528 208/208/164 612/612/538
f 592/590/520 601/601/528 612/612/538
f 592/590/520 612/612/538 591/591/521
f 591/591/521 612/612/538 613/613/161
f 613/613/161 612/612/538 614/614/539
f 614/614/539 612/612/538 208/208/164
f 458/458/418 444/444/405 615/615/540
f 458/458/418 445/445/406 444/444/405
f 460/460/420 443/443/404 451/451/412
f 307/307/277 309/309/278 325/325/291
f 325/325/291 309/309/278 311/311/280
f 300/300/272 307/307/277 326/326/292
f 303/303/274 300/300/272 326/326/292
f 303/303/274 326/326/292 305/305/275
f 305/305/275 326/326/292 327/327/82
f 334/334/541 617/616/542 616/617/543
f 620/618/544 619/619/545 618/620/546
f 621/621/547 620/618/544 618/620/546
f 622/622/548 620/618/544 621/621/547
f 623/623/549 621/621/547 618/620/546
f 626/624/550 625/625/551 624/626/552
f 627/627/553 625/625/551 626/624/550
f 628/628/554 627/627/553 626/624/550
f 629/629/555 628/628/554 626/624/550
f 630/630/548 625/625/551 627/627/553
f 633/631/556 632/632/557 631/633/544
f 631/633/544 632/632/557 634/634/545
f 635/635/558 634/634/545 632/632/557
f 635/635/558 632/632/557 636/636/559
f 637/637/560 636/636/559 632/632/557
f 632/632/557 638/638/553 637/637/560
f 638/638/553 632/632/557 633/631/556
f 639/639/554 637/637/560 638/638/553
f 642/640/561 641/641/546 640/642/545
f 643/643/558 642/640/561 640/642/545
f 643/643/558 644/644/562 642/640/561
f 647/645/563 646/646/564 645/647/565
f 645/647/565 646/646/564 648/648/566
f 649/649/567 648/648/566 646/646/564
f 646/646/564 650/650/568 649/649/567
f 646/646/564 647/645/563 650/650/568
f 648/648/566 651/651/569 645/647/565
f 652/652/570 645/647/565 651/651/569
f 653/653/571 645/647/565 652/652/570
f 653/653/571 647/645/563 645/647/565
f 652/652/570 651/651/569 654/654/572
f 655/655/573 654/654/572 651/651/569
f 655/655/573 656/656/574 654/654/572
f 657/657/575 654/654/572 656/656/574
f 656/656/574 658/658/576 657/657/575
f 659/659/577 657/657/575 658/658/576
f 657/657/575 659/659/577 660/660/578
f 660/660/578 659/659/577 661/661/579
f 662/662/580 661/661/579 659/659/577
f 660/660/578 661/661/579 663/663/581
f 660/660/578 663/663/581 657/657/575
f 664/664/582 663/663/581 661/661/579
f 655/655/573 651/651/569 665/665/583
f 655/655/573 665/665/583 656/656/574
f 666/666/584 665/665/583 651/651/569
f 666/666/584 651/651/569 667/667/585
f 667/667/585 668/668/586 666/666/584
f 648/648/566 667/667/585 651/651/569
f 667/667/585 648/648/566 669/669/587
f 669/669/587 670/670/588 667/667/585
f 670/670/588 668/668/586 667/667/585
f 649/649/567 669/669/587 648/648/566
f 669/669/587 649/649/567 671/671/589
f 669/669/587 671/671/589 670/670/588
f 668/668/586 672/672/590 666/666/584
f 673/673/591 666/666/584 672/672/590
f 674/674/592 666/666/584 673/673/591
f 674/674/592 665/665/583 666/666/584
f 673/673/591 675/675/593 674/674/592
f 676/676/594 674/674/592 675/675/593
f 676/676/594 675/675/593 677/677/595
f 678/678/596 677/677/595 675/675/593
f 678/678/596 675/675/593 679/679/597
f 680/680/598 679/679/597 675/675/593
f 675/675/593 673/673/591 680/680/598
f 672/672/590 680/680/598 673/673/591
f 678/678/596 652/652/570 677/677/595
f 652/652/570 654/654/572 677/677/595
f 654/654/572 681/681/599 677/677/595
f 654/654/572 657/657/575 681/681/599
f 681/681/599 657/657/575 663/663/581
f 682/682/600 677/677/595 681/681/599
f 681/681/599 683/683/601 682/682/600
f 681/681/599 663/663/581 683/683/601
f 684/684/602 682/682/600 683/683/601
f 682/682/600 684/684/602 685/685/603
f 686/686/604 685/685/603 684/684/602
f 685/685/603 687/687/605 682/682/600
f 685/685/603 686/686/604 687/687/605
f 688/688/606 682/682/600 687/687/605
f 688/688/606 677/677/595 682/682/600
f 683/683/601 689/689/607 684/684/602
f 690/690/608 684/684/602 689/689/607
f 684/684/602 690/690/608 686/686/604
f 689/689/607 665/665/583 690/690/608
f 689/689/607 691/691/609 665/665/583
f 691/691/609 656/656/574 665/665/583
f 656/656/574 691/691/609 692/692/610
f 693/693/611 692/692/610 691/691/609
f 693/693/611 691/691/609 694/694/612
f 694/694/612 661/661/579 693/693/611
f 695/695/613 693/693/611 661/661/579
f 661/661/579 694/694/612 664/664/582
f 696/696/614 664/664/582 694/694/612
f 691/691/609 696/696/614 694/694/612
f 691/691/609 689/689/607 696/696/614
f 674/674/592 690/690/608 665/665/583
f 697/697/615 686/686/604 690/690/608
f 690/690/608 698/698/616 697/697/615
f 690/690/608 674/674/592 698/698/616
f 699/699/617 697/697/615 698/698/616
f 697/697/615 699/699/617 686/686/604
f 700/700/618 686/686/604 699/699/617
f 700/700/618 687/687/605 686/686/604
f 674/674/592 676/676/594 698/698/616
f 701/701/619 698/698/616 676/676/594
f 664/664/582 696/696/614 683/683/601
f 664/664/582 683/683/601 663/663/581
f 689/689/607 683/683/601 696/696/614
f 688/688/606 701/701/619 677/677/595
f 676/676/594 677/677/595 702/702/620
f 704/703/621 649/649/567 703/704/622
f 706/705/623 705/706/624 649/649/567
f 709/707/625 708/708/626 707/709/627
f 711/710/628 707/709/627 710/711/629
f 711/710/628 713/712/630 712/713/631
f 714/714/632 712/713/631 708/708/626
f 712/713/631 650/650/568 647/645/563
f 670/670/588 671/671/589 707/709/633
f 652/652/570 678/678/596 653/653/571
f 679/679/597 653/653/571 678/678/596
f 717/715/620 716/716/606 715/717/634
f 718/718/635 715/717/634 716/716/606
f 715/717/634 718/718/635 719/719/636
f 719/719/636 720/720/637 715/717/634
f 721/721/638 715/717/634 720/720/637
f 715/717/634 721/721/638 722/722/639
f 721/721/638 720/720/637 723/723/616
f 723/723/616 724/724/640 721/721/638
f 725/725/605 719/719/636 718/718/635
f 718/718/635 716/716/606 725/725/605
f 728/726/641 727/727/642 726/728/643
f 729/729/644 726/728/643 727/727/642
f 727/727/642 728/726/641 730/730/645
f 731/731/646 730/730/645 728/726/641
f 729/729/644 727/727/642 732/732/647
f 733/733/648 732/732/647 727/727/642
f 727/727/642 734/734/649 733/733/648
f 735/735/650 733/733/648 730/730/651
f 738/736/631 737/737/643 736/738/652
f 739/739/653 736/738/652 737/737/643
f 737/737/643 738/736/631 740/740/563
f 741/741/641 737/737/643 740/740/563
f 741/741/641 740/740/563 742/742/571
f 741/741/641 742/742/571 743/743/646
f 742/742/571 744/744/597 743/743/646
f 743/743/646 744/744/597 745/745/654
f 747/746/655 744/744/656 746/747/598
f 748/748/590 747/746/655 746/747/598
f 750/749/650 748/748/590 749/750/586
f 750/749/650 751/751/649 748/748/590
f 752/752/648 750/749/650 749/750/586
f 753/753/588 752/752/648 749/750/586
f 754/754/657 752/752/648 753/753/588
f 755/755/627 754/754/657 753/753/588
f 755/755/627 756/756/658 754/754/657
f 757/757/659 754/754/657 756/756/658
f 760/758/660 759/759/661 758/760/662
f 761/761/663 758/760/662 759/759/661
f 759/759/661 762/762/664 761/761/663
f 763/763/665 761/761/663 762/762/664
f 762/762/664 764/764/666 763/763/665
f 765/765/667 763/763/665 764/764/666
f 764/764/666 766/766/668 765/765/667
f 767/767/669 765/765/667 766/766/668
f 766/766/668 768/768/670 767/767/669
f 769/769/671 767/767/669 768/768/670
f 768/768/670 760/758/660 769/769/671
f 758/760/662 769/769/671 760/758/660
f 770/770/672 769/769/671 758/760/662
f 771/771/673 767/767/669 769/769/671
f 771/771/673 765/765/667 767/767/669
f 772/772/674 763/763/665 765/765/667
f 773/773/675 761/761/663 763/763/665
f 773/773/675 758/760/662 761/761/663
f 774/774/676 759/759/661 760/758/660
f 774/774/676 762/762/664 759/759/661
f 774/774/676 764/764/666 762/762/664
f 774/774/676 766/766/668 764/764/666
f 774/774/676 768/768/670 766/766/668
f 774/774/676 760/758/660 768/768/670
f 777/775/677 776/776/678 775/777/679
f 778/778/680 775/777/679 776/776/678
f 776/776/678 779/779/681 778/778/680
f 780/780/682 778/778/680 779/779/681
f 779/779/681 781/781/683 780/780/682
f 782/782/684 780/780/682 781/781/683
f 781/781/683 783/783/685 782/782/684
f 784/784/686 782/782/684 783/783/685
f 783/783/685 785/785/687 784/784/686
f 786/786/688 784/784/686 785/785/687
f 785/785/687 777/775/677 786/786/688
f 775/777/679 786/786/688 777/775/677
f 787/787/689 786/786/688 775/777/679
f 788/788/690 784/784/686 786/786/688
f 789/789/691 782/782/684 784/784/686
f 790/790/692 780/780/682 782/782/684
f 791/791/693 778/778/680 780/780/682
f 792/792/694 776/776/678 777/775/677
f 792/792/694 781/781/683 779/779/681
f 792/792/694 783/783/685 781/781/683
f 792/792/694 785/785/687 783/783/685
f 792/792/694 777/775/677 785/785/687
f 792/792/694 779/779/681 776/776/678
f 793/793/695 775/777/679 778/778/680
f 796/794/696 795/795/697 794/796/698
f 796/794/696 797/797/699 795/795/697
f 798/798/700 797/797/699 796/794/696
f 799/799/701 795/795/697 797/797/699
f 799/799/701 800/800/702 795/795/697
f 801/801/703 795/795/697 800/800/702
f 797/797/699 798/798/700 802/802/704
f 799/799/701 803/803/705 800/800/702
f 802/802/704 803/803/705 797/797/699
f 799/799/701 797/797/699 803/803/705
f 803/803/705 802/802/704 804/804/706
f 805/805/707 800/800/702 803/803/705
f 807/806/708 801/801/709 806/807/710
f 809/808/711 808/809/712 806/807/710
f 806/807/710 808/809/712 810/810/713
f 811/811/714 810/810/713 808/809/712
f 809/808/711 806/807/710 812/812/715
f 800/800/702 812/812/715 813/813/716
f 814/814/717 812/812/715 806/807/710
f 812/812/715 815/815/718 809/808/711
f 800/800/702 815/815/718 812/812/715
f 816/816/719 809/808/711 815/815/718
f 816/816/719 815/815/718 817/817/720
f 818/818/721 817/817/720 815/815/718
f 817/817/720 818/818/721 819/819/722
f 820/820/723 817/817/720 819/819/722
f 819/819/722 821/821/724 820/820/723
f 822/822/725 820/820/723 821/821/724
f 823/823/726 819/819/722 818/818/721
f 815/815/718 800/800/702 818/818/721
f 818/818/721 800/800/702 824/824/727
f 805/805/728 825/825/729 819/819/722
f 828/826/730 827/827/731 826/828/732
f 829/829/733 826/828/732 827/827/731
f 826/828/732 829/829/733 830/830/734
f 831/831/735 830/830/734 829/829/733
f 827/827/731 832/832/736 829/829/733
f 833/833/737 829/829/733 832/832/736
f 829/829/733 833/833/737 831/831/735
f 826/828/732 834/834/738 828/826/730
f 826/828/732 830/830/734 834/834/738
f 832/832/736 835/835/696 833/833/737
f 836/836/698 833/833/737 835/835/696
f 833/833/737 836/836/698 837/837/739
f 837/837/739 831/831/735 833/833/737
f 838/838/708 837/837/739 836/836/698
f 831/831/735 837/837/739 839/839/740
f 840/840/741 839/839/740 837/837/739
f 837/837/739 838/838/708 840/840/741
f 840/840/741 841/841/742 839/839/740
f 842/842/743 839/839/740 841/841/742
f 842/842/743 843/843/744 839/839/740
f 844/844/745 839/839/740 843/843/744
f 839/839/740 844/844/745 831/831/735
f 830/830/734 831/831/735 844/844/745
f 844/844/745 845/845/746 830/830/734
f 844/844/745 843/843/744 845/845/746
f 846/846/747 830/830/734 845/845/746
f 846/846/747 847/847/748 834/834/738
f 848/848/749 834/834/738 847/847/748
f 849/849/750 845/845/746 843/843/744
f 845/845/746 849/849/750 850/850/751
f 845/845/746 850/850/751 846/846/747
f 847/847/748 846/846/747 850/850/751
f 851/851/752 850/850/751 849/849/750
f 843/843/744 852/852/753 849/849/750
f 853/853/754 849/849/750 852/852/753
f 849/849/750 853/853/754 851/851/752
f 854/854/755 851/851/752 853/853/754
f 843/843/744 842/842/743 855/855/756
f 856/856/757 843/843/744 855/855/756
f 852/852/753 843/843/744 856/856/757
f 842/842/743 841/841/742 857/857/758
f 858/858/759 857/857/758 841/841/742
f 852/852/753 856/856/757 859/859/760
f 852/852/753 859/859/760 853/853/754
f 854/854/755 853/853/754 859/859/760
f 860/860/761 859/859/760 856/856/757
f 856/856/757 861/861/762 860/860/761
f 861/861/762 856/856/757 855/855/756
f 862/862/763 860/860/761 861/861/762
f 841/841/742 863/863/764 858/858/759
f 858/858/759 863/863/764 864/864/765
f 865/865/766 864/864/765 863/863/764
f 863/863/764 866/866/767 865/865/766
f 867/867/768 865/865/766 866/866/767
f 866/866/767 863/863/764 868/868/769
f 841/841/742 869/869/770 868/868/769
f 863/863/764 841/841/742 870/870/771
f 841/841/742 840/840/741 869/869/770
f 869/869/770 840/840/741 838/838/708
f 864/864/765 871/871/772 858/858/759
f 857/857/758 858/858/759 871/871/772
f 864/864/765 872/872/773 871/871/772
f 864/864/765 865/865/766 872/872/773
f 861/861/762 872/872/773 862/862/763
f 855/855/756 871/871/772 872/872/773
f 861/861/762 855/855/756 872/872/773
f 872/872/773 865/865/766 873/873/774
f 873/873/774 862/862/763 872/872/773
f 874/874/775 873/873/774 865/865/766
f 857/857/758 871/871/772 842/842/743
f 855/855/756 842/842/743 871/871/772
f 866/866/767 868/868/769 875/875/776
f 870/870/771 876/876/777 875/875/778
f 874/874/775 877/877/779 873/873/774
f 878/878/780 873/873/774 877/877/779
f 877/877/779 879/879/781 878/878/780
f 877/877/779 880/880/782 879/879/781
f 881/881/783 879/879/781 880/880/782
f 880/880/782 877/877/779 882/882/784
f 883/883/785 882/882/784 877/877/779
f 880/880/782 882/882/784 884/884/786
f 880/880/782 885/885/787 881/881/783
f 881/881/783 885/885/787 886/886/788
f 887/887/789 886/886/788 885/885/787
f 887/887/789 885/885/787 888/888/790
f 889/889/791 888/888/790 885/885/787
f 887/887/789 888/888/790 890/890/792
f 891/891/793 890/890/792 888/888/790
f 891/891/793 892/892/794 890/890/792
f 891/891/793 893/893/795 892/892/794
f 894/894/796 892/892/794 893/893/795
f 895/895/797 890/890/792 892/892/794
f 892/892/794 850/850/751 895/895/797
f 892/892/794 894/894/796 850/850/751
f 851/851/752 895/895/797 850/850/751
f 890/890/792 895/895/797 896/896/798
f 897/897/799 896/896/798 895/895/797
f 895/895/797 851/851/752 897/897/799
f 854/854/755 897/897/799 851/851/752
f 887/887/789 890/890/792 898/898/800
f 890/890/792 899/899/801 898/898/800
f 890/890/792 896/896/798 899/899/801
f 896/896/798 859/859/760 899/899/801
f 854/854/755 859/859/760 897/897/799
f 896/896/798 897/897/799 859/859/760
f 860/860/761 899/899/801 859/859/760
f 899/899/801 860/860/761 900/900/802
f 899/899/801 900/900/802 898/898/800
f 862/862/763 900/900/802 860/860/761
f 847/847/748 850/850/751 894/894/796
f 894/894/796 901/901/803 847/847/748
f 894/894/796 893/893/795 901/901/803
f 848/848/749 847/847/748 901/901/803
f 848/848/749 901/901/803 902/902/804
f 848/848/749 902/902/804 834/834/738
f 828/826/730 834/834/738 902/902/804
f 902/902/804 903/903/805 828/826/730
f 827/827/731 828/826/730 903/903/805
f 903/903/805 904/904/806 827/827/731
f 832/832/736 827/827/731 904/904/806
f 904/904/806 905/905/807 832/832/736
f 835/835/696 832/832/736 905/905/807
f 906/906/808 902/902/804 901/901/803
f 902/902/804 906/906/808 903/903/805
f 901/901/803 907/907/809 906/906/808
f 906/906/808 907/907/809 908/908/810
f 908/908/810 903/903/805 906/906/808
f 903/903/805 908/908/810 904/904/806
f 909/909/811 908/908/810 907/907/809
f 907/907/809 893/893/795 909/909/811
f 907/907/809 901/901/803 893/893/795
f 910/910/812 909/909/811 893/893/795
f 908/908/810 909/909/811 911/911/813
f 911/911/813 904/904/806 908/908/810
f 904/904/806 911/911/813 905/905/807
f 912/912/814 911/911/813 909/909/811
f 909/909/811 910/910/812 912/912/814
f 911/911/813 912/912/814 913/913/704
f 913/913/704 905/905/807 911/911/813
f 914/914/706 913/913/704 912/912/814
f 912/912/814 915/915/815 914/914/706
f 915/915/815 912/912/814 910/910/812
f 916/916/729 914/914/706 915/915/815
f 910/910/812 888/888/790 915/915/815
f 889/889/791 915/915/815 888/888/790
f 915/915/815 889/889/791 916/916/729
f 917/917/816 916/916/729 889/889/791
f 889/889/791 885/885/787 917/917/816
f 917/917/816 885/885/787 884/884/786
f 893/893/795 891/891/793 910/910/812
f 888/888/790 910/910/812 891/891/793
f 914/914/706 916/916/729 918/918/817
f 919/919/818 918/918/817 916/916/729
f 885/885/787 880/880/782 920/920/819
f 922/921/820 920/920/819 921/922/821
f 884/884/786 882/882/784 921/922/822
f 924/923/823 923/924/824 920/920/819
f 926/925/825 925/926/826 924/923/823
f 928/927/827 927/928/828 923/924/824
f 931/929/829 930/930/830 929/931/831
f 932/932/832 929/931/831 930/930/830
f 933/933/833 929/931/831 932/932/832
f 934/934/834 933/933/833 932/932/832
f 931/929/829 935/935/835 930/930/830
f 936/936/836 931/929/829 929/931/831
f 929/931/831 933/933/833 936/936/836
f 937/937/837 936/936/836 933/933/833
f 938/938/838 937/937/837 933/933/833
f 939/939/839 938/938/838 933/933/833
f 934/934/834 939/939/839 933/933/833
f 934/934/834 940/940/714 939/939/839
f 939/939/839 940/940/714 941/941/712
f 939/939/839 941/941/712 942/942/711
f 939/939/839 942/942/711 938/938/838
f 943/943/719 938/938/838 942/942/711
f 935/935/835 931/929/829 944/944/840
f 931/929/829 945/945/841 944/944/840
f 931/929/829 936/936/836 945/945/841
f 946/946/842 944/944/840 945/945/841
f 945/945/841 947/947/843 946/946/842
f 937/937/837 938/938/838 947/947/843
f 937/937/837 947/947/843 936/936/836
f 945/945/841 936/936/836 947/947/843
f 947/947/843 948/948/844 946/946/842
f 938/938/838 949/949/845 947/947/843
f 949/949/845 948/948/844 947/947/843
f 950/950/725 948/948/844 949/949/845
f 950/950/725 949/949/845 951/951/723
f 951/951/723 949/949/845 952/952/720
f 943/943/719 952/952/720 938/938/838
f 949/949/845 938/938/838 952/952/720
f 955/953/846 954/954/847 953/955/848
f 953/955/848 870/870/771 956/956/849
f 958/957/850 956/956/849 957/958/851
f 961/959/848 960/960/852 959/961/853
f 963/962/854 961/959/848 962/963/855
f 965/964/856 962/963/857 964/965/858
f 967/966/859 966/967/860 965/964/861
f 959/961/862 968/968/863 967/966/713
f 969/969/864 967/966/713 968/968/863
f 972/970/768 971/971/865 970/972/866
f 972/970/768 970/972/866 973/973/867
f 974/974/868 973/973/867 970/972/866
f 975/975/767 971/971/865 972/970/768
f 971/971/865 975/975/767 976/976/869
f 971/971/865 976/976/869 970/972/866
f 977/977/778 976/976/869 975/975/767
f 978/978/870 970/972/866 976/976/869
f 970/972/866 978/978/870 974/974/868
f 979/979/871 974/974/868 978/978/870
f 974/974/868 980/980/872 973/973/867
f 981/981/785 973/973/867 980/980/872
f 982/982/873 981/981/785 980/980/872
f 982/982/873 983/983/784 981/981/785
f 982/982/873 984/984/874 983/983/784
f 982/982/873 980/980/872 984/984/874
f 985/985/821 983/983/784 984/984/874
f 986/986/840 984/984/874 980/980/872
f 980/980/872 974/974/868 986/986/840
f 979/979/871 986/986/840 974/974/868
f 846/846/747 834/834/738 830/830/734
f 988/987/697 987/988/875 836/836/698
f 990/989/876 989/990/877 988/987/878
f 991/991/879 988/987/878 989/990/877
f 836/836/698 992/992/880 838/838/708
f 993/993/881 838/838/708 992/992/880
f 838/838/708 995/994/882 994/995/883
f 998/996/884 997/997/885 996/998/856
f 867/867/768 999/999/867 865/865/766
f 874/874/775 865/865/766 999/999/867
f 874/874/775 999/999/867 877/877/779
f 883/883/785 877/877/779 999/999/867
f 1002/1000/886 1001/1001/887 1000/1002/888
f 1003/1003/889 1000/1002/888 1001/1001/887
f 1000/1002/888 1003/1003/889 1004/1004/890
f 1005/1005/891 1004/1004/890 1003/1003/889
f 1001/1001/887 1002/1000/886 1006/1006/892
f 1007/1007/893 1006/1006/892 1002/1000/886
f 1006/1006/892 1007/1007/893 1008/1008/894
f 1006/1006/892 1008/1008/894 1009/1009/895
f 1006/1006/892 1009/1009/895 1001/1001/887
f 1010/1010/896 1009/1009/895 1008/1008/894
f 1011/1011/897 1008/1008/894 1007/1007/893
f 1012/1012/898 1010/1010/896 1008/1008/894
f 1012/1012/898 1008/1008/894 1011/1011/897
f 1013/1013/899 1001/1001/887 1009/1009/895
f 1001/1001/887 1013/1013/899 1003/1003/889
f 1005/1005/891 1003/1003/889 1014/1014/900
f 1015/1015/901 1014/1014/900 1003/1003/889
f 1013/1013/899 1016/1016/902 1003/1003/889
f 1003/1003/889 1016/1016/902 1015/1015/901
f 1016/1016/902 1017/1017/903 1015/1015/901
f 1005/1005/891 1014/1014/900 1018/1018/904
f 1019/1019/905 1018/1018/904 1014/1014/900
f 1004/1004/890 1005/1005/891 1020/1020/906
f 1018/1018/904 1020/1020/906 1005/1005/891
f 1019/1019/905 1021/1021/907 1018/1018/904
f 1022/1022/908 1018/1018/904 1021/1021/907
f 1018/1018/904 1022/1022/908 1020/1020/906
f 1022/1022/908 1021/1021/907 1023/1023/909
f 1022/1022/908 1023/1023/909 1024/1024/910
f 1024/1024/910 1020/1020/906 1022/1022/908
f 1025/1025/911 1024/1024/910 1023/1023/909
f 1023/1023/909 1026/1026/912 1025/1025/911
f 1027/1027/913 1025/1025/911 1026/1026/912
f 1026/1026/912 1028/1028/914 1027/1027/913
f 1029/1029/915 1027/1027/913 1028/1028/914
f 1028/1028/914 1030/1030/916 1029/1029/915
f 1028/1028/914 1031/1031/917 1030/1030/916
f 1028/1028/914 1026/1026/912 1031/1031/917
f 1032/1032/918 1030/1030/916 1031/1031/917
f 1033/1033/919 1029/1029/915 1030/1030/916
f 1032/1032/918 1034/1034/920 1030/1030/916
f 1030/1030/916 1034/1034/920 1033/1033/919
f 1035/1035/921 1031/1031/917 1026/1026/912
f 1035/1035/921 1026/1026/912 1023/1023/909
f 1036/1036/922 1023/1023/909 1021/1021/907
f 1037/1037/923 1035/1035/921 1023/1023/909
f 1037/1037/923 1023/1023/909 1036/1036/922
f 1038/1038/924 1037/1037/923 1036/1036/922
f 1041/1039/925 1040/1040/926 1039/1041/899
f 1042/1042/902 1039/1041/899 1040/1040/926
f 1041/1039/925 1039/1041/899 1043/1043/927
f 1042/1042/902 1040/1040/926 1044/1044/928
f 1044/1044/928 1040/1040/926 1045/1045/929
f 1046/1046/930 1045/1045/929 1040/1040/926
f 1045/1045/929 1046/1046/930 1047/1047/931
f 1040/1040/926 1041/1039/925 1048/1048/932
f 1049/1049/933 1048/1048/932 1041/1039/925
f 1048/1048/932 1049/1049/933 1050/1050/934
f 1051/1051/935 1050/1050/934 1049/1049/933
f 1049/1049/933 1052/1052/936 1051/1051/935
f 1053/1053/937 1051/1051/935 1052/1052/936
f 1052/1052/936 1054/1054/938 1053/1053/937
f 1050/1050/934 1055/1055/939 1048/1048/932
f 1052/1052/936 1049/1049/933 1056/1056/940
f 1041/1039/925 1056/1056/940 1049/1049/933
f 1056/1056/940 1057/1057/941 1052/1052/936
f 1052/1052/936 1057/1057/941 1054/1054/938
f 1054/1054/938 1057/1057/941 1058/1058/942
f 1046/1046/930 1059/1059/943 1047/1047/931
f 1046/1046/930 1060/1060/944 1059/1059/943
f 1061/1061/945 1059/1059/943 1060/1060/944
f 1062/1062/946 1060/1060/944 1048/1048/932
f 1060/1060/944 1062/1062/946 1061/1061/945
f 1062/1062/946 1048/1048/932 1063/1063/947
f 1062/1062/946 1063/1063/947 1064/1064/948
f 1064/1064/948 1061/1061/945 1062/1062/946
f 1065/1065/906 1064/1064/948 1063/1063/947
f 1065/1065/906 1066/1066/949 1064/1064/948
f 1067/1067/950 1064/1064/948 1066/1066/949
f 1064/1064/948 1067/1067/950 1061/1061/945
f 1067/1067/950 1066/1066/949 1068/1068/951
f 1059/1059/943 1061/1061/945 1069/1069/952
f 1069/1069/952 1067/1067/950 1068/1068/951
f 1069/1069/952 1061/1061/945 1067/1067/950
f 1069/1069/952 1070/1070/953 1059/1059/943
f 1059/1059/943 1070/1070/953 1071/1071/954
f 1070/1070/953 1072/1072/955 1071/1071/954
f 1070/1070/953 1073/1073/956 1072/1072/955
f 1073/1073/956 1070/1070/953 1069/1069/952
f 1073/1073/956 1069/1069/952 1068/1068/951
f 1074/1074/957 1072/1072/955 1073/1073/956
f 1073/1073/956 1075/1075/923 1074/1074/957
f 1075/1075/923 1073/1073/956 1076/1076/921
f 1077/1077/958 1076/1076/921 1073/1073/956
f 1073/1073/956 1068/1068/951 1077/1077/958
f 1076/1076/921 1077/1077/958 1078/1078/959
f 1079/1079/960 1077/1077/958 1068/1068/951
f 1068/1068/951 1080/1080/961 1079/1079/960
f 1081/1081/962 1079/1079/960 1080/1080/961
f 1079/1079/960 1081/1081/962 1082/1082/963
f 1083/1083/964 1082/1082/963 1081/1081/962
f 1084/1084/965 1082/1082/963 1083/1083/964
f 1077/1077/958 1079/1079/960 1085/1085/966
f 1082/1082/963 1085/1085/966 1079/1079/960
f 1086/1086/967 1085/1085/966 1082/1082/963
f 1086/1086/967 1082/1082/963 1084/1084/965
f 1086/1086/967 1084/1084/965 1087/1087/968
f 1080/1080/961 1068/1068/951 1088/1088/969
f 1046/1046/930 1040/1040/926 1060/1060/944
f 1060/1060/944 1040/1040/926 1048/1048/932
f 1059/1059/943 1089/1089/970 1047/1047/931
f 1089/1089/970 1059/1059/943 1071/1071/954
f 1092/1090/971 1091/1091/972 1090/1092/973
f 1093/1093/974 1090/1092/973 1091/1091/972
f 1091/1091/972 1092/1090/971 1094/1094/975
f 1095/1095/976 1094/1094/975 1092/1090/971
f 1094/1094/975 1095/1095/976 1096/1096/977
f 1097/1097/978 1096/1096/977 1095/1095/976
f 1096/1096/977 1097/1097/978 1098/1098/979
f 1099/1099/980 1098/1098/979 1097/1097/978
f 1098/1098/979 1099/1099/980 1100/1100/981
f 1101/1101/982 1100/1100/981 1099/1099/980
f 1090/1092/973 1093/1093/974 1101/1101/982
f 1100/1100/981 1101/1101/982 1093/1093/974
f 1101/1101/982 1102/1102/983 1090/1092/973
f 1099/1099/980 1103/1103/984 1101/1101/982
f 1097/1097/978 1103/1103/984 1099/1099/980
f 1095/1095/976 1104/1104/985 1097/1097/978
f 1092/1090/971 1105/1105/986 1095/1095/976
f 1090/1092/973 1105/1105/986 1092/1090/971
f 1091/1091/972 1106/1106/987 1093/1093/974
f 1094/1094/975 1106/1106/987 1091/1091/972
f 1096/1096/977 1106/1106/987 1094/1094/975
f 1098/1098/979 1106/1106/987 1096/1096/977
f 1100/1100/981 1106/1106/987 1098/1098/979
f 1093/1093/974 1106/1106/987 1100/1100/981
f 1109/1107/988 1108/1108/989 1107/1109/990
f 1110/1110/991 1107/1109/990 1108/1108/989
f 1108/1108/989 1109/1107/988 1111/1111/992
f 1112/1112/993 1111/1111/992 1109/1107/988
f 1111/1111/992 1112/1112/993 1113/1113/994
f 1114/1114/995 1113/1113/994 1112/1112/993
f 1113/1113/994 1114/1114/995 1115/1115/996
f 1116/1116/997 1115/1115/996 1114/1114/995
f 1115/1115/996 1116/1116/997 1117/1117/998
f 1118/1118/999 1117/1117/998 1116/1116/997
f 1107/1109/990 1110/1110/991 1118/1118/999
f 1117/1117/998 1118/1118/999 1110/1110/991
f 1118/1118/999 1119/1119/1000 1107/1109/990
f 1116/1116/997 1120/1120/1001 1118/1118/999
f 1114/1114/995 1121/1121/1002 1116/1116/997
f 1112/1112/993 1122/1122/1003 1114/1114/995
f 1109/1107/988 1123/1123/1004 1112/1112/993
f 1108/1108/989 1124/1124/1005 1110/1110/991
f 1111/1111/992 1124/1124/1005 1108/1108/989
f 1113/1113/994 1124/1124/1005 1111/1111/992
f 1115/1115/996 1124/1124/1005 1113/1113/994
f 1117/1117/998 1124/1124/1005 1115/1115/996
f 1110/1110/991 1124/1124/1005 1117/1117/998
f 1107/1109/990 1125/1125/1006 1109/1107/988
f 1128/1126/1007 1127/1127/823 1126/1128/1008
f 1130/1129/1009 1129/1130/1010 1127/1127/823
f 1132/1131/1011 1131/1132/1012 1129/1130/1013
f 1134/1133/1014 1133/1134/1015 1132/1131/1016
f 1126/1128/1017 1133/1134/724 1135/1135/1018
f 1136/1136/1019 1135/1135/1018 1133/1134/724
f 1137/1137/1020 898/898/800 878/878/780
f 878/878/780 879/879/781 1137/1137/1020
f 879/879/781 881/881/783 1137/1137/1020
f 886/886/788 1137/1137/1020 881/881/783
f 898/898/800 1137/1137/1020 887/887/789
f 886/886/788 887/887/789 1137/1137/1020
f 898/898/800 900/900/802 878/878/780
f 900/900/802 862/862/763 878/878/780
f 873/873/774 878/878/780 862/862/763
f 1139/1138/1021 1138/1139/705 914/914/706
f 1141/1140/1022 1140/1141/1023 1138/1139/1024
f 1142/1142/1025 1138/1139/1024 1140/1141/1023
f 1144/1143/1026 916/916/729 1143/1144/1027
f 1147/1145/724 1146/1146/1028 1145/1147/824
f 1150/1148/1029 1149/1149/1030 1148/1150/1031
f 1149/1149/1030 1151/1151/1032 1148/1150/1031
f 1150/1148/1033 1153/1152/1034 1152/1153/1035
f 1154/1154/1036 1152/1153/1035 1153/1152/1034
f 1153/1152/1034 1150/1148/1033 1155/1155/1037
f 1156/1156/1038 1155/1155/1037 1150/1148/1033
f 1158/1157/1039 1157/1158/1040 1152/1153/1041
f 1160/1159/1042 1159/1160/1043 1157/1158/1040
f 1160/1159/1042 1162/1161/1040 1161/1162/1044
f 1164/1163/1045 1163/1164/1046 1162/1161/1047
f 1167/1165/1048 1166/1166/1049 1165/1167/1050
f 1166/1166/1049 1167/1165/1048 1168/1168/1051
f 1169/1169/1052 1168/1168/1051 1167/1165/1048
f 1166/1166/1049 1170/1170/1053 1165/1167/1050
f 1167/1165/1048 1171/1171/1054 1169/1169/1052
f 1167/1165/1048 1165/1167/1050 1171/1171/1054
f 1172/1172/1055 1169/1169/1052 1171/1171/1054
f 1170/1170/1053 1166/1166/1049 1173/1173/1056
f 1174/1174/1057 1173/1173/1056 1166/1166/1049
f 1166/1166/1049 1168/1168/1051 1174/1174/1057
f 1170/1170/1053 1173/1173/1056 1175/1175/1058
f 1165/1167/1050 1170/1170/1053 1175/1175/1058
f 1176/1176/1059 1175/1175/1058 1173/1173/1056
f 1177/1177/1060 1171/1171/1054 1165/1167/1050
f 1178/1178/1061 1165/1167/1050 1175/1175/1058
f 1165/1167/1050 1178/1178/1061 1177/1177/1060
f 1175/1175/1058 1179/1179/1062 1178/1178/1061
f 1175/1175/1058 1176/1176/1059 1179/1179/1062
f 1180/1180/1063 1178/1178/1061 1179/1179/1062
f 1180/1180/1063 1179/1179/1062 1181/1181/1064
f 1182/1182/1065 1181/1181/1064 1179/1179/1062
f 1182/1182/1065 1179/1179/1062 1176/1176/1059
f 1181/1181/1064 1183/1183/1066 1180/1180/1063
f 1178/1178/1061 1180/1180/1063 1183/1183/1066
f 1183/1183/1066 1177/1177/1060 1178/1178/1061
f 1184/1184/1067 1174/1174/1057 1168/1168/1051
f 1172/1172/1055 1185/1185/1068 1169/1169/1052
f 1186/1186/1069 1169/1169/1052 1185/1185/1068
f 1169/1169/1052 1186/1186/1069 1168/1168/1051
f 1187/1187/1070 1168/1168/1051 1186/1186/1069
f 1187/1187/1070 1186/1186/1069 1188/1188/1071
f 1186/1186/1069 1185/1185/1068 1188/1188/1071
f 1189/1189/1072 1187/1187/1070 1188/1188/1071
f 1189/1189/1072 1190/1190/1073 1187/1187/1070
f 1191/1191/1074 1187/1187/1070 1190/1190/1073
f 1184/1184/1067 1168/1168/1051 1191/1191/1074
f 1187/1187/1070 1191/1191/1074 1168/1168/1051
f 1189/1189/1072 1192/1192/1075 1190/1190/1073
f 1189/1189/1072 1188/1188/1071 1192/1192/1075
f 1193/1193/1076 1190/1190/1073 1192/1192/1075
f 1194/1194/1077 1188/1188/1071 1185/1185/1068
f 1188/1188/1071 1195/1195/1078 1192/1192/1075
f 1188/1188/1071 1194/1194/1077 1195/1195/1078
f 1192/1192/1075 1195/1195/1078 1196/1196/1079
f 1192/1192/1075 1196/1196/1079 1193/1193/1076
f 1197/1197/1080 1196/1196/1079 1195/1195/1078
f 1197/1197/1080 1198/1198/1081 1196/1196/1079
f 1199/1199/1082 1196/1196/1079 1198/1198/1081
f 1199/1199/1082 1193/1193/1076 1196/1196/1079
f 1195/1195/1078 1200/1200/1083 1197/1197/1080
f 1198/1198/1081 1197/1197/1080 1200/1200/1083
f 1200/1200/1083 1195/1195/1078 1194/1194/1077
f 1203/1201/1084 1202/1202/1085 1201/1203/1086
f 1204/1204/1087 1201/1203/1086 1202/1202/1085
f 1202/1202/1085 1205/1205/1088 1204/1204/1087
f 1202/1202/1085 1206/1206/1089 1205/1205/1088
f 1207/1207/1090 1205/1205/1088 1206/1206/1089
f 1206/1206/1089 1208/1208/1091 1207/1207/1090
f 1209/1209/1092 1207/1207/1090 1208/1208/1091
f 1208/1208/1091 1210/1210/1093 1209/1209/1092
f 1211/1211/1094 1209/1209/1092 1210/1210/1093
f 1209/1209/1092 1211/1211/1094 1212/1212/1095
f 1213/1213/1096 1209/1209/1092 1212/1212/1095
f 1211/1211/1094 1214/1214/1097 1212/1212/1095
f 1211/1211/1094 1210/1210/1093 1214/1214/1097
f 1212/1212/1095 1214/1214/1097 1215/1215/1098
f 1216/1216/1099 1215/1215/1098 1214/1214/1097
f 1216/1216/1099 1214/1214/1097 1210/1210/1093
f 1213/1213/1096 1217/1217/1100 1209/1209/1092
f 1207/1207/1090 1209/1209/1092 1217/1217/1100
f 1217/1217/1100 1205/1205/1088 1207/1207/1090
f 1217/1217/1100 1204/1204/1087 1205/1205/1088
f 1218/1218/1101 1216/1216/1099 1210/1210/1093
f 1208/1208/1091 1218/1218/1101 1210/1210/1093
f 1208/1208/1091 1219/1219/1102 1218/1218/1101
f 1218/1218/1101 1219/1219/1102 1216/1216/1099
f 1206/1206/1089 1220/1220/1103 1208/1208/1091
f 1220/1220/1103 1221/1221/1104 1208/1208/1091
f 1208/1208/1091 1221/1221/1104 1219/1219/1102
f 1203/1201/1084 1221/1221/1104 1220/1220/1103
f 1222/1222/1105 1219/1219/1102 1221/1221/1104
f 1221/1221/1104 1203/1201/1084 1222/1222/1105
f 1222/1222/1105 1223/1223/1106 1219/1219/1102
f 1224/1224/1107 1219/1219/1102 1223/1223/1106
f 1224/1224/1107 1216/1216/1099 1219/1219/1102
f 1223/1223/1106 1225/1225/1108 1224/1224/1107
f 1226/1226/1109 1224/1224/1107 1225/1225/1108
f 1224/1224/1107 1226/1226/1109 1216/1216/1099
f 1215/1215/1098 1216/1216/1099 1226/1226/1109
f 1227/1227/1110 1222/1222/1105 1203/1201/1084
f 1203/1201/1084 1228/1228/1111 1227/1227/1110
f 1229/1229/1112 1227/1227/1110 1228/1228/1111
f 1228/1228/1111 1203/1201/1084 1230/1230/1113
f 1201/1203/1086 1230/1230/1113 1203/1201/1084
f 1202/1202/1085 1203/1201/1084 1220/1220/1103
f 1202/1202/1085 1220/1220/1103 1206/1206/1089
f 1230/1230/1113 1231/1231/1114 1228/1228/1111
f 1232/1232/1115 1228/1228/1111 1231/1231/1114
f 1228/1228/1111 1232/1232/1115 1229/1229/1112
f 1223/1223/1106 1233/1233/1116 1225/1225/1108
f 1234/1234/1117 1225/1225/1108 1233/1233/1116
f 1229/1229/1112 1235/1235/1118 1227/1227/1110
f 1232/1232/1115 1231/1231/1114 1235/1235/1118
f 1232/1232/1115 1235/1235/1118 1229/1229/1112
f 1236/1236/1119 1227/1227/1110 1235/1235/1118
f 1235/1235/1118 1237/1237/1120 1236/1236/1119
f 1237/1237/1120 1235/1235/1118 1231/1231/1114
f 1238/1238/1121 1236/1236/1119 1237/1237/1120
f 1236/1236/1119 1238/1238/1121 1239/1239/1122
f 1240/1240/1123 1239/1239/1122 1238/1238/1121
f 1239/1239/1122 1240/1240/1123 1241/1241/1124
f 1239/1239/1122 1241/1241/1124 1242/1242/1125
f 1243/1243/1126 1242/1242/1125 1241/1241/1124
f 1242/1242/1125 1243/1243/1126 1244/1244/1127
f 1245/1245/1128 1244/1244/1127 1243/1243/1126
f 1244/1244/1127 1245/1245/1128 1246/1246/1129
f 1247/1247/1130 1246/1246/1129 1245/1245/1128
f 1248/1248/1131 1247/1247/1130 1245/1245/1128
f 1247/1247/1130 1248/1248/1131 1246/1246/1129
f 1249/1249/1132 1248/1248/1131 1245/1245/1128
f 1250/1250/1133 1249/1249/1132 1245/1245/1128
f 1249/1249/1132 1251/1251/1134 1248/1248/1131
f 1252/1252/1135 1248/1248/1131 1251/1251/1134
f 1252/1252/1135 1246/1246/1129 1248/1248/1131
f 1243/1243/1126 1253/1253/1136 1245/1245/1128
f 1250/1250/1133 1245/1245/1128 1253/1253/1136
f 1241/1241/1124 1253/1253/1136 1243/1243/1126
f 1253/1253/1136 1241/1241/1124 1240/1240/1123
f 1252/1252/1135 1254/1254/1137 1246/1246/1129
f 1254/1254/1137 1244/1244/1127 1246/1246/1129
f 1255/1255/1138 1244/1244/1127 1254/1254/1137
f 1254/1254/1137 1252/1252/1135 1255/1255/1138
f 1256/1256/1139 1242/1242/1125 1244/1244/1127
f 1257/1257/1140 1256/1256/1139 1244/1244/1127
f 1257/1257/1140 1244/1244/1127 1255/1255/1138
f 1257/1257/1140 1236/1236/1119 1256/1256/1139
f 1255/1255/1138 1222/1222/1105 1257/1257/1140
f 1257/1257/1140 1222/1222/1105 1236/1236/1119
f 1222/1222/1105 1255/1255/1138 1223/1223/1106
f 1233/1233/1116 1223/1223/1106 1255/1255/1138
f 1233/1233/1116 1255/1255/1138 1252/1252/1135
f 1227/1227/1110 1236/1236/1119 1222/1222/1105
f 1236/1236/1119 1239/1239/1122 1256/1256/1139
f 1256/1256/1139 1239/1239/1122 1242/1242/1125
f 1251/1251/1134 1234/1234/1117 1252/1252/1135
f 1233/1233/1116 1252/1252/1135 1234/1234/1117
f 1260/1258/1141 1259/1259/1142 1258/1260/1143
f 1258/1260/1143 1261/1261/1144 1260/1258/1141
f 1260/1258/1141 1262/1262/1145 1259/1259/1142
f 1260/1258/1141 1261/1261/1144 1262/1262/1145
f 1259/1259/1142 1262/1262/1145 1263/1263/1146
f 1264/1264/1147 1263/1263/1146 1262/1262/1145
f 1263/1263/1146 1264/1264/1147 1265/1265/1148
f 1263/1263/1146 1265/1265/1148 1266/1266/1149
f 1258/1260/1143 1259/1259/1142 1266/1266/1149
f 1259/1259/1142 1263/1263/1146 1266/1266/1149
f 1267/1267/1150 1258/1260/1143 1266/1266/1149
f 1267/1267/1150 1261/1261/1144 1258/1260/1143
f 1267/1267/1150 1266/1266/1149 1268/1268/1151
f 1269/1269/1152 1268/1268/1151 1266/1266/1149
f 1270/1270/1153 1266/1266/1149 1265/1265/1148
f 1271/1271/1154 1265/1265/1148 1264/1264/1147
f 1262/1262/1145 1272/1272/1155 1264/1264/1147
f 1272/1272/1155 1262/1262/1145 1261/1261/1144
f 1273/1273/1156 1272/1272/1155 1261/1261/1144
f 1267/1267/1150 1273/1273/1156 1261/1261/1144
f 1267/1267/1150 1274/1274/1151 1273/1273/1156
f 1275/1275/1157 1273/1273/1156 1274/1274/1151
f 1273/1273/1156 1275/1275/1157 1272/1272/1155
f 1276/1276/1158 1272/1272/1155 1275/1275/1157
f 1272/1272/1155 1277/1277/1159 1264/1264/1147
f 1278/1278/1160 1264/1264/1147 1277/1277/1159
f 1281/1279/1161 1280/1280/1162 1279/1281/1163
f 1282/1282/1164 1279/1281/1163 1280/1280/1162
f 1279/1281/1163 1283/1283/1165 1281/1279/1161
f 1284/1284/1166 1281/1279/1161 1283/1283/1165
f 1285/1285/1167 1283/1283/1165 1279/1281/1163
f 1285/1285/1167 1279/1281/1163 1282/1282/1164
f 1285/1285/1167 1286/1286/1168 1283/1283/1165
f 1283/1283/1165 1286/1286/1168 1287/1287/1166
f 1288/1288/1169 1287/1287/1166 1286/1286/1168
f 1282/1282/1164 1289/1289/1170 1285/1285/1167
f 1282/1282/1164 1290/1290/1171 1289/1289/1170
f 1291/1291/1172 1289/1289/1170 1290/1290/1171
f 1289/1289/1170 1292/1292/1173 1285/1285/1167
f 1285/1285/1167 1292/1292/1173 1286/1286/1168
f 1286/1286/1168 1292/1292/1173 1293/1293/1174
f 1294/1294/1175 1293/1293/1174 1292/1292/1173
f 1292/1292/1173 1289/1289/1170 1294/1294/1175
f 1295/1295/1176 1294/1294/1175 1289/1289/1170
f 1298/1296/1177 1297/1297/1178 1296/1298/1179
f 1299/1299/1180 1296/1298/1179 1297/1297/1178
f 1298/1296/1177 1296/1298/1179 1300/1300/1181
f 1301/1301/1182 1300/1300/1181 1296/1298/1179
f 1296/1298/1179 1302/1302/1183 1301/1301/1182
f 1302/1302/1183 1296/1298/1179 1299/1299/1180
f 1303/1303/1184 1301/1301/1182 1302/1302/1183
f 1303/1303/1184 1304/1304/1185 1301/1301/1182
f 1305/1305/1181 1301/1301/1182 1304/1304/1185
f 1299/1299/1180 1306/1306/1186 1302/1302/1183
f 1306/1306/1186 1299/1299/1180 1307/1307/1187
f 1308/1308/1188 1307/1307/1187 1299/1299/1180
f 1306/1306/1186 1309/1309/1189 1302/1302/1183
f 1303/1303/1184 1302/1302/1183 1309/1309/1189
f 1303/1303/1184 1309/1309/1189 1310/1310/1190
f 1311/1311/1191 1310/1310/1190 1309/1309/1189
f 1306/1306/1186 1312/1312/1192 1309/1309/1189
f 1311/1311/1191 1309/1309/1189 1312/1312/1192
f 1315/1313/1193 1314/1314/1194 1313/1315/1195
f 1316/1316/1196 1313/1315/1195 1314/1314/1194
f 1316/1316/1196 1317/1317/1197 1313/1315/1195
f 1318/1318/1198 1313/1315/1195 1317/1317/1197
f 1316/1316/1196 1319/1319/1199 1317/1317/1197
f 1319/1319/1199 1316/1316/1196 1314/1314/1194
f 1317/1317/1197 1319/1319/1199 1320/1320/1200
f 1317/1317/1197 1320/1320/1200 1321/1321/1198
f 1322/1322/1201 1321/1321/1198 1320/1320/1200
f 1314/1314/1194 1323/1323/1202 1319/1319/1199
f 1314/1314/1194 1324/1324/1203 1323/1323/1202
f 1325/1325/1204 1323/1323/1202 1324/1324/1203
f 1326/1326/1205 1319/1319/1199 1323/1323/1202
f 1326/1326/1205 1320/1320/1200 1319/1319/1199
f 1320/1320/1200 1326/1326/1205 1327/1327/1206
f 1328/1328/1207 1327/1327/1206 1326/1326/1205
f 1326/1326/1205 1323/1323/1202 1328/1328/1207
f 1329/1329/1204 1328/1328/1207 1323/1323/1202
f 1332/1330/1208 1331/1331/1209 1330/1332/1210
f 1331/1331/1209 1332/1330/1208 1333/1333/1211
f 1334/1334/1212 1333/1333/1211 1332/1330/1208
f 1332/1330/1208 1330/1332/1210 1335/1335/1213
f 1336/1336/1214 1335/1335/1213 1330/1332/1210
f 1337/1337/1215 1336/1336/1214 1330/1332/1210
f 1337/1337/1215 1338/1338/1216 1336/1336/1214
f 1341/1339/1217 1340/1340/1218 1339/1341/1219
f 1340/1340/1218 1341/1339/1217 1342/1342/1209
f 1343/1343/1210 1342/1342/1209 1341/1339/1217
f 1339/1341/1219 1340/1340/1218 1344/1344/1220
f 1345/1345/1221 1344/1344/1220 1340/1340/1218
f 1340/1340/1218 1342/1342/1209 1345/1345/1221
f 1346/1346/1222 1345/1345/1221 1342/1342/1209
f 1343/1343/1210 1341/1339/1217 1347/1347/1215
f 1348/1348/1223 1347/1347/1215 1341/1339/1217
f 1345/1345/1221 1349/1349/1211 1344/1344/1220
f 1350/1350/1212 1344/1344/1220 1349/1349/1211
f 1341/1339/1217 1339/1341/1219 1351/1351/1224
f 1351/1351/1224 1348/1348/1223 1341/1339/1217
f 1352/1352/1225 1351/1351/1224 1339/1341/1219
f 1352/1352/1225 1353/1353/1213 1351/1351/1224
f 1354/1354/1214 1351/1351/1224 1353/1353/1213
f 1351/1351/1224 1354/1354/1214 1355/1355/1226
f 1351/1351/1224 1355/1355/1226 1348/1348/1223
f 1356/1356/1216 1355/1355/1226 1354/1354/1214
f 1355/1355/1226 1357/1357/1216 1348/1348/1223
f 1358/1358/1215 1348/1348/1223 1357/1357/1216
f 1361/1359/1227 1360/1360/1228 1359/1361/1229
f 1362/1362/1230 1360/1360/1228 1361/1359/1227
f 1363/1363/1231 1360/1360/1228 1362/1362/1230
f 1364/1364/1232 1360/1360/1228 1363/1363/1231
f 1365/1365/1233 1360/1360/1228 1364/1364/1232
f 1366/1366/1234 1360/1360/1228 1365/1365/1233
f 1367/1367/1235 1360/1360/1228 1366/1366/1234
f 1359/1361/1229 1360/1360/1228 1367/1367/1235
f 1359/1361/1229 1368/1368/1236 1361/1359/1227
f 1369/1369/1237 1361/1359/1227 1368/1368/1236
f 1361/1359/1227 1369/1369/1237 1362/1362/1230
f 1370/1370/1238 1362/1362/1230 1369/1369/1237
f 1362/1362/1230 1370/1370/1238 1363/1363/1231
f 1371/1371/1239 1363/1363/1231 1370/1370/1238
f 1363/1363/1231 1371/1371/1239 1364/1364/1232
f 1372/1372/1240 1364/1364/1232 1371/1371/1239
f 1364/1364/1232 1372/1372/1240 1365/1365/1233
f 1373/1373/1241 1365/1365/1233 1372/1372/1240
f 1365/1365/1233 1373/1373/1241 1366/1366/1234
f 1374/1374/1242 1366/1366/1234 1373/1373/1241
f 1366/1366/1234 1374/1374/1242 1367/1367/1235
f 1375/1375/1243 1367/1367/1235 1374/1374/1242
f 1367/1367/1235 1375/1375/1243 1359/1361/1229
f 1368/1368/1236 1359/1361/1229 1375/1375/1243
f 1378/1376/1244 1377/1377/1245 1376/1378/1246
f 1379/1379/1247 1378/1376/1244 1376/1378/1246
f 1377/1377/1245 1381/1380/1248 1380/1381/1249
f 1382/1382/1250 1380/1381/1249 1381/1380/1248
f 1380/1381/1249 1383/1383/1251 1377/1377/1245
f 1384/1384/1252 1377/1377/1245 1383/1383/1251
f 1386/1385/1253 1381/1380/1254 1385/1386/1255
f 1388/1387/1256 1385/1386/1255 1387/1388/1257
f 1388/1387/1256 1390/1389/1258 1389/1390/1255
f 1392/1391/1259 1389/1390/1260 1391/1392/1261
f 1395/1393/1262 1394/1394/1263 1393/1395/1264
f 1396/1396/1265 1393/1395/1264 1394/1394/1263
f 1397/1397/1266 1394/1394/1263 1395/1393/1262
f 1396/1396/1265 1394/1394/1263 1397/1397/1266
f 1395/1393/1262 1398/1398/1267 1397/1397/1266
f 1399/1399/1268 1397/1397/1266 1398/1398/1267
f 1398/1398/1267 1400/1400/1269 1399/1399/1268
f 1398/1398/1267 1401/1401/1270 1400/1400/1269
f 1395/1393/1262 1393/1395/1264 1401/1401/1270
f 1398/1398/1267 1395/1393/1262 1401/1401/1270
f 1393/1395/1264 1402/1402/1271 1401/1401/1270
f 1396/1396/1265 1402/1402/1271 1393/1395/1264
f 1402/1402/1271 1403/1403/1272 1401/1401/1270
f 1404/1404/1273 1401/1401/1270 1403/1403/1272
f 1405/1405/1273 1400/1400/1269 1401/1401/1270
f 1406/1406/1274 1399/1399/1268 1400/1400/1269
f 1407/1407/1275 1397/1397/1266 1399/1399/1268
f 1397/1397/1266 1407/1407/1275 1396/1396/1265
f 1407/1407/1275 1408/1408/1276 1396/1396/1265
f 1408/1408/1276 1402/1402/1271 1396/1396/1265
f 1402/1402/1271 1408/1408/1276 1409/1409/1272
f 1410/1410/1277 1409/1409/1272 1408/1408/1276
f 1408/1408/1276 1407/1407/1275 1410/1410/1277
f 1411/1411/1278 1410/1410/1277 1407/1407/1275
f 1407/1407/1275 1399/1399/1268 1412/1412/1279
f 1413/1413/1280 1412/1412/1279 1399/1399/1268
f 1416/1414/1281 1415/1415/1282 1414/1416/1283
f 1417/1417/1284 1414/1416/1283 1415/1415/1282
f 1414/1416/1283 1417/1417/1284 1418/1418/1285
f 1419/1419/1286 1418/1418/1285 1417/1417/1284
f 1418/1418/1285 1420/1420/1287 1414/1416/1283
f 1414/1416/1283 1420/1420/1287 1416/1414/1281
f 1421/1421/1288 1420/1420/1287 1418/1418/1285
f 1418/1418/1285 1422/1422/1286 1421/1421/1288
f 1423/1423/1289 1421/1421/1288 1422/1422/1286
f 1424/1424/1290 1416/1414/1281 1420/1420/1287
f 1416/1414/1281 1424/1424/1290 1425/1425/1291
f 1426/1426/1292 1425/1425/1291 1424/1424/1290
f 1427/1427/1293 1424/1424/1290 1420/1420/1287
f 1427/1427/1293 1420/1420/1287 1421/1421/1288
f 1421/1421/1288 1428/1428/1294 1427/1427/1293
f 1429/1429/1295 1427/1427/1293 1428/1428/1294
f 1427/1427/1293 1429/1429/1295 1424/1424/1290
f 1430/1430/1296 1424/1424/1290 1429/1429/1295
f 1433/1431/1297 1432/1432/1298 1431/1433/1299
f 1434/1434/1300 1431/1433/1299 1432/1432/1298
f 1434/1434/1300 1435/1435/1301 1431/1433/1299
f 1436/1436/1302 1431/1433/1299 1435/1435/1301
f 1437/1437/1303 1431/1433/1299 1436/1436/1302
f 1431/1433/1299 1437/1437/1303 1433/1431/1297
f 1436/1436/1302 1438/1438/1304 1437/1437/1303
f 1438/1438/1304 1436/1436/1302 1439/1439/1305
f 1440/1440/1306 1439/1439/1305 1436/1436/1302
f 1441/1441/1307 1433/1431/1297 1437/1437/1303
f 1441/1441/1307 1442/1442/1308 1433/1431/1297
f 1443/1443/1309 1433/1431/1297 1442/1442/1308
f 1444/1444/1310 1441/1441/1307 1437/1437/1303
f 1437/1437/1303 1438/1438/1304 1444/1444/1310
f 1438/1438/1304 1445/1445/1305 1444/1444/1310
f 1446/1446/1311 1444/1444/1310 1445/1445/1305
f 1446/1446/1311 1447/1447/1308 1444/1444/1310
f 1441/1441/1307 1444/1444/1310 1447/1447/1308
f 1450/1448/1312 1449/1449/1313 1448/1450/1314
f 1451/1451/1315 1448/1450/1314 1449/1449/1313
f 1450/1448/1312 1448/1450/1314 1452/1452/1316
f 1453/1453/1317 1452/1452/1316 1448/1450/1314
f 1454/1454/1318 1450/1448/1312 1452/1452/1316
f 1450/1448/1312 1454/1454/1318 1449/1449/1313
f 1454/1454/1318 1452/1452/1316 1455/1455/1319
f 1452/1452/1316 1456/1456/1317 1455/1455/1319
f 1457/1457/1320 1455/1455/1319 1456/1456/1317
f 1458/1458/1321 1449/1449/1313 1454/1454/1318
f 1449/1449/1313 1458/1458/1321 1459/1459/1322
f 1460/1460/1323 1459/1459/1322 1458/1458/1321
f 1454/1454/1318 1461/1461/1324 1458/1458/1321
f 1455/1455/1319 1461/1461/1324 1454/1454/1318
f 1455/1455/1319 1462/1462/1325 1461/1461/1324
f 1463/1463/1326 1461/1461/1324 1462/1462/1325
f 1461/1461/1324 1463/1463/1326 1458/1458/1321
f 1464/1464/1323 1458/1458/1321 1463/1463/1326
f 1467/1465/1327 1466/1466/1328 1465/1467/1329
f 1467/1465/1327 1468/1468/1330 1466/1466/1328
f 1469/1469/1331 1466/1466/1328 1468/1468/1330
f 1466/1466/1328 1470/1470/1332 1465/1467/1329
f 1471/1471/1333 1465/1467/1329 1470/1470/1332
f 1471/1471/1333 1472/1472/1334 1465/1467/1329
f 1473/1473/1335 1472/1472/1334 1471/1471/1333
f 1476/1474/1336 1475/1475/1337 1474/1476/1338
f 1476/1474/1336 1477/1477/1327 1475/1475/1337
f 1478/1478/1329 1475/1475/1337 1477/1477/1327
f 1474/1476/1338 1479/1479/1339 1476/1474/1336
f 1480/1480/1340 1476/1474/1336 1479/1479/1339
f 1476/1474/1336 1480/1480/1340 1477/1477/1327
f 1481/1481/1341 1477/1477/1327 1480/1480/1340
f 1478/1478/1329 1482/1482/1334 1475/1475/1337
f 1483/1483/1342 1475/1475/1337 1482/1482/1334
f 1480/1480/1340 1479/1479/1339 1484/1484/1330
f 1485/1485/1331 1484/1484/1330 1479/1479/1339
f 1475/1475/1337 1486/1486/1343 1474/1476/1338
f 1483/1483/1342 1486/1486/1343 1475/1475/1337
f 1487/1487/1344 1474/1476/1338 1486/1486/1343
f 1487/1487/1344 1486/1486/1343 1488/1488/1332
f 1489/1489/1333 1488/1488/1332 1486/1486/1343
f 1486/1486/1343 1490/1490/1345 1489/1489/1333
f 1490/1490/1345 1486/1486/1343 1483/1483/1342
f 1491/1491/1335 1489/1489/1333 1490/1490/1345
f 1490/1490/1345 1483/1483/1342 1492/1492/1335
f 1493/1493/1334 1492/1492/1335 1483/1483/1342
f 1496/1494/1346 1495/1495/1347 1494/1496/1348
f 1496/1494/1346 1497/1497/1349 1495/1495/1347
f 1496/1494/1346 1498/1498/1350 1497/1497/1349
f 1496/1494/1346 1499/1499/1351 1498/1498/1350
f 1496/1494/1346 1500/1500/1352 1499/1499/1351
f 1496/1494/1346 1501/1501/1353 1500/1500/1352
f 1496/1494/1346 1502/1502/1354 1501/1501/1353
f 1496/1494/1346 1494/1496/1348 1502/1502/1354
f 1494/1496/1348 1495/1495/1347 1503/1503/1355
f 1504/1504/1356 1503/1503/1355 1495/1495/1347
f 1495/1495/1347 1497/1497/1349 1504/1504/1356
f 1505/1505/1357 1504/1504/1356 1497/1497/1349
f 1497/1497/1349 1498/1498/1350 1505/1505/1357
f 1506/1506/1358 1505/1505/1357 1498/1498/1350
f 1498/1498/1350 1499/1499/1351 1506/1506/1358
f 1507/1507/1359 1506/1506/1358 1499/1499/1351
f 1499/1499/1351 1500/1500/1352 1507/1507/1359
f 1508/1508/1360 1507/1507/1359 1500/1500/1352
f 1500/1500/1352 1501/1501/1353 1508/1508/1360
f 1509/1509/1361 1508/1508/1360 1501/1501/1353
f 1501/1501/1353 1502/1502/1354 1509/1509/1361
f 1510/1510/1362 1509/1509/1361 1502/1502/1354
f 1503/1503/1355 1510/1510/1362 1494/1496/1348
f 1502/1502/1354 1494/1496/1348 1510/1510/1362
f 1513/1511/1363 1512/1512/1364 1511/1513/1365
f 1514/1514/1366 1511/1513/1365 1512/1512/1364
f 1511/1513/1365 1515/1515/1367 1513/1511/1363
f 1516/1516/1368 1513/1511/1363 1515/1515/1367
f 1516/1516/1368 1515/1515/1367 1517/1517/1369
f 1518/1518/1370 1517/1517/1369 1515/1515/1367
f 1515/1515/1367 1519/1519/1371 1518/1518/1370
f 1517/1517/1369 1520/1520/1372 1516/1516/1368
f 1521/1521/1373 1516/1516/1368 1520/1520/1372
f 1516/1516/1368 1521/1521/1373 1513/1511/1363
f 1522/1522/1374 1513/1511/1363 1521/1521/1373
f 1522/1522/1374 1523/1523/1375 1513/1511/1363
f 1524/1524/1376 1513/1511/1363 1523/1523/1375
f 1513/1511/1363 1524/1524/1376 1512/1512/1364
f 1524/1524/1376 1525/1525/1377 1512/1512/1364
f 1524/1524/1376 1526/1526/1378 1525/1525/1377
f 1526/1526/1378 1527/1527/1379 1525/1525/1377
f 1512/1512/1364 1525/1525/1377 1528/1528/1380
f 1529/1529/1381 1517/1517/1369 1518/1518/1370
f 1519/1519/1371 1530/1530/1382 1518/1518/1370
f 1529/1529/1381 1518/1518/1370 1530/1530/1382
f 1529/1529/1381 1530/1530/1382 1531/1531/1383
f 1532/1532/1384 1526/1526/1378 1524/1524/1376
f 1531/1531/1383 1530/1530/1382 1533/1533/1385
f 1534/1534/1386 1533/1533/1385 1530/1530/1382
f 1534/1534/1386 1535/1535/1387 1533/1533/1385
f 1534/1534/1386 1536/1536/1388 1535/1535/1387
f 1537/1537/1389 1535/1535/1387 1536/1536/1388
f 1537/1537/1389 1538/1538/1390 1535/1535/1387
f 1537/1537/1389 1536/1536/1388 1539/1539/1391
f 1540/1540/1392 1539/1539/1391 1536/1536/1388
f 1540/1540/1392 1536/1536/1388 1541/1541/1393
f 1519/1519/1371 1541/1541/1393 1536/1536/1388
f 1536/1536/1388 1534/1534/1386 1519/1519/1371
f 1530/1530/1382 1519/1519/1371 1534/1534/1386
f 1542/1542/1394 1533/1533/1385 1535/1535/1387
f 1542/1542/1394 1535/1535/1387 1543/1543/1395
f 1537/1537/1389 1539/1539/1391 1544/1544/1396
f 1532/1532/1397 1546/1545/1398 1545/1546/1399
f 1524/1524/1376 1546/1545/1398 1547/1547/1400
f 1524/1524/1376 1523/1523/1375 1546/1545/1398
f 1523/1523/1375 1548/1548/1401 1546/1545/1398
f 1550/1549/1402 1545/1546/1403 1549/1550/1404
f 1550/1549/1402 1551/1551/1405 1545/1546/1403
f 1552/1552/1406 1545/1546/1403 1551/1551/1405
f 1553/1553/1407 1552/1552/1406 1551/1551/1405
f 1519/1519/1371 1555/1554/1408 1554/1555/1409
f 1515/1515/1367 1555/1554/1408 1519/1519/1371
f 1555/1554/1408 1515/1515/1367 1556/1556/1410
f 1557/1557/1411 1555/1554/1408 1556/1556/1410
f 1556/1556/1410 1558/1558/1412 1557/1557/1411
f 1556/1556/1410 1515/1515/1367 1511/1513/1365
f 1559/1559/1413 1556/1556/1410 1511/1513/1365
f 1560/1560/1414 1559/1559/1413 1511/1513/1365
f 1560/1560/1414 1561/1561/1415 1559/1559/1413
f 1562/1562/1416 1559/1559/1413 1561/1561/1415
f 1561/1561/1415 1560/1560/1414 1563/1563/1417
f 1514/1514/1366 1563/1563/1417 1560/1560/1414
f 1514/1514/1366 1560/1560/1414 1511/1513/1365
f 1514/1514/1366 1564/1564/1418 1563/1563/1417
f 1561/1561/1415 1565/1565/1419 1562/1562/1416
f 1561/1561/1415 1563/1563/1417 1565/1565/1419
f 1566/1566/1420 1562/1562/1416 1565/1565/1419
f 1562/1562/1416 1566/1566/1420 1567/1567/1421
f 1568/1568/1422 1567/1567/1421 1566/1566/1420
f 1569/1569/1423 1565/1565/1419 1563/1563/1417
f 1569/1569/1423 1570/1570/1424 1565/1565/1419
f 1566/1566/1420 1565/1565/1419 1570/1570/1424
f 1563/1563/1417 1571/1571/1421 1569/1569/1423
f 1571/1571/1421 1563/1563/1417 1572/1572/1425
f 1573/1573/1426 1569/1569/1423 1571/1571/1421
f 1559/1559/1413 1562/1562/1416 1574/1574/1427
f 1567/1567/1421 1574/1574/1427 1562/1562/1416
f 1512/1512/1364 1564/1564/1418 1514/1514/1366
f 1570/1570/1424 1569/1569/1423 1575/1575/1428
f 1569/1569/1423 1573/1573/1426 1576/1576/1429
f 1577/1577/1430 1566/1566/1420 1570/1570/1424
f 1578/1578/1431 1568/1568/1422 1566/1566/1420
f 1512/1512/1364 1528/1528/1380 1579/1579/1432
f 1579/1579/1432 1528/1528/1380 1580/1580/1433
f 1581/1581/1434 1580/1580/1433 1528/1528/1380
f 1528/1528/1380 1582/1582/1435 1581/1581/1434
f 1583/1583/1436 1581/1581/1434 1582/1582/1435
f 1580/1580/1433 1581/1581/1434 1584/1584/1437
f 1585/1585/1438 1584/1584/1437 1581/1581/1434
f 1581/1581/1434 1583/1583/1436 1585/1585/1438
f 1586/1586/1439 1585/1585/1438 1583/1583/1436
f 1587/1587/1440 1584/1584/1437 1585/1585/1438
f 1587/1587/1440 1585/1585/1438 1588/1588/1441
f 1585/1585/1438 1586/1586/1439 1588/1588/1441
f 1525/1525/1377 1582/1582/1435 1528/1528/1380
f 1527/1527/1379 1589/1589/1442 1525/1525/1377
f 1591/1590/1443 1590/1591/1444 1527/1527/1379
f 1592/1592/1445 1527/1527/1379 1590/1591/1444
f 1527/1527/1379 1593/1593/1446 1591/1590/1443
f 1590/1591/1444 1591/1590/1443 1594/1594/1447
f 1591/1590/1443 1596/1595/1448 1595/1596/1449
f 1597/1597/1450 1595/1596/1449 1596/1595/1448
f 1598/1598/1451 1595/1596/1449 1597/1597/1450
f 1596/1595/1448 1591/1590/1443 1599/1599/1452
f 1595/1596/1449 1600/1600/1453 1591/1590/1443
f 1601/1601/1454 1600/1600/1453 1595/1596/1449
f 1526/1526/1378 1602/1602/1455 1527/1527/1379
f 1526/1526/1378 1604/1603/1383 1603/1604/1456
f 1603/1604/1456 1604/1603/1383 1605/1605/1392
f 1606/1606/1457 1605/1605/1392 1604/1603/1383
f 1605/1605/1392 1606/1606/1457 1607/1607/1391
f 1608/1608/1458 1607/1607/1391 1606/1606/1457
f 1609/1609/1459 1607/1607/1391 1608/1608/1458
f 1526/1526/1378 1610/1610/1381 1604/1603/1383
f 1610/1610/1381 1526/1526/1378 1532/1532/1384
f 1612/1611/1460 1608/1608/1461 1611/1612/1462
f 1615/1613/1444 1614/1614/1463 1613/1615/1464
f 1614/1614/1463 1615/1613/1444 1616/1616/1465
f 1555/1554/1408 1613/1615/1464 1614/1614/1463
f 1617/1617/1448 1555/1554/1408 1614/1614/1463
f 1555/1554/1408 1617/1617/1448 1618/1618/1466
f 1617/1617/1448 1614/1614/1463 1619/1619/1450
f 1620/1620/1467 1619/1619/1450 1614/1614/1463
f 1614/1614/1463 1621/1621/1468 1620/1620/1467
f 1620/1620/1467 1621/1621/1468 1622/1622/1469
f 1623/1623/1470 1619/1619/1450 1620/1620/1467
f 1620/1620/1467 1625/1624/1471 1624/1625/1472
f 1628/1626/1473 1627/1627/1474 1626/1628/1475
f 1629/1629/1476 1627/1627/1474 1628/1626/1473
f 1628/1626/1473 1630/1630/1477 1629/1629/1476
f 1629/1629/1476 1630/1630/1477 1631/1631/1478
f 1632/1632/1479 1631/1631/1478 1630/1630/1477
f 1632/1632/1479 1630/1630/1477 1633/1633/1480
f 1634/1634/1481 1633/1633/1480 1630/1630/1477
f 1635/1635/1482 1634/1634/1481 1630/1630/1477
f 1631/1631/1478 1636/1636/1405 1629/1629/1476
f 1637/1637/1402 1629/1629/1476 1636/1636/1405
f 1628/1626/1473 1626/1628/1475 1517/1517/1369
f 1517/1517/1369 1638/1638/1483 1628/1626/1473
f 1628/1626/1473 1638/1638/1483 1630/1630/1477
f 1630/1630/1477 1638/1638/1483 1639/1639/1484
f 1529/1529/1381 1639/1639/1484 1638/1638/1483
f 1517/1517/1369 1529/1529/1381 1638/1638/1483
f 1626/1628/1475 1520/1520/1372 1517/1517/1369
f 1640/1640/1485 1632/1632/1479 1633/1633/1480
f 1640/1640/1485 1631/1631/1478 1632/1632/1479
f 1640/1640/1485 1636/1636/1405 1631/1631/1478
f 1629/1629/1476 1637/1637/1402 1641/1641/1398
f 1643/1642/1486 1556/1556/1410 1642/1643/1487
f 1643/1642/1486 1645/1644/1437 1644/1645/1488
f 1643/1642/1486 1644/1645/1488 1646/1646/1489
f 1648/1647/1490 1647/1648/1491 1645/1644/1437
f 1647/1648/1491 1648/1647/1490 1558/1558/1412
f 1649/1649/1439 1558/1558/1412 1648/1647/1490
f 1650/1650/1492 1649/1649/1439 1648/1647/1490
f 1650/1650/1492 1648/1647/1490 1651/1651/1493
f 1648/1647/1490 1645/1644/1437 1651/1651/1493
f 1559/1559/1413 1652/1652/1494 1556/1556/1410
f 1654/1653/1495 1653/1654/1496 1558/1558/1436
f 1656/1655/1497 1655/1656/1498 1595/1596/1499
f 1659/1657/1500 1658/1658/1501 1657/1659/1502
f 1660/1660/1503 1657/1659/1502 1658/1658/1501
f 1659/1657/1500 1657/1659/1502 1661/1661/1504
f 1661/1661/1504 1662/1662/1505 1659/1657/1500
f 1661/1661/1504 1663/1663/1506 1662/1662/1505
f 1664/1664/1507 1662/1662/1505 1663/1663/1506
f 1664/1664/1507 1665/1665/1508 1662/1662/1505
f 1666/1666/1509 1662/1662/1505 1665/1665/1508
f 1663/1663/1506 1661/1661/1504 1667/1667/1510
f 1668/1668/1511 1667/1667/1510 1661/1661/1504
f 1668/1668/1511 1661/1661/1504 1657/1659/1502
f 1669/1669/1512 1659/1657/1500 1662/1662/1505
f 1662/1662/1505 1666/1666/1509 1669/1669/1512
f 1659/1657/1500 1669/1669/1512 1658/1658/1501
f 1670/1670/1513 1669/1669/1512 1666/1666/1509
f 1671/1671/1514 1658/1658/1501 1669/1669/1512
f 1669/1669/1512 1670/1670/1513 1671/1671/1514
f 1671/1671/1514 1670/1670/1513 1672/1672/1515
f 1673/1673/1516 1672/1672/1515 1670/1670/1513
f 1673/1673/1516 1674/1674/1517 1672/1672/1515
f 1673/1673/1516 1675/1675/1518 1674/1674/1517
f 1676/1676/1519 1674/1674/1517 1675/1675/1518
f 1675/1675/1518 1677/1677/1520 1676/1676/1519
f 1678/1678/1521 1676/1676/1519 1677/1677/1520
f 1679/1679/1522 1672/1672/1515 1674/1674/1517
f 1675/1675/1518 1673/1673/1516 1680/1680/1523
f 1670/1670/1513 1680/1680/1523 1673/1673/1516
f 1680/1680/1523 1670/1670/1513 1681/1681/1524
f 1666/1666/1509 1681/1681/1524 1670/1670/1513
f 1682/1682/1525 1680/1680/1523 1681/1681/1524
f 1682/1682/1525 1683/1683/1526 1680/1680/1523
f 1677/1677/1520 1675/1675/1518 1683/1683/1526
f 1680/1680/1523 1683/1683/1526 1675/1675/1518
f 1672/1672/1515 1679/1679/1522 1684/1684/1527
f 1672/1672/1515 1684/1684/1527 1671/1671/1514
f 1685/1685/1528 1684/1684/1527 1679/1679/1522
f 1685/1685/1528 1686/1686/1529 1684/1684/1527
f 1687/1687/1530 1684/1684/1527 1686/1686/1529
f 1684/1684/1527 1687/1687/1530 1658/1658/1501
f 1660/1660/1503 1658/1658/1501 1687/1687/1530
f 1658/1658/1501 1671/1671/1514 1684/1684/1527
f 1688/1688/1511 1682/1682/1525 1681/1681/1524
f 1676/1676/1519 1678/1678/1521 1689/1689/1531
f 1690/1690/1532 1689/1689/1531 1678/1678/1521
f 1689/1689/1531 1690/1690/1532 1691/1691/1533
f 1692/1692/1534 1691/1691/1533 1690/1690/1532
f 1692/1692/1534 1693/1693/1535 1691/1691/1533
f 1694/1694/1536 1691/1691/1533 1693/1693/1535
f 1691/1691/1533 1694/1694/1536 1695/1695/1537
f 1691/1691/1533 1695/1695/1537 1689/1689/1531
f 1696/1696/1538 1695/1695/1537 1694/1694/1536
f 1695/1695/1537 1696/1696/1538 1697/1697/1539
f 1696/1696/1538 1698/1698/1540 1697/1697/1539
f 1696/1696/1538 1699/1699/1541 1698/1698/1540
f 1696/1696/1538 1694/1694/1536 1699/1699/1541
f 1699/1699/1541 1694/1694/1536 1700/1700/1542
f 1701/1701/1543 1695/1695/1537 1697/1697/1539
f 1702/1702/1544 1701/1701/1543 1697/1697/1539
f 1702/1702/1544 1703/1703/1545 1701/1701/1543
f 1704/1704/1546 1701/1701/1543 1703/1703/1545
f 1703/1703/1545 1705/1705/1535 1704/1704/1546
f 1706/1706/1534 1704/1704/1546 1705/1705/1535
f 1703/1703/1545 1702/1702/1544 1707/1707/1547
f 1708/1708/1548 1707/1707/1547 1702/1702/1544
f 1707/1707/1547 1708/1708/1548 1709/1709/1549
f 1708/1708/1548 1710/1710/1550 1709/1709/1549
f 1709/1709/1549 1710/1710/1550 1711/1711/1551
f 1710/1710/1550 1712/1712/1552 1711/1711/1551
f 1712/1712/1552 1710/1710/1550 1713/1713/1553
f 1710/1710/1550 1708/1708/1548 1713/1713/1553
f 1713/1713/1553 1714/1714/1554 1712/1712/1552
f 1714/1714/1554 1715/1715/1551 1712/1712/1552
f 1716/1716/1555 1715/1715/1551 1714/1714/1554
f 1717/1717/1556 1716/1716/1555 1714/1714/1554
f 1714/1714/1554 1713/1713/1553 1717/1717/1556
f 1717/1717/1556 1700/1700/1542 1716/1716/1555
f 1718/1718/1557 1713/1713/1553 1708/1708/1548
f 1708/1708/1548 1719/1719/1558 1718/1718/1557
f 1717/1717/1556 1699/1699/1541 1700/1700/1542
f 1702/1702/1544 1719/1719/1558 1708/1708/1548
f 1720/1720/1559 1719/1719/1558 1702/1702/1544
f 1720/1720/1559 1702/1702/1544 1697/1697/1539
f 1723/1721/1560 1722/1722/1561 1721/1723/1562
f 1724/1724/1563 1721/1723/1562 1722/1722/1561
f 1721/1723/1562 1725/1725/1564 1723/1721/1560
f 1726/1726/1565 1723/1721/1560 1725/1725/1564
f 1722/1722/1561 1723/1721/1560 1727/1727/1566
f 1728/1728/1567 1727/1727/1566 1723/1721/1560
f 1728/1728/1567 1729/1729/1568 1727/1727/1566
f 1729/1729/1568 1728/1728/1567 1730/1730/1569
f 1731/1731/1570 1730/1730/1569 1728/1728/1567
f 1726/1726/1565 1731/1731/1570 1723/1721/1560
f 1728/1728/1567 1723/1721/1560 1731/1731/1570
f 1730/1730/1569 1731/1731/1570 1732/1732/1571
f 1733/1733/1572 1732/1732/1571 1731/1731/1570
f 1731/1731/1570 1726/1726/1565 1733/1733/1572
f 1733/1733/1572 1734/1734/1573 1732/1732/1571
f 1735/1735/1574 1732/1732/1571 1734/1734/1573
f 1734/1734/1573 1736/1736/1575 1735/1735/1574
f 1737/1737/1576 1735/1735/1574 1736/1736/1575
f 1738/1738/1576 1727/1727/1566 1729/1729/1568
f 1729/1729/1568 1739/1739/1577 1738/1738/1576
f 1740/1740/1578 1738/1738/1576 1739/1739/1577
f 1739/1739/1577 1741/1741/1579 1740/1740/1578
f 1742/1742/1580 1740/1740/1578 1741/1741/1579
f 1739/1739/1577 1743/1743/1372 1741/1741/1579
f 1744/1744/1581 1743/1743/1372 1739/1739/1577
f 1730/1730/1569 1744/1744/1581 1729/1729/1568
f 1739/1739/1577 1729/1729/1568 1744/1744/1581
f 1743/1743/1372 1744/1744/1581 1745/1745/1582
f 1746/1746/1583 1745/1745/1582 1744/1744/1581
f 1732/1732/1571 1735/1735/1574 1746/1746/1583
f 1745/1745/1582 1746/1746/1583 1747/1747/1374
f 1748/1748/1584 1747/1747/1374 1746/1746/1583
f 1748/1748/1584 1746/1746/1583 1735/1735/1574
f 1735/1735/1574 1737/1737/1576 1748/1748/1584
f 1748/1748/1584 1749/1749/1578 1747/1747/1374
f 1749/1749/1578 1748/1748/1584 1737/1737/1576
f 1750/1750/1375 1747/1747/1374 1749/1749/1578
f 1744/1744/1581 1730/1730/1569 1746/1746/1583
f 1732/1732/1571 1746/1746/1583 1730/1730/1569
f 1753/1751/1585 1752/1752/1586 1751/1753/1587
f 1752/1752/1586 1753/1751/1585 1754/1754/1588
f 1754/1754/1588 1753/1751/1585 1755/1755/1589
f 1756/1756/1590 1754/1754/1588 1755/1755/1589
f 1756/1756/1590 1757/1757/1591 1754/1754/1588
f 1757/1757/1591 1758/1758/1592 1754/1754/1588
f 1754/1754/1588 1758/1758/1592 1759/1759/1593
f 1752/1752/1586 1754/1754/1588 1759/1759/1593
f 1755/1755/1589 1760/1760/1541 1756/1756/1590
f 1761/1761/1594 1756/1756/1590 1760/1760/1541
f 1756/1756/1590 1761/1761/1594 1757/1757/1591
f 1762/1762/1553 1757/1757/1591 1761/1761/1594
f 1757/1757/1591 1762/1762/1553 1758/1758/1592
f 1763/1763/1595 1758/1758/1592 1762/1762/1553
f 1758/1758/1592 1763/1763/1595 1759/1759/1593
f 1764/1764/1558 1759/1759/1593 1763/1763/1595
f 1759/1759/1593 1764/1764/1558 1752/1752/1586
f 1765/1765/1596 1752/1752/1586 1764/1764/1558
f 1752/1752/1586 1765/1765/1596 1751/1753/1587
f 1766/1766/1539 1751/1753/1587 1765/1765/1596
f 1751/1753/1587 1766/1766/1539 1753/1751/1585
f 1767/1767/1540 1753/1751/1585 1766/1766/1539
f 1753/1751/1585 1767/1767/1540 1755/1755/1589
f 1760/1760/1541 1755/1755/1589 1767/1767/1540
f 1770/1768/1597 1769/1769/1551 1768/1770/1598
f 1769/1769/1551 1771/1771/1555 1768/1770/1598
f 1768/1770/1598 1771/1771/1555 1772/1772/1599
f 1773/1773/1542 1772/1772/1599 1771/1771/1555
f 1774/1774/1536 1772/1772/1599 1773/1773/1542
f 1774/1774/1536 1775/1775/1600 1772/1772/1599
f 1775/1775/1600 1774/1774/1536 1776/1776/1601
f 1777/1777/1602 1776/1776/1601 1774/1774/1536
f 1770/1768/1597 1778/1778/1603 1769/1769/1551
f 1770/1768/1597 1779/1779/1604 1778/1778/1603
f 1780/1780/1547 1778/1778/1603 1779/1779/1604
f 1780/1780/1547 1779/1779/1604 1781/1781/1545
f 1782/1782/1605 1781/1781/1545 1779/1779/1604
f 1782/1782/1605 1783/1783/1601 1781/1781/1545
f 1784/1784/1602 1781/1781/1545 1783/1783/1601
f 1537/1537/1389 1786/1785/1606 1785/1786/1607
f 1665/1665/1508 1664/1664/1507 1725/1725/1564
f 1787/1787/1608 1725/1725/1564 1664/1664/1507
f 1787/1787/1608 1664/1664/1507 1788/1788/1609
f 1663/1663/1506 1788/1788/1609 1664/1664/1507
f 1788/1788/1609 1663/1663/1506 1789/1789/1563
f 1667/1667/1510 1789/1789/1563 1663/1663/1506
f 1725/1725/1564 1721/1723/1562 1665/1665/1508
f 1790/1790/1610 1665/1665/1508 1721/1723/1562
f 1721/1723/1562 1724/1724/1563 1790/1790/1610
f 1791/1791/1510 1790/1790/1610 1724/1724/1563
f 1725/1725/1564 1787/1787/1608 1726/1726/1565
f 1792/1792/1611 1726/1726/1565 1787/1787/1608
f 1792/1792/1611 1733/1733/1572 1726/1726/1565
f 1733/1733/1572 1792/1792/1611 1734/1734/1573
f 1793/1793/1612 1734/1734/1573 1792/1792/1611
f 1788/1788/1609 1793/1793/1612 1787/1787/1608
f 1792/1792/1611 1787/1787/1608 1793/1793/1612
f 1734/1734/1573 1793/1793/1612 1736/1736/1575
f 1794/1794/1561 1736/1736/1575 1793/1793/1612
f 1789/1789/1563 1794/1794/1561 1788/1788/1609
f 1793/1793/1612 1788/1788/1609 1794/1794/1561
f 1790/1790/1610 1791/1791/1510 1681/1681/1524
f 1688/1688/1511 1681/1681/1524 1791/1791/1510
f 1681/1681/1524 1666/1666/1509 1790/1790/1610
f 1665/1665/1508 1790/1790/1610 1666/1666/1509
f 1795/1795/1613 1689/1689/1531 1695/1695/1537
f 1795/1795/1613 1695/1695/1537 1796/1796/1614
f 1701/1701/1543 1796/1796/1614 1695/1695/1537
f 1796/1796/1614 1701/1701/1543 1797/1797/1615
f 1704/1704/1546 1797/1797/1615 1701/1701/1543
f 1797/1797/1615 1704/1704/1546 1798/1798/1532
f 1706/1706/1534 1798/1798/1532 1704/1704/1546
f 1689/1689/1531 1795/1795/1613 1676/1676/1519
f 1674/1674/1517 1676/1676/1519 1795/1795/1613
f 1674/1674/1517 1795/1795/1613 1679/1679/1522
f 1796/1796/1614 1679/1679/1522 1795/1795/1613
f 1679/1679/1522 1796/1796/1614 1685/1685/1528
f 1797/1797/1615 1685/1685/1528 1796/1796/1614
f 1797/1797/1615 1798/1798/1532 1685/1685/1528
f 1686/1686/1529 1685/1685/1528 1798/1798/1532
f 1801/1799/1616 1800/1800/1617 1799/1801/1618
f 1799/1801/1618 1802/1802/1619 1801/1799/1616
f 1799/1801/1618 1800/1800/1617 1803/1803/1620
f 1804/1804/1621 1803/1803/1620 1800/1800/1617
f 1804/1804/1621 1805/1805/1622 1803/1803/1620
f 1806/1806/1623 1803/1803/1620 1805/1805/1622
f 1807/1807/1624 1803/1803/1620 1806/1806/1623
f 1805/1805/1622 1804/1804/1621 1808/1808/1625
f 1809/1809/1626 1808/1808/1625 1804/1804/1621
f 1804/1804/1621 1800/1800/1617 1809/1809/1626
f 1810/1810/1627 1809/1809/1626 1800/1800/1617
f 1810/1810/1627 1800/1800/1617 1811/1811/1628
f 1812/1812/1629 1811/1811/1628 1800/1800/1617
f 1812/1812/1629 1800/1800/1617 1801/1799/1616
f 1813/1813/1630 1812/1812/1629 1801/1799/1616
f 1814/1814/1631 1812/1812/1629 1813/1813/1630
f 1815/1815/1632 1814/1814/1631 1813/1813/1630
f 1813/1813/1630 1801/1799/1616 1816/1816/1633
f 1805/1805/1622 1817/1817/1634 1806/1806/1623
f 1818/1818/1635 1807/1807/1624 1806/1806/1623
f 1806/1806/1623 1817/1817/1634 1818/1818/1635
f 1818/1818/1635 1817/1817/1634 1819/1819/1636
f 1814/1814/1631 1820/1820/1637 1812/1812/1629
f 1819/1819/1636 1821/1821/1638 1818/1818/1635
f 1822/1822/1639 1818/1818/1635 1821/1821/1638
f 1818/1818/1635 1822/1822/1639 1807/1807/1624
f 1822/1822/1639 1821/1821/1638 1823/1823/1640
f 1822/1822/1639 1823/1823/1640 1824/1824/1641
f 1825/1825/1642 1824/1824/1641 1823/1823/1640
f 1826/1826/1643 1825/1825/1642 1823/1823/1640
f 1825/1825/1642 1827/1827/1644 1824/1824/1641
f 1828/1828/1645 1824/1824/1641 1827/1827/1644
f 1828/1828/1645 1829/1829/1646 1824/1824/1641
f 1807/1807/1624 1824/1824/1641 1829/1829/1646
f 1824/1824/1641 1807/1807/1624 1822/1822/1639
f 1830/1830/1647 1823/1823/1640 1821/1821/1638
f 1823/1823/1640 1830/1830/1647 1831/1831/1648
f 1827/1827/1644 1825/1825/1642 1832/1832/1649
f 1820/1820/1650 1834/1833/1651 1833/1834/1652
f 1833/1834/1652 1812/1812/1629 1835/1835/1653
f 1811/1811/1628 1812/1812/1629 1833/1834/1652
f 1836/1836/1654 1811/1811/1628 1833/1834/1652
f 1838/1837/1655 1837/1838/1656 1834/1833/1657
f 1838/1837/1655 1834/1833/1657 1839/1839/1658
f 1840/1840/1659 1839/1839/1658 1834/1833/1657
f 1840/1840/1659 1841/1841/1660 1839/1839/1658
f 1843/1842/1661 1807/1807/1624 1842/1843/1662
f 1843/1842/1661 1845/1844/1663 1844/1845/1664
f 1845/1844/1663 1843/1842/1661 1846/1846/1665
f 1847/1847/1666 1843/1842/1661 1844/1845/1664
f 1844/1845/1664 1848/1848/1667 1847/1847/1666
f 1848/1848/1667 1844/1845/1664 1849/1849/1668
f 1845/1844/1663 1850/1850/1669 1844/1845/1664
f 1851/1851/1670 1844/1845/1664 1850/1850/1669
f 1852/1852/1671 1844/1845/1664 1851/1851/1670
f 1852/1852/1671 1851/1851/1670 1853/1853/1672
f 1850/1850/1669 1854/1854/1673 1851/1851/1670
f 1843/1842/1661 1856/1855/1674 1855/1856/1675
f 1857/1857/1676 1855/1856/1675 1856/1855/1674
f 1803/1803/1620 1843/1842/1661 1855/1856/1675
f 1803/1803/1620 1855/1856/1675 1799/1801/1618
f 1855/1856/1675 1858/1858/1677 1799/1801/1618
f 1858/1858/1677 1859/1859/1678 1799/1801/1618
f 1859/1859/1678 1858/1858/1677 1860/1860/1679
f 1861/1861/1680 1860/1860/1679 1858/1858/1677
f 1860/1860/1679 1862/1862/1681 1859/1859/1678
f 1802/1802/1619 1859/1859/1678 1862/1862/1681
f 1859/1859/1678 1802/1802/1619 1799/1801/1618
f 1802/1802/1619 1862/1862/1681 1863/1863/1682
f 1860/1860/1679 1861/1861/1680 1864/1864/1683
f 1860/1860/1679 1864/1864/1683 1862/1862/1681
f 1865/1865/1684 1864/1864/1683 1861/1861/1680
f 1861/1861/1680 1866/1866/1685 1865/1865/1684
f 1867/1867/1686 1865/1865/1684 1866/1866/1685
f 1868/1868/1687 1862/1862/1681 1864/1864/1683
f 1869/1869/1688 1868/1868/1687 1864/1864/1683
f 1864/1864/1683 1865/1865/1684 1869/1869/1688
f 1862/1862/1681 1868/1868/1687 1870/1870/1685
f 1870/1870/1685 1871/1871/1689 1862/1862/1681
f 1872/1872/1690 1870/1870/1685 1868/1868/1687
f 1866/1866/1685 1861/1861/1680 1873/1873/1691
f 1858/1858/1677 1873/1873/1691 1861/1861/1680
f 1863/1863/1682 1801/1799/1616 1802/1802/1619
f 1868/1868/1687 1869/1869/1688 1874/1874/1692
f 1872/1872/1690 1868/1868/1687 1875/1875/1693
f 1865/1865/1684 1876/1876/1694 1869/1869/1688
f 1867/1867/1686 1877/1877/1695 1865/1865/1684
f 1816/1816/1633 1801/1799/1616 1878/1878/1696
f 1878/1878/1696 1879/1879/1697 1816/1816/1633
f 1880/1880/1698 1816/1816/1633 1879/1879/1697
f 1816/1816/1633 1880/1880/1698 1881/1881/1699
f 1882/1882/1700 1881/1881/1699 1880/1880/1698
f 1879/1879/1697 1883/1883/1701 1880/1880/1698
f 1884/1884/1702 1880/1880/1698 1883/1883/1701
f 1880/1880/1698 1884/1884/1702 1882/1882/1700
f 1885/1885/1703 1882/1882/1700 1884/1884/1702
f 1883/1883/1701 1886/1886/1704 1884/1884/1702
f 1884/1884/1702 1886/1886/1704 1887/1887/1705
f 1885/1885/1703 1884/1884/1702 1887/1887/1705
f 1881/1881/1699 1813/1813/1630 1816/1816/1633
f 1888/1888/1706 1815/1815/1632 1813/1813/1630
f 1890/1889/1707 1889/1890/1667 1815/1815/1632
f 1891/1891/1708 1815/1815/1632 1889/1890/1667
f 1815/1815/1632 1891/1891/1708 1892/1892/1709
f 1889/1890/1667 1893/1893/1710 1891/1891/1708
f 1891/1891/1711 1895/1894/1712 1894/1895/1663
f 1896/1896/1713 1894/1895/1663 1895/1894/1712
f 1895/1894/1712 1897/1897/1714 1896/1896/1713
f 1894/1895/1663 1898/1898/1715 1891/1891/1711
f 1895/1894/1712 1891/1891/1711 1899/1899/1716
f 1899/1899/1716 1900/1900/1717 1895/1894/1712
f 1901/1901/1718 1814/1814/1631 1815/1815/1632
f 1903/1902/1636 1814/1814/1631 1902/1903/1719
f 1902/1903/1719 1904/1904/1645 1903/1902/1636
f 1905/1905/1720 1903/1902/1636 1904/1904/1645
f 1904/1904/1645 1906/1906/1644 1905/1905/1720
f 1907/1907/1647 1905/1905/1720 1906/1906/1644
f 1906/1906/1644 1908/1908/1721 1907/1907/1647
f 1909/1909/1634 1814/1814/1631 1903/1902/1636
f 1814/1814/1631 1909/1909/1634 1820/1820/1637
f 1907/1907/1722 1911/1910/1723 1910/1911/1724
f 1914/1912/1725 1913/1913/1726 1912/1914/1727
f 1914/1912/1725 1915/1915/1728 1913/1913/1726
f 1916/1916/1729 1913/1913/1726 1915/1915/1728
f 1915/1915/1728 1917/1917/1730 1916/1916/1729
f 1918/1918/1731 1916/1916/1729 1917/1917/1730
f 1918/1918/1731 1919/1919/1732 1916/1916/1729
f 1920/1920/1733 1916/1916/1729 1919/1919/1732
f 1920/1920/1733 1921/1921/1734 1916/1916/1729
f 1917/1917/1730 1915/1915/1728 1922/1922/1658
f 1923/1923/1655 1922/1922/1658 1915/1915/1728
f 1912/1914/1727 1913/1913/1726 1805/1805/1622
f 1924/1924/1735 1805/1805/1622 1913/1913/1726
f 1924/1924/1735 1913/1913/1726 1916/1916/1729
f 1924/1924/1735 1916/1916/1729 1925/1925/1736
f 1925/1925/1736 1817/1817/1634 1924/1924/1735
f 1817/1817/1634 1805/1805/1622 1924/1924/1735
f 1808/1808/1625 1912/1914/1727 1805/1805/1622
f 1918/1918/1731 1926/1926/1737 1919/1919/1732
f 1917/1917/1730 1926/1926/1737 1918/1918/1731
f 1922/1922/1658 1926/1926/1737 1917/1917/1730
f 1923/1923/1655 1915/1915/1728 1927/1927/1652
f 1855/1856/1675 1929/1928/1738 1928/1929/1739
f 1929/1928/1738 1931/1930/1740 1930/1931/1701
f 1931/1930/1740 1929/1928/1738 1932/1932/1741
f 1934/1933/1742 1930/1931/1701 1933/1934/1743
f 1933/1934/1743 1857/1857/1676 1934/1933/1742
f 1935/1935/1703 1934/1933/1742 1857/1857/1676
f 1935/1935/1703 1936/1936/1744 1934/1933/1742
f 1934/1933/1742 1936/1936/1744 1937/1937/1745
f 1930/1931/1701 1934/1933/1742 1937/1937/1745
f 1938/1938/1746 1858/1858/1677 1855/1856/1675
f 1940/1939/1747 1939/1940/1748 1857/1857/1700
f 1942/1941/1749 1941/1942/1750 1895/1894/1751
f 1944/1943/1752 1851/1851/1670 1943/1944/1753
f 1843/1842/1661 1803/1803/1620 1807/1807/1624
f 1947/1945/1754 1946/1946/1755 1945/1947/1756
f 1948/1948/1757 1945/1947/1756 1946/1946/1755
f 1948/1948/1757 1949/1949/1758 1945/1947/1756
f 1949/1949/1758 1948/1948/1757 1950/1950/1759
f 1949/1949/1758 1950/1950/1759 1951/1951/1760
f 1952/1952/1761 1951/1951/1760 1950/1950/1759
f 1952/1952/1761 1950/1950/1759 1953/1953/1762
f 1954/1954/1763 1953/1953/1762 1950/1950/1759
f 1951/1951/1760 1955/1955/1764 1949/1949/1758
f 1956/1956/1765 1949/1949/1758 1955/1955/1764
f 1956/1956/1765 1945/1947/1756 1949/1949/1758
f 1957/1957/1766 1950/1950/1759 1948/1948/1757
f 1950/1950/1759 1957/1957/1766 1954/1954/1763
f 1948/1948/1757 1946/1946/1755 1957/1957/1766
f 1958/1958/1767 1954/1954/1763 1957/1957/1766
f 1959/1959/1768 1957/1957/1766 1946/1946/1755
f 1958/1958/1767 1957/1957/1766 1959/1959/1768
f 1959/1959/1768 1960/1960/1769 1958/1958/1767
f 1961/1961/1770 1958/1958/1767 1960/1960/1769
f 1961/1961/1770 1960/1960/1769 1962/1962/1771
f 1961/1961/1770 1962/1962/1771 1963/1963/1772
f 1964/1964/1773 1963/1963/1772 1962/1962/1771
f 1963/1963/1772 1964/1964/1773 1965/1965/1774
f 1966/1966/1775 1965/1965/1774 1964/1964/1773
f 1967/1967/1776 1962/1962/1771 1960/1960/1769
f 1958/1958/1767 1961/1961/1770 1968/1968/1777
f 1963/1963/1772 1968/1968/1777 1961/1961/1770
f 1954/1954/1763 1958/1958/1767 1969/1969/1778
f 1968/1968/1777 1969/1969/1778 1958/1958/1767
f 1968/1968/1777 1970/1970/1779 1969/1969/1778
f 1971/1971/1780 1970/1970/1779 1968/1968/1777
f 1968/1968/1777 1963/1963/1772 1971/1971/1780
f 1965/1965/1774 1971/1971/1780 1963/1963/1772
f 1960/1960/1769 1972/1972/1781 1967/1967/1776
f 1960/1960/1769 1959/1959/1768 1972/1972/1781
f 1973/1973/1782 1967/1967/1776 1972/1972/1781
f 1973/1973/1782 1972/1972/1781 1974/1974/1783
f 1975/1975/1784 1974/1974/1783 1972/1972/1781
f 1972/1972/1781 1946/1946/1755 1975/1975/1784
f 1947/1945/1754 1975/1975/1784 1946/1946/1755
f 1946/1946/1755 1972/1972/1781 1959/1959/1768
f 1970/1970/1779 1976/1976/1765 1969/1969/1778
f 1964/1964/1773 1977/1977/1785 1966/1966/1775
f 1978/1978/1786 1966/1966/1775 1977/1977/1785
f 1977/1977/1785 1979/1979/1787 1978/1978/1786
f 1980/1980/1788 1978/1978/1786 1979/1979/1787
f 1980/1980/1788 1979/1979/1787 1981/1981/1789
f 1982/1982/1790 1981/1981/1789 1979/1979/1787
f 1979/1979/1787 1983/1983/1791 1982/1982/1790
f 1979/1979/1787 1977/1977/1785 1983/1983/1791
f 1984/1984/1792 1982/1982/1790 1983/1983/1791
f 1984/1984/1792 1983/1983/1791 1985/1985/1793
f 1986/1986/1794 1984/1984/1792 1985/1985/1793
f 1987/1987/1795 1984/1984/1792 1986/1986/1794
f 1982/1982/1790 1984/1984/1792 1987/1987/1795
f 1982/1982/1790 1987/1987/1795 1988/1988/1796
f 1983/1983/1791 1989/1989/1797 1985/1985/1793
f 1989/1989/1797 1990/1990/1798 1985/1985/1793
f 1990/1990/1798 1989/1989/1797 1991/1991/1799
f 1992/1992/1800 1991/1991/1799 1989/1989/1797
f 1991/1991/1799 1992/1992/1800 1993/1993/1789
f 1994/1994/1788 1993/1993/1789 1992/1992/1800
f 1991/1991/1799 1995/1995/1801 1990/1990/1798
f 1996/1996/1802 1990/1990/1798 1995/1995/1801
f 1996/1996/1802 1995/1995/1801 1997/1997/1803
f 1998/1998/1804 1996/1996/1802 1997/1997/1803
f 1998/1998/1804 1997/1997/1803 1999/1999/1805
f 2000/2000/1806 1998/1998/1804 1999/1999/1805
f 1998/1998/1804 2000/2000/1806 2001/2001/1807
f 1998/1998/1804 2001/2001/1807 1996/1996/1802
f 2002/2002/1808 2001/2001/1807 2000/2000/1806
f 2003/2003/1805 2002/2002/1808 2000/2000/1806
f 2003/2003/1805 2004/2004/1809 2002/2002/1808
f 2004/2004/1809 2005/2005/1810 2002/2002/1808
f 2001/2001/1807 2002/2002/1808 2005/2005/1810
f 1988/1988/1796 2005/2005/1810 2004/2004/1809
f 2006/2006/1811 1996/1996/1802 2001/2001/1807
f 2007/2007/1812 1996/1996/1802 2006/2006/1811
f 1987/1987/1795 2005/2005/1810 1988/1988/1796
f 2007/2007/1812 1990/1990/1798 1996/1996/1802
f 2007/2007/1812 2008/2008/1813 1990/1990/1798
f 1990/1990/1798 2008/2008/1813 1985/1985/1793
f 2011/2009/1814 2010/2010/1815 2009/2011/1816
f 2012/2012/1817 2009/2011/1816 2010/2010/1815
f 2009/2011/1816 2012/2012/1817 2013/2013/1818
f 2014/2014/1819 2013/2013/1818 2012/2012/1817
f 2010/2010/1815 2015/2015/1820 2012/2012/1817
f 2016/2016/1821 2012/2012/1817 2015/2015/1820
f 2016/2016/1821 2015/2015/1820 2017/2017/1822
f 2017/2017/1822 2018/2018/1823 2016/2016/1821
f 2019/2019/1824 2016/2016/1821 2018/2018/1823
f 2016/2016/1821 2019/2019/1824 2012/2012/1817
f 2014/2014/1819 2012/2012/1817 2019/2019/1824
f 2018/2018/1823 2020/2020/1825 2019/2019/1824
f 2021/2021/1826 2019/2019/1824 2020/2020/1825
f 2019/2019/1824 2021/2021/1826 2014/2014/1819
f 2021/2021/1826 2020/2020/1825 2022/2022/1827
f 2023/2023/1828 2022/2022/1827 2020/2020/1825
f 2022/2022/1827 2023/2023/1828 2024/2024/1829
f 2025/2025/1830 2024/2024/1829 2023/2023/1828
f 2026/2026/1830 2017/2017/1822 2015/2015/1820
f 2017/2017/1822 2026/2026/1830 2027/2027/1831
f 2028/2028/1832 2027/2027/1831 2026/2026/1830
f 2027/2027/1831 2028/2028/1832 2029/2029/1833
f 2030/2030/1834 2029/2029/1833 2028/2028/1832
f 2031/2031/1625 2027/2027/1831 2029/2029/1833
f 2031/2031/1625 2032/2032/1835 2027/2027/1831
f 2027/2027/1831 2032/2032/1835 2017/2017/1822
f 2018/2018/1823 2017/2017/1822 2032/2032/1835
f 2031/2031/1625 2033/2033/1836 2032/2032/1835
f 2034/2034/1837 2032/2032/1835 2033/2033/1836
f 2020/2020/1825 2034/2034/1837 2023/2023/1828
f 2033/2033/1836 2035/2035/1627 2034/2034/1837
f 2036/2036/1838 2034/2034/1837 2035/2035/1627
f 2036/2036/1838 2023/2023/1828 2034/2034/1837
f 2023/2023/1828 2036/2036/1838 2025/2025/1830
f 2036/2036/1838 2035/2035/1627 2037/2037/1832
f 2037/2037/1832 2025/2025/1830 2036/2036/1838
f 2038/2038/1628 2037/2037/1832 2035/2035/1627
f 2032/2032/1835 2034/2034/1837 2018/2018/1823
f 2020/2020/1825 2018/2018/1823 2034/2034/1837
f 2041/2039/1839 2040/2040/1840 2039/2041/1841
f 2040/2040/1840 2041/2039/1839 2042/2042/1842
f 2040/2040/1840 2042/2042/1842 2043/2043/1843
f 2042/2042/1842 2044/2044/1844 2043/2043/1843
f 2045/2045/1845 2044/2044/1844 2042/2042/1842
f 2046/2046/1846 2045/2045/1845 2042/2042/1842
f 2046/2046/1846 2042/2042/1842 2047/2047/1847
f 2042/2042/1842 2041/2039/1839 2047/2047/1847
f 2043/2043/1843 2044/2044/1844 2048/2048/1795
f 2049/2049/1848 2048/2048/1795 2044/2044/1844
f 2044/2044/1844 2045/2045/1845 2049/2049/1848
f 2050/2050/1807 2049/2049/1848 2045/2045/1845
f 2045/2045/1845 2046/2046/1846 2050/2050/1807
f 2051/2051/1849 2050/2050/1807 2046/2046/1846
f 2046/2046/1846 2047/2047/1847 2051/2051/1849
f 2052/2052/1812 2051/2051/1849 2047/2047/1847
f 2047/2047/1847 2041/2039/1839 2052/2052/1812
f 2053/2053/1850 2052/2052/1812 2041/2039/1839
f 2041/2039/1839 2039/2041/1841 2053/2053/1850
f 2054/2054/1793 2053/2053/1850 2039/2041/1841
f 2039/2041/1841 2040/2040/1840 2054/2054/1793
f 2055/2055/1794 2054/2054/1793 2040/2040/1840
f 2048/2048/1795 2055/2055/1794 2043/2043/1843
f 2040/2040/1840 2043/2043/1843 2055/2055/1794
f 2058/2056/1805 2057/2057/1851 2056/2058/1852
f 2059/2059/1853 2058/2056/1805 2056/2058/1852
f 2056/2058/1852 2060/2060/1854 2059/2059/1853
f 2061/2061/1796 2059/2059/1853 2060/2060/1854
f 2060/2060/1854 2062/2062/1790 2061/2061/1796
f 2063/2063/1855 2062/2062/1790 2060/2060/1854
f 2063/2063/1855 2064/2064/1856 2062/2062/1790
f 2065/2065/1857 2062/2062/1790 2064/2064/1856
f 2066/2066/1858 2057/2057/1851 2058/2056/1805
f 2057/2057/1851 2066/2066/1858 2067/2067/1859
f 2068/2068/1801 2067/2067/1859 2066/2066/1858
f 2068/2068/1801 2069/2069/1799 2067/2067/1859
f 2070/2070/1860 2067/2067/1859 2069/2069/1799
f 2070/2070/1860 2069/2069/1799 2071/2071/1856
f 2072/2072/1857 2071/2071/1856 2069/2069/1799
f 2074/2073/1861 1825/1825/1642 2073/2074/1862
f 2075/2075/1863 1952/1952/1761 2013/2013/1818
f 1953/1953/1762 2013/2013/1818 1952/1952/1761
f 2075/2075/1863 2076/2076/1864 1952/1952/1761
f 1951/1951/1760 1952/1952/1761 2076/2076/1864
f 2076/2076/1864 2077/2077/1814 1951/1951/1760
f 1955/1955/1764 1951/1951/1760 2077/2077/1814
f 2013/2013/1818 1953/1953/1762 2009/2011/1816
f 2078/2078/1865 2009/2011/1816 1953/1953/1762
f 2009/2011/1816 2078/2078/1865 2011/2009/1814
f 2079/2079/1764 2011/2009/1814 2078/2078/1865
f 2013/2013/1818 2014/2014/1819 2075/2075/1863
f 2080/2080/1866 2075/2075/1863 2014/2014/1819
f 2080/2080/1866 2014/2014/1819 2021/2021/1826
f 2021/2021/1826 2022/2022/1827 2080/2080/1866
f 2081/2081/1867 2080/2080/1866 2022/2022/1827
f 2080/2080/1866 2081/2081/1867 2075/2075/1863
f 2076/2076/1864 2075/2075/1863 2081/2081/1867
f 2022/2022/1827 2024/2024/1829 2081/2081/1867
f 2082/2082/1815 2081/2081/1867 2024/2024/1829
f 2081/2081/1867 2082/2082/1815 2076/2076/1864
f 2077/2077/1814 2076/2076/1864 2082/2082/1815
f 2078/2078/1865 1969/1969/1778 2079/2079/1764
f 1976/1976/1765 2079/2079/1764 1969/1969/1778
f 1969/1969/1778 2078/2078/1865 1954/1954/1763
f 1953/1953/1762 1954/1954/1763 2078/2078/1865
f 2083/2083/1868 1983/1983/1791 1977/1977/1785
f 2083/2083/1868 2084/2084/1869 1983/1983/1791
f 1989/1989/1797 1983/1983/1791 2084/2084/1869
f 2084/2084/1869 2085/2085/1870 1989/1989/1797
f 1992/1992/1800 1989/1989/1797 2085/2085/1870
f 2085/2085/1870 2086/2086/1786 1992/1992/1800
f 1994/1994/1788 1992/1992/1800 2086/2086/1786
f 1977/1977/1785 1964/1964/1773 2083/2083/1868
f 1962/1962/1771 2083/2083/1868 1964/1964/1773
f 2084/2084/1869 2083/2083/1868 1967/1967/1776
f 1962/1962/1771 1967/1967/1776 2083/2083/1868
f 2085/2085/1870 2084/2084/1869 1973/1973/1782
f 1967/1967/1776 1973/1973/1782 2084/2084/1869
f 2085/2085/1870 1973/1973/1782 2086/2086/1786
f 1974/1974/1783 2086/2086/1786 1973/1973/1782
f 2089/2087/1871 2088/2088/1872 2087/2089/1873
f 2087/2089/1873 2088/2088/1872 2090/2090/1874
f 2087/2089/1873 2091/2091/1875 2089/2087/1871
f 2092/2092/1876 2089/2087/1871 2091/2091/1875
f 2091/2091/1875 2093/2093/1877 2092/2092/1876
f 2093/2093/1877 2091/2091/1875 2094/2094/1878
f 2093/2093/1877 2094/2094/1878 2095/2095/1879
f 2096/2096/1880 2095/2095/1879 2094/2094/1878
f 2093/2093/1877 2095/2095/1879 2097/2097/1881
f 2097/2097/1881 2092/2092/1876 2093/2093/1877
f 2098/2098/1882 2097/2097/1881 2095/2095/1879
f 2099/2099/1883 2094/2094/1878 2091/2091/1875
f 2091/2091/1875 2100/2100/1884 2099/2099/1883
f 2091/2091/1875 2087/2089/1873 2100/2100/1884
f 2099/2099/1883 2100/2100/1884 2101/2101/1885
f 2102/2102/1886 2101/2101/1885 2100/2100/1884
f 2102/2102/1886 2100/2100/1884 2103/2103/1887
f 2103/2103/1887 2100/2100/1884 2104/2104/1888
f 2104/2104/1888 2100/2100/1884 2105/2105/1889
f 2106/2106/1890 2102/2102/1886 2103/2103/1887
f 2103/2103/1887 2104/2104/1888 2106/2106/1890
f 2102/2102/1886 2107/2107/1891 2101/2101/1885
f 2108/2108/1892 2101/2101/1885 2107/2107/1891
f 2106/2106/1890 2109/2109/1893 2102/2102/1886
f 2107/2107/1891 2102/2102/1886 2109/2109/1893
f 2110/2110/1894 2109/2109/1893 2106/2106/1890
f 2110/2110/1894 2111/2111/1895 2109/2109/1893
f 2107/2107/1891 2112/2112/1896 2108/2108/1892
f 2107/2107/1891 2113/2113/1897 2112/2112/1896
f 2107/2107/1891 2109/2109/1893 2113/2113/1897
f 2114/2114/1898 2108/2108/1892 2112/2112/1896
f 2112/2112/1896 2115/2115/1899 2114/2114/1898
f 2116/2116/1900 2114/2114/1898 2115/2115/1899
f 2115/2115/1899 2112/2112/1896 2117/2117/1901
f 2112/2112/1896 2113/2113/1897 2117/2117/1901
f 2116/2116/1900 2118/2118/1902 2114/2114/1898
f 2108/2108/1892 2114/2114/1898 2118/2118/1902
f 2115/2115/1899 2119/2119/1903 2116/2116/1900
f 2119/2119/1903 2115/2115/1899 2120/2120/1904
f 2121/2121/1905 2120/2120/1904 2115/2115/1899
f 2117/2117/1901 2121/2121/1905 2115/2115/1899
f 2122/2122/1906 2116/2116/1900 2119/2119/1903
f 2116/2116/1900 2122/2122/1906 2123/2123/1907
f 2116/2116/1900 2123/2123/1907 2118/2118/1902
f 2124/2124/1908 2123/2123/1907 2122/2122/1906
f 2123/2123/1907 2125/2125/1909 2118/2118/1902
f 2126/2126/1910 2118/2118/1902 2125/2125/1909
f 2127/2127/1911 2125/2125/1909 2123/2123/1907
f 2127/2127/1911 2123/2123/1907 2124/2124/1908
f 2127/2127/1911 2128/2128/1912 2125/2125/1909
f 2129/2129/1913 2128/2128/1912 2127/2127/1911
f 2129/2129/1913 2127/2127/1911 2124/2124/1908
f 2128/2128/1912 2129/2129/1913 2130/2130/1914
f 2130/2130/1914 2131/2131/1915 2128/2128/1912
f 2132/2132/1916 2128/2128/1912 2131/2131/1915
f 2128/2128/1912 2132/2132/1916 2125/2125/1909
f 2131/2131/1915 2133/2133/1917 2132/2132/1916
f 2134/2134/1918 2132/2132/1916 2133/2133/1917
f 2135/2135/1919 2131/2131/1915 2130/2130/1914
f 2125/2125/1909 2132/2132/1916 2136/2136/1920
f 2134/2134/1918 2136/2136/1920 2132/2132/1916
f 2136/2136/1920 2126/2126/1910 2125/2125/1909
f 2137/2137/1921 2136/2136/1920 2134/2134/1918
f 2129/2129/1913 2124/2124/1908 2138/2138/1922
f 2139/2139/1923 2137/2137/1921 2134/2134/1918
f 2139/2139/1923 2134/2134/1918 2133/2133/1917
f 2139/2139/1923 2133/2133/1917 2140/2140/1924
f 2139/2139/1923 2140/2140/1924 2141/2141/1925
f 2142/2142/1926 2141/2141/1925 2140/2140/1924
f 2096/2096/1880 2139/2139/1923 2141/2141/1925
f 2096/2096/1880 2137/2137/1921 2139/2139/1923
f 2096/2096/1880 2094/2094/1878 2137/2137/1921
f 2143/2143/1927 2137/2137/1921 2094/2094/1878
f 2137/2137/1921 2143/2143/1927 2136/2136/1920
f 2094/2094/1878 2099/2099/1883 2143/2143/1927
f 2101/2101/1885 2143/2143/1927 2099/2099/1883
f 2101/2101/1885 2108/2108/1892 2143/2143/1927
f 2126/2126/1910 2143/2143/1927 2108/2108/1892
f 2143/2143/1927 2126/2126/1910 2136/2136/1920
f 2126/2126/1910 2108/2108/1892 2118/2118/1902
f 2144/2144/1928 2142/2142/1926 2140/2140/1924
f 2144/2144/1928 2140/2140/1924 2133/2133/1917
f 2145/2145/1929 2144/2144/1928 2133/2133/1917
f 2145/2145/1929 2133/2133/1917 2131/2131/1915
f 2147/2146/1930 2146/2147/1931 2131/2131/1915
f 2135/2135/1919 2147/2146/1930 2131/2131/1915
f 2149/2148/1932 2148/2149/1933 2096/2096/1880
f 2095/2095/1879 2096/2096/1880 2148/2149/1933
f 2095/2095/1879 2150/2150/1934 2098/2098/1882
f 2151/2151/1935 2098/2098/1882 2150/2150/1934
f 2097/2097/1881 2098/2098/1882 2152/2152/1908
f 2097/2097/1881 2152/2152/1908 2092/2092/1876
f 2153/2153/1906 2092/2092/1876 2152/2152/1908
f 2092/2092/1876 2153/2153/1906 2154/2154/1936
f 2155/2155/1922 2152/2152/1908 2098/2098/1882
f 2092/2092/1876 2154/2154/1936 2089/2087/1871
f 2089/2087/1871 2154/2154/1936 2156/2156/1937
f 2154/2154/1936 2157/2157/1904 2156/2156/1937
f 2089/2087/1871 2156/2156/1937 2088/2088/1872
f 2154/2154/1936 2158/2158/1903 2157/2157/1904
f 2153/2153/1906 2158/2158/1903 2154/2154/1936
f 2159/2159/1938 2155/2155/1922 2098/2098/1882
f 2159/2159/1938 2098/2098/1882 2160/2160/1939
f 2161/2161/1940 2159/2159/1938 2160/2160/1939
f 2161/2161/1940 2160/2160/1939 2162/2162/1941
f 2162/2162/1941 2163/2163/1942 2161/2161/1940
f 2162/2162/1941 2164/2164/1943 2163/2163/1942
f 2167/2165/1944 2166/2166/1945 2165/2167/1946
f 2168/2168/1947 2165/2167/1946 2166/2166/1945
f 2168/2168/1947 2166/2166/1945 2169/2169/1948
f 2170/2170/1949 2169/2169/1948 2166/2166/1945
f 2165/2167/1946 2171/2171/1950 2167/2165/1944
f 2172/2172/1951 2167/2165/1944 2171/2171/1950
f 2171/2171/1950 2173/2173/1952 2172/2172/1951
f 2106/2106/1890 2172/2172/1951 2173/2173/1952
f 2172/2172/1951 2106/2106/1890 2174/2174/1953
f 2172/2172/1951 2174/2174/1953 2167/2165/1944
f 2167/2165/1944 2174/2174/1953 2166/2166/1945
f 2175/2175/1954 2171/2171/1950 2165/2167/1946
f 2170/2170/1949 2166/2166/1945 2105/2105/1889
f 2104/2104/1888 2105/2105/1889 2166/2166/1945
f 2174/2174/1953 2106/2106/1890 2104/2104/1888
f 2104/2104/1888 2166/2166/1945 2174/2174/1953
f 2176/2176/1955 2170/2170/1949 2105/2105/1889
f 2169/2169/1948 2170/2170/1949 2090/2090/1956
f 2105/2105/1889 2087/2089/1873 2176/2176/1955
f 2105/2105/1889 2100/2100/1884 2087/2089/1873
f 2178/2177/1942 2130/2130/1914 2177/2178/1940
f 2179/2179/1938 2177/2178/1940 2130/2130/1914
f 2179/2179/1938 2130/2130/1914 2129/2129/1913
f 2129/2129/1913 2138/2138/1922 2179/2179/1938
f 2178/2177/1942 2180/2180/1957 2130/2130/1914
f 2180/2180/1957 2135/2135/1919 2130/2130/1914
f 2183/2181/1958 2182/2182/1959 2181/2183/1960
f 2183/2181/1958 2181/2183/1960 2184/2184/1947
f 2184/2184/1947 2181/2183/1960 2185/2185/1946
f 2185/2185/1946 2181/2183/1960 2186/2186/1961
f 2187/2187/1962 2186/2186/1961 2181/2183/1960
f 2187/2187/1962 2181/2183/1960 2188/2188/1963
f 2181/2183/1960 2190/2189/1872 2189/2190/1964
f 2191/2191/1965 2189/2190/1964 2190/2189/1872
f 2189/2190/1964 2192/2192/1905 2181/2183/1960
f 2193/2193/1966 2181/2183/1960 2192/2192/1905
f 2193/2193/1966 2194/2194/1967 2181/2183/1960
f 2195/2195/1956 2190/2189/1872 2181/2183/1960
f 2198/2196/1968 2197/2197/1969 2196/2198/1970
f 2200/2199/1971 2199/2200/1972 2197/2197/1969
f 2200/2199/1971 2202/2201/1973 2201/2202/1974
f 2201/2202/1974 2204/2203/1975 2203/2204/1976
f 2206/2205/1977 2205/2206/1978 2199/2200/1972
f 2209/2207/1979 2208/2208/1980 2207/2209/1981
f 2209/2207/1979 2211/2210/1982 2210/2211/1983
f 2212/2212/1984 2210/2211/1983 2211/2210/1982
f 2213/2213/1985 2210/2211/1983 2212/2212/1984
f 2214/2214/1986 2210/2211/1983 2213/2213/1985
f 2212/2212/1984 2215/2215/1987 2213/2213/1985
f 2218/2216/1988 2217/2217/1989 2216/2218/1990
f 2111/2111/1895 2219/2219/1991 2109/2109/1893
f 2222/2220/1992 2221/2221/1984 2220/2222/1942
f 2221/2221/1984 2223/2223/1993 2220/2222/1942
f 2226/2224/1994 2225/2225/1995 2224/2226/1996
f 2227/2227/1997 2224/2226/1996 2225/2225/1995
f 2226/2224/1994 2224/2226/1996 2228/2228/1998
f 2228/2228/1998 2224/2226/1996 2229/2229/1999
f 2230/2230/2000 2229/2229/1999 2224/2226/1996
f 2229/2229/2001 2232/2231/2002 2231/2232/2003
f 2235/2233/1999 2234/2234/2003 2233/2235/1998
f 2236/2236/2004 2233/2235/1998 2234/2234/2003
f 2234/2234/2003 2237/2237/2005 2236/2236/2004
f 2238/2238/2006 2236/2236/2004 2237/2237/2005
f 2238/2238/2006 2239/2239/2007 2236/2236/2004
f 2239/2239/2007 2238/2238/2006 2240/2240/2008
f 2241/2241/2009 2240/2240/2008 2238/2238/2006
f 2236/2236/2004 2242/2242/2007 2233/2235/1998
f 2243/2243/1994 2233/2235/1998 2242/2242/2007
f 2242/2242/2007 2244/2244/2008 2243/2243/1994
f 2245/2245/2010 2243/2243/1994 2244/2244/2008
f 2248/2246/2011 2247/2247/2012 2246/2248/2013
f 2249/2249/2014 2248/2246/2011 2246/2248/2013
f 2250/2250/2015 2247/2247/2012 2248/2246/2011
f 2248/2246/2011 2251/2251/2016 2250/2250/2015
f 2248/2246/2011 2252/2252/2017 2251/2251/2016
f 2253/2253/2018 2250/2250/2015 2251/2251/2016
f 2252/2252/2017 2248/2246/2011 2254/2254/2019
f 2256/2255/2020 2251/2251/2021 2255/2256/2022
f 2258/2257/2018 2251/2251/2021 2257/2258/2020
f 2259/2259/2023 2258/2257/2018 2257/2258/2020
f 2258/2257/2018 2259/2259/2023 2260/2260/2015
f 2261/2261/2024 2260/2260/2015 2259/2259/2023
f 2259/2259/2023 2257/2258/2020 2261/2261/2024
f 2262/2262/2025 2261/2261/2024 2257/2258/2020
f 2260/2260/2015 2261/2261/2024 2263/2263/2026
f 2261/2261/2024 2264/2264/2027 2263/2263/2026
f 2263/2263/2026 2265/2265/2012 2260/2260/2015
f 2267/2266/2022 2266/2267/2028 2261/2261/2029
f 2270/2268/2030 2269/2269/2031 2268/2270/2032
f 2271/2271/2033 2268/2270/2032 2269/2269/2031
f 2270/2268/2030 2272/2272/2034 2269/2269/2031
f 2273/2273/2035 2269/2269/2031 2272/2272/2034
f 2274/2274/2036 2273/2273/2035 2272/2272/2034
f 2272/2272/2034 2275/2275/2037 2274/2274/2036
f 2272/2272/2034 2270/2268/2030 2275/2275/2037
f 2276/2276/2038 2274/2274/2036 2275/2275/2037
f 2270/2268/2030 2268/2270/2032 2277/2277/2039
f 2277/2277/2039 2275/2275/2037 2270/2268/2030
f 2278/2278/2040 2277/2277/2039 2268/2270/2032
f 2277/2277/2039 2279/2279/2041 2275/2275/2037
f 2280/2280/2042 2275/2275/2037 2279/2279/2041
f 2275/2275/2037 2280/2280/2042 2276/2276/2038
f 2280/2280/2042 2279/2279/2041 2281/2281/2043
f 2282/2282/2044 2281/2281/2043 2279/2279/2041
f 2279/2279/2041 2283/2283/2045 2282/2282/2044
f 2278/2278/2040 2283/2283/2045 2277/2277/2039
f 2279/2279/2041 2277/2277/2039 2283/2283/2045
f 2284/2284/2046 2282/2282/2044 2283/2283/2045
f 2269/2269/2031 2285/2285/2047 2271/2271/2033
f 2269/2269/2031 2273/2273/2035 2285/2285/2047
f 2286/2286/2048 2271/2271/2033 2285/2285/2047
f 2284/2284/2046 2287/2287/2049 2282/2282/2044
f 2287/2287/2049 2284/2284/2046 2288/2288/2050
f 2289/2289/2051 2288/2288/2050 2284/2284/2046
f 2289/2289/2051 2284/2284/2046 2283/2283/2045
f 2290/2290/2052 2289/2289/2051 2283/2283/2045
f 2283/2283/2045 2278/2278/2040 2290/2290/2052
f 2291/2291/2053 2282/2282/2044 2287/2287/2049
f 2291/2291/2053 2292/2292/2054 2282/2282/2044
f 2281/2281/2043 2282/2282/2044 2292/2292/2054
f 2292/2292/2054 2293/2293/2055 2281/2281/2043
f 2294/2294/2056 2281/2281/2043 2293/2293/2055
f 2281/2281/2043 2294/2294/2056 2295/2295/2057
f 2293/2293/2055 2296/2296/2058 2294/2294/2056
f 2297/2297/2059 2294/2294/2056 2296/2296/2058
f 2296/2296/2058 2298/2298/2060 2297/2297/2059
f 2298/2298/2060 2285/2285/2047 2273/2273/2035
f 2273/2273/2035 2297/2297/2059 2298/2298/2060
f 2294/2294/2056 2299/2299/2061 2295/2295/2057
f 2297/2297/2059 2299/2299/2061 2294/2294/2056
f 2274/2274/2036 2299/2299/2061 2297/2297/2059
f 2297/2297/2059 2273/2273/2035 2274/2274/2036
f 2274/2274/2036 2276/2276/2038 2299/2299/2061
f 2299/2299/2061 2276/2276/2038 2295/2295/2057
f 2295/2295/2057 2276/2276/2038 2280/2280/2042
f 2280/2280/2042 2281/2281/2043 2295/2295/2057
f 2290/2290/2052 2300/2300/2062 2289/2289/2051
f 2301/2301/2063 2300/2300/2062 2290/2290/2052
f 2301/2301/2063 2302/2302/2064 2300/2300/2062
f 2302/2302/2064 2303/2303/2065 2300/2300/2062
f 2304/2304/2066 2300/2300/2062 2303/2303/2065
f 2300/2300/2062 2304/2304/2066 2289/2289/2051
f 2288/2288/2050 2289/2289/2051 2304/2304/2066
f 2271/2271/2033 2305/2305/2067 2268/2270/2032
f 2305/2305/2067 2271/2271/2033 2306/2306/2068
f 2306/2306/2068 2307/2307/2069 2305/2305/2067
f 2308/2308/2070 2305/2305/2067 2307/2307/2069
f 2308/2308/2070 2307/2307/2069 2309/2309/2071
f 2310/2310/2072 2309/2309/2071 2307/2307/2069
f 2308/2308/2070 2309/2309/2071 2311/2311/2073
f 2312/2312/2074 2308/2308/2070 2311/2311/2073
f 2305/2305/2067 2312/2312/2074 2268/2270/2032
f 2305/2305/2067 2308/2308/2070 2312/2312/2074
f 2268/2270/2032 2312/2312/2074 2278/2278/2040
f 2313/2313/2075 2278/2278/2040 2312/2312/2074
f 2313/2313/2075 2290/2290/2052 2278/2278/2040
f 2286/2286/2048 2306/2306/2068 2271/2271/2033
f 2316/2314/2076 2315/2315/2077 2314/2316/2069
f 2317/2317/2078 2314/2316/2069 2315/2315/2077
f 2315/2315/2077 2318/2318/2064 2317/2317/2078
f 2319/2319/2079 2317/2317/2078 2318/2318/2064
f 2319/2319/2079 2318/2318/2064 2320/2320/2080
f 2321/2321/2081 2320/2320/2080 2318/2318/2064
f 2320/2320/2080 2321/2321/2081 2322/2322/2074
f 2323/2323/2082 2322/2322/2074 2321/2321/2081
f 2322/2322/2074 2323/2323/2082 2324/2324/2083
f 2314/2316/2069 2325/2325/2084 2316/2314/2076
f 2326/2326/2085 2316/2314/2076 2325/2325/2084
f 2325/2325/2084 2327/2327/2048 2326/2326/2085
f 2328/2328/2086 2326/2326/2085 2327/2327/2048
f 2327/2327/2048 2329/2329/2047 2328/2328/2086
f 2330/2330/2053 2328/2328/2086 2329/2329/2047
f 2330/2330/2053 2329/2329/2047 2331/2331/2054
f 2332/2332/2087 2331/2331/2054 2329/2329/2047
f 2331/2331/2054 2332/2332/2087 2333/2333/2088
f 2334/2334/2089 2333/2333/2088 2332/2332/2087
f 2337/2335/2090 2336/2336/2091 2335/2337/2092
f 2338/2338/2093 2335/2337/2092 2336/2336/2091
f 2335/2337/2092 2338/2338/2093 2339/2339/2094
f 2339/2339/2094 2340/2340/2095 2335/2337/2092
f 2341/2341/2096 2336/2336/2091 2337/2335/2090
f 2341/2341/2096 2337/2335/2090 2342/2342/2097
f 2336/2336/2091 2341/2341/2096 2343/2343/2098
f 2344/2344/2099 2343/2343/2098 2341/2341/2096
f 2340/2340/2095 2339/2339/2094 2345/2345/2100
f 2339/2339/2094 2346/2346/2101 2345/2345/2100
f 2339/2339/2094 2338/2338/2093 2346/2346/2101
f 2347/2347/2102 2345/2345/2100 2346/2346/2101
f 2348/2348/2103 2340/2340/2095 2345/2345/2100
f 2343/2343/2098 2349/2349/2104 2336/2336/2091
f 2338/2338/2093 2336/2336/2091 2349/2349/2104
f 2349/2349/2104 2346/2346/2101 2338/2338/2093
f 2349/2349/2104 2343/2343/2098 2350/2350/2105
f 2351/2351/2106 2350/2350/2105 2343/2343/2098
f 2343/2343/2098 2344/2344/2099 2351/2351/2106
f 2350/2350/2105 2352/2352/2107 2349/2349/2104
f 2346/2346/2101 2349/2349/2104 2352/2352/2107
f 2346/2346/2101 2352/2352/2107 2347/2347/2102
f 2352/2352/2107 2353/2353/2108 2347/2347/2102
f 2347/2347/2102 2353/2353/2108 2354/2354/2109
f 2351/2351/2106 2344/2344/2099 2355/2355/2110
f 2355/2355/2110 2344/2344/2099 2356/2356/2111
f 2359/2357/2112 2358/2358/2113 2357/2359/2114
f 2360/2360/2115 2357/2359/2114 2358/2358/2113
f 2358/2358/2113 2361/2361/2116 2360/2360/2115
f 2362/2362/2117 2360/2360/2115 2361/2361/2116
f 2362/2362/2117 2363/2363/2118 2360/2360/2115
f 2364/2364/2119 2360/2360/2115 2363/2363/2118
f 2363/2363/2118 2365/2365/2120 2364/2364/2119
f 2366/2366/2121 2364/2364/2119 2365/2365/2120
f 2364/2364/2119 2367/2367/2122 2360/2360/2115
f 2357/2359/2114 2360/2360/2115 2367/2367/2122
f 2364/2364/2119 2366/2366/2121 2367/2367/2122
f 2368/2368/2123 2367/2367/2122 2366/2366/2121
f 2365/2365/2120 2369/2369/2124 2366/2366/2121
f 2370/2370/2125 2366/2366/2121 2369/2369/2124
f 2358/2358/2113 2359/2357/2112 2370/2370/2125
f 2366/2366/2121 2370/2370/2125 2368/2368/2123
f 2358/2358/2113 2370/2370/2125 2371/2371/2126
f 2369/2369/2124 2372/2372/2127 2370/2370/2125
f 2373/2373/2128 2370/2370/2125 2359/2357/2112
f 2373/2373/2128 2368/2368/2123 2370/2370/2125
f 2371/2371/2126 2374/2374/2129 2362/2362/2117
f 2362/2362/2117 2374/2374/2129 2363/2363/2118
f 2363/2363/2118 2374/2374/2129 2365/2365/2120
f 2369/2369/2124 2374/2374/2129 2371/2371/2126
f 2365/2365/2120 2374/2374/2129 2369/2369/2124
f 2377/2375/2130 2376/2376/2131 2375/2377/2132
f 2378/2378/2133 2375/2377/2132 2376/2376/2131
f 2376/2376/2131 2379/2379/2134 2378/2378/2133
f 2376/2376/2131 2380/2380/2135 2379/2379/2134
f 2380/2380/2135 2376/2376/2131 2377/2375/2130
f 2381/2381/2136 2379/2379/2134 2380/2380/2135
f 2380/2380/2135 2382/2382/2137 2381/2381/2136
f 2380/2380/2135 2383/2383/2138 2382/2382/2137
f 2383/2383/2138 2380/2380/2135 2377/2375/2130
f 2384/2384/2139 2382/2382/2137 2383/2383/2138
f 2385/2385/2140 2381/2381/2136 2382/2382/2137
f 2386/2386/2141 2378/2378/2133 2379/2379/2134
f 2386/2386/2141 2387/2387/2142 2378/2378/2133
f 2388/2388/2143 2378/2378/2133 2387/2387/2142
f 2382/2382/2137 2384/2384/2139 2389/2389/2144
f 2390/2390/2145 2389/2389/2144 2384/2384/2139
f 2390/2390/2145 2391/2391/2146 2389/2389/2144
f 2392/2392/2147 2389/2389/2144 2391/2391/2146
f 2389/2389/2144 2392/2392/2147 2393/2393/2148
f 2389/2389/2144 2393/2393/2148 2382/2382/2137
f 2385/2385/2140 2382/2382/2137 2393/2393/2148
f 2394/2394/2149 2393/2393/2148 2392/2392/2147
f 2392/2392/2147 2395/2395/2150 2394/2394/2149
f 2396/2396/2151 2394/2394/2149 2395/2395/2150
f 2396/2396/2151 2395/2395/2150 2397/2397/2152
f 2398/2398/2153 2397/2397/2152 2395/2395/2150
f 2392/2392/2147 2399/2399/2154 2395/2395/2150
f 2400/2400/2155 2395/2395/2150 2399/2399/2154
f 2403/2401/2156 2402/2402/2153 2401/2403/2157
f 2404/2404/2158 2401/2403/2157 2402/2402/2153
f 2402/2402/2153 2405/2405/2159 2404/2404/2158
f 2406/2406/2160 2404/2404/2158 2405/2405/2159
f 2401/2403/2157 2407/2407/2141 2403/2401/2156
f 2408/2408/2161 2403/2401/2156 2407/2407/2141
f 2407/2407/2141 2409/2409/2162 2408/2408/2161
f 2410/2410/2149 2408/2408/2161 2409/2409/2162
f 2411/2411/2163 2410/2410/2149 2409/2409/2162
f 2412/2412/2140 2411/2411/2163 2409/2409/2162
f 2413/2413/2164 2412/2412/2140 2409/2409/2162
f 2405/2405/2159 2414/2414/2165 2406/2406/2160
f 2415/2415/2132 2406/2406/2160 2414/2414/2165
f 2414/2414/2165 2416/2416/2154 2415/2415/2132
f 2417/2417/2130 2415/2415/2132 2416/2416/2154
f 2418/2418/2166 2417/2417/2130 2416/2416/2154
f 2419/2419/2167 2417/2417/2130 2418/2418/2166
f 2419/2419/2167 2418/2418/2166 2420/2420/2168
f 2420/2420/2168 2418/2418/2166 2421/2421/2169
f 2423/2422/2170 2418/2418/2171 2422/2423/2172
f 2426/2424/2173 2425/2425/2174 2424/2426/2175
f 2426/2424/2173 2424/2426/2175 2427/2427/2176
f 2424/2426/2175 2425/2425/2174 2428/2428/2177
f 2429/2429/2178 2428/2428/2177 2425/2425/2174
f 2428/2428/2177 2429/2429/2178 2430/2430/2179
f 2430/2430/2179 2431/2431/2180 2428/2428/2177
f 2430/2430/2179 2432/2432/2181 2431/2431/2180
f 2433/2433/2182 2431/2431/2180 2432/2432/2181
f 2430/2430/2179 2434/2434/2183 2432/2432/2181
f 2434/2434/2183 2430/2430/2179 2429/2429/2178
f 2435/2435/2184 2432/2432/2181 2434/2434/2183
f 2436/2436/2185 2428/2428/2177 2431/2431/2180
f 2437/2437/2186 2428/2428/2177 2436/2436/2185
f 2428/2428/2177 2437/2437/2186 2424/2426/2175
f 2436/2436/2185 2438/2438/2187 2437/2437/2186
f 2439/2439/2188 2437/2437/2186 2438/2438/2187
f 2437/2437/2186 2439/2439/2188 2440/2440/2189
f 2437/2437/2186 2440/2440/2189 2441/2441/2190
f 2437/2437/2186 2441/2441/2190 2442/2442/2191
f 2439/2439/2188 2443/2443/2192 2440/2440/2189
f 2440/2440/2189 2443/2443/2192 2441/2441/2190
f 2439/2439/2188 2438/2438/2187 2444/2444/2193
f 2445/2445/2194 2444/2444/2193 2438/2438/2187
f 2444/2444/2193 2446/2446/2195 2439/2439/2188
f 2443/2443/2192 2439/2439/2188 2446/2446/2195
f 2446/2446/2195 2447/2447/2196 2443/2443/2192
f 2448/2448/2197 2447/2447/2196 2446/2446/2195
f 2444/2444/2193 2445/2445/2194 2449/2449/2198
f 2450/2450/2199 2444/2444/2193 2449/2449/2198
f 2446/2446/2195 2444/2444/2193 2450/2450/2199
f 2451/2451/2200 2449/2449/2198 2445/2445/2194
f 2449/2449/2198 2451/2451/2200 2452/2452/2201
f 2453/2453/2202 2452/2452/2201 2451/2451/2200
f 2449/2449/2198 2452/2452/2201 2454/2454/2203
f 2450/2450/2199 2449/2449/2198 2454/2454/2203
f 2455/2455/2204 2453/2453/2202 2451/2451/2200
f 2451/2451/2200 2445/2445/2194 2455/2455/2204
f 2452/2452/2201 2453/2453/2202 2456/2456/2205
f 2456/2456/2205 2457/2457/2206 2452/2452/2201
f 2458/2458/2207 2452/2452/2201 2457/2457/2206
f 2458/2458/2207 2454/2454/2203 2452/2452/2201
f 2459/2459/2208 2456/2456/2205 2453/2453/2202
f 2453/2453/2202 2460/2460/2209 2459/2459/2208
f 2460/2460/2209 2453/2453/2202 2455/2455/2204
f 2461/2461/2210 2459/2459/2208 2460/2460/2209
f 2462/2462/2211 2460/2460/2209 2455/2455/2204
f 2455/2455/2204 2463/2463/2212 2462/2462/2211
f 2462/2462/2211 2464/2464/2213 2460/2460/2209
f 2460/2460/2209 2464/2464/2213 2461/2461/2210
f 2465/2465/2214 2464/2464/2213 2462/2462/2211
f 2465/2465/2214 2466/2466/2215 2464/2464/2213
f 2464/2464/2213 2466/2466/2215 2461/2461/2210
f 2466/2466/2215 2465/2465/2214 2467/2467/2216
f 2467/2467/2216 2465/2465/2214 2468/2468/2217
f 2469/2469/2218 2468/2468/2217 2465/2465/2214
f 2469/2469/2218 2465/2465/2214 2462/2462/2211
f 2468/2468/2217 2469/2469/2218 2470/2470/2219
f 2471/2471/2220 2470/2470/2219 2469/2469/2218
f 2468/2468/2217 2472/2472/2221 2467/2467/2216
f 2471/2471/2220 2469/2469/2218 2473/2473/2222
f 2462/2462/2211 2473/2473/2222 2469/2469/2218
f 2463/2463/2212 2473/2473/2222 2462/2462/2211
f 2473/2473/2222 2474/2474/2223 2471/2471/2220
f 2461/2461/2210 2466/2466/2215 2475/2475/2224
f 2474/2474/2223 2476/2476/2225 2471/2471/2220
f 2471/2471/2220 2476/2476/2225 2470/2470/2219
f 2470/2470/2219 2476/2476/2225 2477/2477/2226
f 2477/2477/2226 2476/2476/2225 2478/2478/2227
f 2478/2478/2227 2479/2479/2228 2477/2477/2226
f 2476/2476/2225 2433/2433/2182 2478/2478/2227
f 2474/2474/2223 2433/2433/2182 2476/2476/2225
f 2433/2433/2182 2474/2474/2223 2431/2431/2180
f 2480/2480/2229 2431/2431/2180 2474/2474/2223
f 2480/2480/2229 2474/2474/2223 2473/2473/2222
f 2431/2431/2180 2480/2480/2229 2436/2436/2185
f 2438/2438/2187 2436/2436/2185 2480/2480/2229
f 2438/2438/2187 2480/2480/2229 2445/2445/2194
f 2463/2463/2212 2445/2445/2194 2480/2480/2229
f 2463/2463/2212 2480/2480/2229 2473/2473/2222
f 2445/2445/2194 2463/2463/2212 2455/2455/2204
f 2479/2479/2228 2481/2481/2230 2477/2477/2226
f 2477/2477/2226 2481/2481/2230 2470/2470/2219
f 2481/2481/2230 2482/2482/2231 2470/2470/2219
f 2470/2470/2219 2482/2482/2231 2468/2468/2217
f 2484/2483/2232 2483/2484/2233 2468/2468/2217
f 2483/2484/2233 2472/2472/2221 2468/2468/2217
f 2432/2432/2181 2485/2485/2234 2433/2433/2182
f 2486/2486/2235 2433/2433/2182 2485/2485/2234
f 2432/2432/2181 2435/2435/2184 2487/2487/2236
f 2488/2488/2237 2487/2487/2236 2435/2435/2184
f 2490/2489/2224 2435/2435/2184 2489/2490/2210
f 2434/2434/2183 2489/2490/2210 2435/2435/2184
f 2434/2434/2183 2429/2429/2178 2489/2490/2210
f 2491/2491/2208 2489/2490/2210 2429/2429/2178
f 2491/2491/2208 2429/2429/2178 2492/2492/2238
f 2492/2492/2238 2429/2429/2178 2425/2425/2174
f 2492/2492/2238 2425/2425/2174 2493/2493/2239
f 2494/2494/2206 2492/2492/2238 2493/2493/2239
f 2493/2493/2239 2425/2425/2174 2426/2424/2173
f 2495/2495/2205 2492/2492/2238 2494/2494/2206
f 2495/2495/2205 2491/2491/2208 2492/2492/2238
f 2490/2489/2224 2496/2496/2240 2435/2435/2184
f 2435/2435/2184 2496/2496/2240 2497/2497/2241
f 2496/2496/2240 2498/2498/2242 2497/2497/2241
f 2497/2497/2241 2498/2498/2242 2499/2499/2243
f 2500/2500/2244 2499/2499/2243 2498/2498/2242
f 2501/2501/2245 2499/2499/2243 2500/2500/2244
f 2504/2502/2246 2503/2503/2247 2502/2504/2248
f 2505/2505/2249 2502/2504/2248 2503/2503/2247
f 2504/2502/2246 2506/2506/2250 2503/2503/2247
f 2507/2507/2251 2503/2503/2247 2506/2506/2250
f 2508/2508/2252 2502/2504/2248 2505/2505/2249
f 2505/2505/2249 2509/2509/2253 2508/2508/2252
f 2508/2508/2252 2509/2509/2253 2510/2510/2254
f 2443/2443/2192 2510/2510/2254 2509/2509/2253
f 2443/2443/2192 2509/2509/2253 2511/2511/2255
f 2511/2511/2255 2509/2509/2253 2505/2505/2249
f 2505/2505/2249 2503/2503/2247 2511/2511/2255
f 2508/2508/2252 2512/2512/2256 2502/2504/2248
f 2507/2507/2251 2442/2442/2191 2503/2503/2247
f 2441/2441/2190 2503/2503/2247 2442/2442/2191
f 2511/2511/2255 2441/2441/2190 2443/2443/2192
f 2441/2441/2190 2511/2511/2255 2503/2503/2247
f 2507/2507/2251 2513/2513/2257 2442/2442/2191
f 2507/2507/2251 2506/2506/2250 2427/2427/2258
f 2424/2426/2175 2442/2442/2191 2513/2513/2257
f 2442/2442/2191 2424/2426/2175 2437/2437/2186
f 2467/2467/2216 2515/2514/2244 2514/2515/2242
f 2514/2515/2242 2516/2516/2240 2467/2467/2216
f 2467/2467/2216 2516/2516/2240 2466/2466/2215
f 2475/2475/2224 2466/2466/2215 2516/2516/2240
f 2517/2517/2259 2515/2514/2244 2467/2467/2216
f 2472/2472/2221 2517/2517/2259 2467/2467/2216
f 2520/2518/2260 2519/2519/2261 2518/2520/2262
f 2518/2520/2262 2519/2519/2261 2521/2521/2246
f 2518/2520/2262 2521/2521/2246 2522/2522/2248
f 2518/2520/2262 2522/2522/2248 2523/2523/2263
f 2523/2523/2263 2524/2524/2264 2518/2520/2262
f 2518/2520/2262 2524/2524/2264 2525/2525/2265
f 2518/2520/2262 2527/2526/2266 2526/2527/2173
f 2528/2528/2267 2526/2527/2173 2527/2526/2266
f 2527/2526/2266 2518/2520/2262 2529/2529/2207
f 2530/2530/2268 2529/2529/2207 2518/2520/2262
f 2531/2531/2269 2530/2530/2268 2518/2520/2262
f 2526/2527/2173 2532/2532/2258 2518/2520/2262
f 2535/2533/2270 2534/2534/2271 2533/2535/2272
f 2537/2536/2273 2535/2533/2270 2536/2537/2274
f 2539/2538/2275 2537/2536/2273 2538/2539/2276
f 2541/2540/2277 2538/2539/2276 2540/2541/2278
f 2543/2542/2279 2536/2537/2274 2542/2543/2280
f 2546/2544/2281 2545/2545/2282 2544/2546/2283
f 2545/2545/2282 2548/2547/2284 2547/2548/2285
f 2549/2549/2286 2547/2548/2285 2548/2547/2284
f 2548/2547/2284 2550/2550/2287 2549/2549/2286
f 2548/2547/2284 2551/2551/2288 2550/2550/2287
f 2552/2552/2289 2549/2549/2286 2550/2550/2287
f 2555/2553/2290 2554/2554/2291 2553/2555/2292
f 2556/2556/2293 2448/2448/2197 2446/2446/2195
f 2559/2557/2286 2558/2558/2294 2557/2559/2244
f 2560/2560/2295 2559/2557/2286 2557/2559/2244
f 2563/2561/2296 2562/2562/2297 2561/2563/2298
f 2564/2564/2299 2561/2563/2298 2562/2562/2297
f 2563/2561/2296 2565/2565/2300 2562/2562/2297
f 2565/2565/2300 2566/2566/2301 2562/2562/2297
f 2567/2567/2302 2562/2562/2297 2566/2566/2301
f 2566/2566/2303 2569/2568/2304 2568/2569/2305
f 2572/2570/2301 2571/2571/2300 2570/2572/2304
f 2573/2573/2306 2570/2572/2304 2571/2571/2300
f 2570/2572/2304 2573/2573/2306 2574/2574/2307
f 2575/2575/2308 2574/2574/2307 2573/2573/2306
f 2575/2575/2308 2573/2573/2306 2576/2576/2309
f 2576/2576/2309 2577/2577/2310 2575/2575/2308
f 2578/2578/2311 2575/2575/2308 2577/2577/2310
f 2573/2573/2306 2571/2571/2300 2579/2579/2309
f 2580/2580/2296 2579/2579/2309 2571/2571/2300
f 2579/2579/2309 2580/2580/2296 2581/2581/2310
f 2582/2582/2312 2581/2581/2310 2580/2580/2296
f 2585/2583/2313 2584/2584/2314 2583/2585/2315
f 2584/2584/2314 2586/2586/2316 2583/2585/2315
f 2585/2583/2313 2587/2587/2317 2584/2584/2314
f 2584/2584/2314 2587/2587/2317 2588/2588/2318
f 2584/2584/2314 2588/2588/2318 2589/2589/2319
f 2590/2590/2320 2588/2588/2318 2587/2587/2317
f 2584/2584/2314 2589/2589/2319 2591/2591/2321
f 2593/2592/2322 2592/2593/2323 2588/2588/2324
f 2588/2588/2324 2595/2594/2320 2594/2595/2322
f 2595/2594/2320 2596/2596/2325 2594/2595/2322
f 2595/2594/2320 2597/2597/2317 2596/2596/2325
f 2598/2598/2326 2596/2596/2325 2597/2597/2317
f 2596/2596/2325 2598/2598/2326 2594/2595/2322
f 2599/2599/2327 2594/2595/2322 2598/2598/2326
f 2598/2598/2326 2597/2597/2317 2600/2600/2328
f 2601/2601/2329 2598/2598/2326 2600/2600/2328
f 2602/2602/2313 2600/2600/2328 2597/2597/2317
f 2604/2603/2330 2603/2604/2323 2598/2598/2331
f 2607/2605/2332 2606/2606/2333 2605/2607/2334
f 2608/2608/2335 2605/2607/2334 2606/2606/2333
f 2608/2608/2335 2606/2606/2333 2609/2609/2336
f 2610/2610/2337 2609/2609/2336 2606/2606/2333
f 2610/2610/2337 2611/2611/2338 2609/2609/2336
f 2609/2609/2336 2611/2611/2338 2612/2612/2339
f 2609/2609/2336 2612/2612/2339 2608/2608/2335
f 2613/2613/2340 2612/2612/2339 2611/2611/2338
f 2608/2608/2335 2614/2614/2341 2605/2607/2334
f 2614/2614/2341 2608/2608/2335 2612/2612/2339
f 2615/2615/2342 2605/2607/2334 2614/2614/2341
f 2614/2614/2341 2612/2612/2339 2616/2616/2343
f 2617/2617/2344 2616/2616/2343 2612/2612/2339
f 2612/2612/2339 2613/2613/2340 2617/2617/2344
f 2617/2617/2344 2618/2618/2345 2616/2616/2343
f 2619/2619/2346 2616/2616/2343 2618/2618/2345
f 2616/2616/2343 2619/2619/2346 2620/2620/2347
f 2616/2616/2343 2620/2620/2347 2614/2614/2341
f 2615/2615/2342 2614/2614/2341 2620/2620/2347
f 2621/2621/2348 2620/2620/2347 2619/2619/2346
f 2606/2606/2333 2607/2605/2332 2622/2622/2349
f 2606/2606/2333 2622/2622/2349 2610/2610/2337
f 2621/2621/2348 2619/2619/2346 2623/2623/2350
f 2623/2623/2350 2624/2624/2351 2621/2621/2348
f 2625/2625/2352 2621/2621/2348 2624/2624/2351
f 2621/2621/2348 2625/2625/2352 2620/2620/2347
f 2625/2625/2352 2626/2626/2353 2620/2620/2347
f 2620/2620/2347 2626/2626/2353 2615/2615/2342
f 2627/2627/2354 2623/2623/2350 2619/2619/2346
f 2618/2618/2345 2628/2628/2355 2619/2619/2346
f 2627/2627/2354 2619/2619/2346 2628/2628/2355
f 2628/2628/2355 2618/2618/2345 2629/2629/2356
f 2630/2630/2357 2629/2629/2356 2618/2618/2345
f 2630/2630/2357 2618/2618/2345 2631/2631/2358
f 2618/2618/2345 2617/2617/2344 2631/2631/2358
f 2629/2629/2356 2630/2630/2357 2632/2632/2359
f 2633/2633/2360 2632/2632/2359 2630/2630/2357
f 2632/2632/2359 2633/2633/2360 2634/2634/2361
f 2634/2634/2361 2610/2610/2337 2622/2622/2349
f 2610/2610/2337 2634/2634/2361 2633/2633/2360
f 2635/2635/2362 2630/2630/2357 2631/2631/2358
f 2635/2635/2362 2633/2633/2360 2630/2630/2357
f 2635/2635/2362 2611/2611/2338 2633/2633/2360
f 2610/2610/2337 2633/2633/2360 2611/2611/2338
f 2613/2613/2340 2611/2611/2338 2635/2635/2362
f 2613/2613/2340 2635/2635/2362 2631/2631/2358
f 2631/2631/2358 2617/2617/2344 2613/2613/2340
f 2624/2624/2351 2636/2636/2363 2625/2625/2352
f 2636/2636/2363 2638/2637/2364 2637/2638/2365
f 2639/2639/2366 2637/2638/2365 2638/2637/2364
f 2639/2639/2366 2640/2640/2367 2637/2638/2365
f 2637/2638/2365 2640/2640/2367 2626/2626/2353
f 2637/2638/2365 2625/2625/2352 2636/2636/2363
f 2637/2638/2365 2626/2626/2353 2625/2625/2352
f 2641/2641/2368 2615/2615/2342 2626/2626/2353
f 2641/2641/2368 2642/2642/2369 2615/2615/2342
f 2605/2607/2334 2615/2615/2342 2642/2642/2369
f 2642/2642/2369 2643/2643/2370 2605/2607/2334
f 2643/2643/2370 2607/2605/2332 2605/2607/2334
f 2643/2643/2370 2644/2644/2371 2607/2605/2332
f 2644/2644/2371 2643/2643/2370 2645/2645/2372
f 2646/2646/2373 2645/2645/2372 2643/2643/2370
f 2646/2646/2373 2643/2643/2370 2642/2642/2369
f 2646/2646/2373 2647/2647/2374 2645/2645/2372
f 2648/2648/2375 2645/2645/2372 2647/2647/2374
f 2646/2646/2373 2642/2642/2369 2649/2649/2376
f 2647/2647/2374 2646/2646/2373 2649/2649/2376
f 2650/2650/2377 2607/2605/2332 2644/2644/2371
f 2650/2650/2377 2622/2622/2349 2607/2605/2332
f 2653/2651/2378 2652/2652/2379 2651/2653/2372
f 2654/2654/2380 2651/2653/2372 2652/2652/2379
f 2652/2652/2379 2653/2651/2378 2655/2655/2366
f 2656/2656/2381 2655/2655/2366 2653/2651/2378
f 2656/2656/2381 2657/2657/2382 2655/2655/2366
f 2658/2658/2383 2655/2655/2366 2657/2657/2382
f 2657/2657/2382 2659/2659/2369 2658/2658/2383
f 2660/2660/2384 2658/2658/2383 2659/2659/2369
f 2660/2660/2384 2659/2659/2369 2661/2661/2385
f 2651/2653/2372 2654/2654/2380 2662/2662/2386
f 2663/2663/2387 2662/2662/2386 2654/2654/2380
f 2662/2662/2386 2663/2663/2387 2664/2664/2377
f 2665/2665/2388 2664/2664/2377 2663/2663/2387
f 2664/2664/2377 2665/2665/2388 2666/2666/2349
f 2667/2667/2389 2666/2666/2349 2665/2665/2388
f 2667/2667/2389 2668/2668/2355 2666/2666/2349
f 2669/2669/2390 2666/2666/2349 2668/2668/2355
f 2668/2668/2355 2670/2670/2391 2669/2669/2390
f 2671/2671/2392 2669/2669/2390 2670/2670/2391
f 2674/2672/2393 2673/2673/2394 2672/2674/2395
f 2673/2673/2394 2674/2672/2393 2675/2675/2396
f 2676/2676/2397 2675/2675/2396 2674/2672/2393
f 2674/2672/2393 2677/2677/2398 2676/2676/2397
f 2672/2674/2395 2673/2673/2394 2678/2678/2399
f 2679/2679/2400 2672/2674/2395 2678/2678/2399
f 2673/2673/2394 2680/2680/2401 2678/2678/2399
f 2681/2681/2402 2678/2678/2399 2680/2680/2401
f 2682/2682/2403 2676/2676/2397 2677/2677/2398
f 2676/2676/2397 2682/2682/2403 2683/2683/2404
f 2676/2676/2397 2683/2683/2404 2675/2675/2396
f 2684/2684/2405 2683/2683/2404 2682/2682/2403
f 2682/2682/2403 2677/2677/2398 2685/2685/2406
f 2675/2675/2396 2686/2686/2407 2673/2673/2394
f 2680/2680/2401 2673/2673/2394 2686/2686/2407
f 2686/2686/2407 2675/2675/2396 2683/2683/2404
f 2686/2686/2407 2687/2687/2408 2680/2680/2401
f 2688/2688/2409 2680/2680/2401 2687/2687/2408
f 2688/2688/2409 2681/2681/2402 2680/2680/2401
f 2683/2683/2404 2689/2689/2410 2686/2686/2407
f 2687/2687/2408 2686/2686/2407 2689/2689/2410
f 2684/2684/2405 2689/2689/2410 2683/2683/2404
f 2684/2684/2405 2690/2690/2411 2689/2689/2410
f 2691/2691/2412 2690/2690/2411 2684/2684/2405
f 2692/2692/2413 2681/2681/2402 2688/2688/2409
f 2693/2693/2414 2681/2681/2402 2692/2692/2413
f 2696/2694/2415 2695/2695/2416 2694/2696/2417
f 2697/2697/2418 2694/2696/2417 2695/2695/2416
f 2695/2695/2416 2696/2694/2415 2698/2698/2419
f 2699/2699/2420 2698/2698/2419 2696/2694/2415
f 2699/2699/2420 2696/2694/2415 2700/2700/2421
f 2701/2701/2422 2700/2700/2421 2696/2694/2415
f 2700/2700/2421 2701/2701/2422 2702/2702/2423
f 2703/2703/2424 2702/2702/2423 2701/2701/2422
f 2694/2696/2417 2704/2704/2425 2696/2694/2415
f 2701/2701/2422 2696/2694/2415 2704/2704/2425
f 2701/2701/2422 2704/2704/2425 2703/2703/2424
f 2705/2705/2426 2703/2703/2424 2704/2704/2425
f 2702/2702/2423 2703/2703/2424 2706/2706/2427
f 2707/2707/2428 2706/2706/2427 2703/2703/2424
f 2695/2695/2416 2707/2707/2428 2697/2697/2418
f 2703/2703/2424 2705/2705/2426 2707/2707/2428
f 2706/2706/2427 2707/2707/2428 2708/2708/2429
f 2695/2695/2416 2709/2709/2430 2707/2707/2428
f 2710/2710/2431 2697/2697/2418 2707/2707/2428
f 2710/2710/2431 2707/2707/2428 2705/2705/2426
f 2711/2711/2432 2709/2709/2430 2699/2699/2420
f 2711/2711/2432 2699/2699/2420 2700/2700/2421
f 2711/2711/2432 2700/2700/2421 2702/2702/2423
f 2711/2711/2432 2706/2706/2427 2709/2709/2430
f 2711/2711/2432 2702/2702/2423 2706/2706/2427
f 2714/2712/2433 2713/2713/2434 2712/2714/2435
f 2715/2715/2436 2712/2714/2435 2713/2713/2434
f 2713/2713/2434 2714/2712/2433 2716/2716/2437
f 2713/2713/2434 2716/2716/2437 2717/2717/2438
f 2713/2713/2434 2717/2717/2438 2715/2715/2436
f 2718/2718/2439 2717/2717/2438 2716/2716/2437
f 2717/2717/2438 2718/2718/2439 2719/2719/2440
f 2717/2717/2438 2719/2719/2440 2720/2720/2441
f 2717/2717/2438 2720/2720/2441 2715/2715/2436
f 2721/2721/2442 2720/2720/2441 2719/2719/2440
f 2722/2722/2443 2719/2719/2440 2718/2718/2439
f 2723/2723/2444 2716/2716/2437 2714/2712/2433
f 2723/2723/2444 2714/2712/2433 2724/2724/2445
f 2725/2725/2446 2724/2724/2445 2714/2712/2433
f 2719/2719/2440 2726/2726/2447 2721/2721/2442
f 2727/2727/2448 2721/2721/2442 2726/2726/2447
f 2728/2728/2449 2727/2727/2448 2726/2726/2447
f 2726/2726/2447 2729/2729/2450 2728/2728/2449
f 2726/2726/2447 2730/2730/2451 2729/2729/2450
f 2722/2722/2443 2730/2730/2451 2719/2719/2440
f 2726/2726/2447 2719/2719/2440 2730/2730/2451
f 2731/2731/2452 2729/2729/2450 2730/2730/2451
f 2729/2729/2450 2731/2731/2452 2732/2732/2453
f 2733/2733/2454 2732/2732/2453 2731/2731/2452
f 2733/2733/2454 2734/2734/2455 2732/2732/2453
f 2735/2735/2456 2732/2732/2453 2734/2734/2455
f 2729/2729/2450 2732/2732/2453 2736/2736/2457
f 2737/2737/2458 2736/2736/2457 2732/2732/2453
f 2740/2738/2459 2739/2739/2456 2738/2740/2460
f 2741/2741/2461 2738/2740/2460 2739/2739/2456
f 2739/2739/2456 2740/2738/2459 2742/2742/2462
f 2743/2743/2463 2742/2742/2462 2740/2738/2459
f 2738/2740/2460 2741/2741/2461 2744/2744/2444
f 2745/2745/2464 2744/2744/2444 2741/2741/2461
f 2744/2744/2444 2745/2745/2464 2746/2746/2465
f 2747/2747/2452 2746/2746/2465 2745/2745/2464
f 2747/2747/2452 2748/2748/2466 2746/2746/2465
f 2748/2748/2466 2749/2749/2443 2746/2746/2465
f 2749/2749/2443 2750/2750/2467 2746/2746/2465
f 2742/2742/2462 2743/2743/2463 2751/2751/2468
f 2752/2752/2435 2751/2751/2468 2743/2743/2463
f 2751/2751/2468 2752/2752/2435 2753/2753/2457
f 2754/2754/2436 2753/2753/2457 2752/2752/2435
f 2754/2754/2436 2755/2755/2469 2753/2753/2457
f 2754/2754/2436 2756/2756/2470 2755/2755/2469
f 2755/2755/2469 2756/2756/2470 2757/2757/2471
f 2755/2755/2469 2757/2757/2471 2758/2758/2472
f 2755/2755/2473 2760/2759/2474 2759/2760/2475
f 2763/2761/2476 2762/2762/2477 2761/2763/2478
f 2764/2764/2479 2763/2761/2476 2761/2763/2478
f 2764/2764/2479 2761/2763/2478 2765/2765/2480
f 2762/2762/2477 2767/2766/2481 2766/2767/2482
f 2767/2766/2481 2768/2768/2483 2766/2767/2482
f 2768/2768/2483 2770/2769/2484 2769/2770/2485
f 2770/2769/2484 2771/2771/2486 2769/2770/2485
f 2771/2771/2486 2772/2772/2487 2769/2770/2485
f 2775/2773/2488 2774/2774/2489 2773/2775/2490
f 2775/2773/2488 2773/2775/2490 2776/2776/2491
f 2775/2773/2488 2776/2776/2491 2777/2777/2486
f 2776/2776/2491 2778/2778/2492 2777/2777/2486
f 2779/2779/2493 2776/2776/2491 2773/2775/2490
f 2773/2775/2490 2780/2780/2494 2779/2779/2493
f 2773/2775/2490 2774/2774/2489 2780/2780/2494
f 2781/2781/2495 2779/2779/2493 2780/2780/2494
f 2781/2781/2495 2782/2782/2496 2779/2779/2493
f 2776/2776/2491 2779/2779/2493 2783/2783/2497
f 2784/2784/2498 2783/2783/2497 2779/2779/2493
f 2782/2782/2496 2784/2784/2498 2779/2779/2493
f 2783/2783/2497 2784/2784/2498 2785/2785/2499
f 2786/2786/2500 2785/2785/2499 2784/2784/2498
f 2786/2786/2500 2787/2787/2501 2785/2785/2499
f 2788/2788/2502 2785/2785/2499 2787/2787/2501
f 2786/2786/2500 2789/2789/2503 2787/2787/2501
f 2789/2789/2503 2790/2790/2504 2787/2787/2501
f 2790/2790/2504 2791/2791/2505 2787/2787/2501
f 2791/2791/2505 2792/2792/2506 2787/2787/2501
f 2788/2788/2502 2787/2787/2501 2792/2792/2506
f 2788/2788/2502 2792/2792/2506 2793/2793/2507
f 2788/2788/2502 2793/2793/2507 2785/2785/2499
f 2783/2783/2497 2785/2785/2499 2794/2794/2508
f 2795/2795/2509 2794/2794/2508 2785/2785/2499
f 2795/2795/2509 2785/2785/2499 2793/2793/2507
f 2795/2795/2509 2793/2793/2507 2796/2796/2510
f 2797/2797/2511 2796/2796/2510 2793/2793/2507
f 2798/2798/2512 2797/2797/2511 2793/2793/2507
f 2796/2796/2510 2799/2799/2513 2795/2795/2509
f 2794/2794/2508 2795/2795/2509 2799/2799/2513
f 2796/2796/2510 2800/2800/2514 2799/2799/2513
f 2801/2801/2515 2799/2799/2513 2800/2800/2514
f 2801/2801/2515 2802/2802/2516 2799/2799/2513
f 2803/2803/2517 2799/2799/2513 2802/2802/2516
f 2802/2802/2516 2804/2804/2518 2803/2803/2517
f 2805/2805/2519 2803/2803/2517 2804/2804/2518
f 2804/2804/2518 2802/2802/2516 2806/2806/2520
f 2807/2807/2521 2806/2806/2520 2802/2802/2516
f 2802/2802/2516 2801/2801/2515 2808/2808/2522
f 2808/2808/2522 2807/2807/2521 2802/2802/2516
f 2809/2809/2523 2808/2808/2522 2801/2801/2515
f 2800/2800/2514 2810/2810/2524 2801/2801/2515
f 2809/2809/2523 2801/2801/2515 2810/2810/2524
f 2803/2803/2517 2778/2778/2492 2799/2799/2513
f 2803/2803/2517 2811/2811/2479 2778/2778/2492
f 2803/2803/2517 2805/2805/2519 2811/2811/2479
f 2794/2794/2508 2799/2799/2513 2778/2778/2492
f 2805/2805/2519 2804/2804/2518 2812/2812/2525
f 2812/2812/2525 2804/2804/2518 2813/2813/2526
f 2813/2813/2526 2804/2804/2518 2806/2806/2520
f 2813/2813/2526 2806/2806/2520 2814/2814/2527
f 2813/2813/2526 2814/2814/2527 2815/2815/2528
f 2778/2778/2492 2776/2776/2491 2794/2794/2508
f 2783/2783/2497 2794/2794/2508 2776/2776/2491
f 2807/2807/2521 2816/2816/2529 2806/2806/2520
f 2814/2814/2527 2806/2806/2520 2816/2816/2529
f 2807/2807/2521 2808/2808/2522 2816/2816/2529
f 2817/2817/2530 2816/2816/2529 2808/2808/2522
f 2808/2808/2522 2809/2809/2523 2817/2817/2530
f 2818/2818/2531 2817/2817/2530 2809/2809/2523
f 2809/2809/2523 2810/2810/2524 2818/2818/2531
f 2819/2819/2532 2818/2818/2531 2810/2810/2524
f 2820/2820/2533 2819/2819/2532 2810/2810/2524
f 2821/2821/2534 2819/2819/2532 2820/2820/2533
f 2810/2810/2524 2822/2822/2535 2820/2820/2533
f 2822/2822/2535 2823/2823/2536 2820/2820/2533
f 2824/2824/2537 2820/2820/2533 2823/2823/2536
f 2822/2822/2535 2825/2825/2538 2823/2823/2536
f 2826/2826/2539 2823/2823/2536 2825/2825/2538
f 2826/2826/2539 2825/2825/2538 2827/2827/2540
f 2827/2827/2540 2825/2825/2538 2828/2828/2541
f 2825/2825/2538 2797/2797/2511 2828/2828/2541
f 2797/2797/2511 2825/2825/2538 2796/2796/2510
f 2800/2800/2514 2796/2796/2510 2825/2825/2538
f 2800/2800/2514 2825/2825/2538 2822/2822/2535
f 2810/2810/2524 2800/2800/2514 2822/2822/2535
f 2797/2797/2511 2798/2798/2512 2828/2828/2541
f 2819/2819/2532 2829/2829/2542 2818/2818/2531
f 2819/2819/2532 2821/2821/2534 2829/2829/2542
f 2830/2830/2543 2824/2824/2537 2823/2823/2536
f 2826/2826/2539 2830/2830/2543 2823/2823/2536
f 2821/2821/2534 2820/2820/2533 2831/2831/2544
f 2824/2824/2537 2831/2831/2544 2820/2820/2533
f 2831/2831/2544 2832/2832/2545 2821/2821/2534
f 2833/2833/2546 2821/2821/2534 2832/2832/2545
f 2833/2833/2546 2829/2829/2542 2821/2821/2534
f 2835/2834/2547 2780/2780/2494 2834/2835/2528
f 2780/2780/2494 2835/2834/2547 2781/2781/2495
f 2836/2836/2529 2781/2781/2495 2835/2834/2547
f 2836/2836/2529 2837/2837/2548 2781/2781/2495
f 2782/2782/2496 2781/2781/2495 2837/2837/2548
f 2837/2837/2548 2838/2838/2549 2782/2782/2496
f 2839/2839/2550 2782/2782/2496 2838/2838/2549
f 2839/2839/2550 2838/2838/2549 2840/2840/2551
f 2841/2841/2552 2840/2840/2551 2838/2838/2549
f 2839/2839/2550 2840/2840/2551 2784/2784/2498
f 2782/2782/2496 2839/2839/2550 2784/2784/2498
f 2786/2786/2500 2784/2784/2498 2840/2840/2551
f 2789/2789/2503 2786/2786/2500 2840/2840/2551
f 2842/2842/2553 2789/2789/2503 2840/2840/2551
f 2840/2840/2551 2841/2841/2552 2842/2842/2553
f 2789/2789/2503 2842/2842/2553 2790/2790/2504
f 2843/2843/2554 2790/2790/2504 2842/2842/2553
f 2843/2843/2554 2842/2842/2553 2844/2844/2555
f 2845/2845/2556 2844/2844/2555 2842/2842/2553
f 2842/2842/2553 2841/2841/2552 2845/2845/2556
f 2841/2841/2552 2846/2846/2542 2845/2845/2556
f 2846/2846/2542 2841/2841/2552 2838/2838/2549
f 2847/2847/2557 2845/2845/2556 2846/2846/2542
f 2843/2843/2554 2848/2848/2558 2790/2790/2504
f 2849/2849/2559 2790/2790/2504 2848/2848/2558
f 2790/2790/2504 2849/2849/2559 2791/2791/2505
f 2844/2844/2555 2845/2845/2556 2850/2850/2560
f 2847/2847/2557 2850/2850/2560 2845/2845/2556
f 2853/2851/2561 2852/2852/2558 2851/2853/2554
f 2853/2851/2561 2854/2854/2562 2852/2852/2558
f 2855/2855/2563 2853/2851/2561 2851/2853/2554
f 2856/2856/2545 2853/2851/2561 2855/2855/2563
f 2856/2856/2545 2857/2857/2564 2853/2851/2561
f 2853/2851/2561 2857/2857/2564 2858/2858/2537
f 2859/2859/2565 2853/2851/2561 2858/2858/2537
f 2860/2860/2566 2853/2851/2561 2859/2859/2565
f 2863/2861/2567 2862/2862/2568 2861/2863/2569
f 2865/2864/2570 2862/2862/2568 2864/2865/2571
f 2866/2866/2572 2862/2862/2568 2865/2864/2570
f 2867/2867/2573 2862/2862/2568 2866/2866/2572
f 2868/2868/2574 2862/2862/2568 2867/2867/2573
f 2869/2869/2575 2862/2862/2568 2868/2868/2574
f 2774/2774/2489 2870/2870/2576 2834/2835/2528
f 2780/2780/2494 2774/2774/2489 2834/2835/2528
f 2871/2871/2577 2774/2774/2489 2775/2773/2488
f 2872/2872/2578 2774/2774/2489 2871/2871/2577
f 2874/2873/2579 2871/2871/2577 2873/2874/2580
f 2775/2773/2488 2873/2874/2581 2875/2875/2582
f 2873/2874/2581 2775/2773/2488 2777/2777/2486
f 2877/2876/2583 2874/2873/2483 2876/2877/2584
f 2877/2876/2583 2876/2877/2584 2878/2878/2585
f 2812/2812/2525 2877/2876/2583 2878/2878/2585
f 2879/2879/2586 2874/2873/2483 2877/2876/2583
f 2878/2878/2477 2881/2880/2587 2880/2881/2588
f 2805/2805/2519 2812/2812/2525 2881/2880/2476
f 2805/2805/2519 2881/2880/2476 2811/2811/2479
f 2884/2882/2589 2883/2883/2590 2882/2884/2591
f 2883/2883/2590 2885/2885/2592 2882/2884/2591
f 2882/2884/2591 2885/2885/2592 2886/2886/2593
f 2888/2887/2594 2884/2882/2589 2887/2888/2595
f 2889/2889/2596 2888/2887/2594 2887/2888/2595
f 2891/2890/2597 2889/2889/2596 2890/2891/2598
f 2892/2892/2599 2891/2890/2597 2890/2891/2598
f 2893/2893/2600 2892/2892/2599 2890/2891/2598
f 2896/2894/2601 2895/2895/2602 2894/2896/2603
f 2895/2895/2602 2897/2897/2604 2894/2896/2603
f 2897/2897/2604 2895/2895/2602 2898/2898/2599
f 2899/2899/2605 2897/2897/2604 2898/2898/2599
f 2900/2900/2606 2894/2896/2603 2897/2897/2604
f 2894/2896/2603 2900/2900/2606 2901/2901/2607
f 2896/2894/2601 2894/2896/2603 2901/2901/2607
f 2902/2902/2608 2901/2901/2607 2900/2900/2606
f 2903/2903/2609 2902/2902/2608 2900/2900/2606
f 2897/2897/2604 2904/2904/2610 2900/2900/2606
f 2905/2905/2611 2900/2900/2606 2904/2904/2610
f 2905/2905/2611 2903/2903/2609 2900/2900/2606
f 2904/2904/2610 2906/2906/2612 2905/2905/2611
f 2907/2907/2613 2905/2905/2611 2906/2906/2612
f 2907/2907/2613 2906/2906/2612 2908/2908/2614
f 2909/2909/2615 2908/2908/2614 2906/2906/2612
f 2910/2910/2616 2907/2907/2613 2908/2908/2614
f 2911/2911/2617 2910/2910/2616 2908/2908/2614
f 2912/2912/2618 2911/2911/2617 2908/2908/2614
f 2913/2913/2619 2912/2912/2618 2908/2908/2614
f 2908/2908/2614 2909/2909/2615 2913/2913/2619
f 2913/2913/2619 2909/2909/2615 2914/2914/2620
f 2909/2909/2615 2906/2906/2612 2914/2914/2620
f 2904/2904/2610 2915/2915/2621 2906/2906/2612
f 2916/2916/2622 2906/2906/2612 2915/2915/2621
f 2916/2916/2622 2914/2914/2620 2906/2906/2612
f 2916/2916/2622 2917/2917/2623 2914/2914/2620
f 2918/2918/2624 2914/2914/2620 2917/2917/2623
f 2918/2918/2624 2919/2919/2625 2914/2914/2620
f 2915/2915/2621 2920/2920/2626 2916/2916/2622
f 2917/2917/2623 2916/2916/2622 2920/2920/2626
f 2917/2917/2623 2920/2920/2626 2921/2921/2627
f 2922/2922/2628 2921/2921/2627 2920/2920/2626
f 2922/2922/2628 2920/2920/2626 2923/2923/2629
f 2924/2924/2630 2923/2923/2629 2920/2920/2626
f 2923/2923/2629 2924/2924/2630 2925/2925/2631
f 2926/2926/2632 2925/2925/2631 2924/2924/2630
f 2925/2925/2631 2927/2927/2633 2923/2923/2629
f 2928/2928/2634 2923/2923/2629 2927/2927/2633
f 2923/2923/2629 2929/2929/2635 2922/2922/2628
f 2928/2928/2634 2929/2929/2635 2923/2923/2629
f 2930/2930/2636 2922/2922/2628 2929/2929/2635
f 2930/2930/2636 2931/2931/2637 2922/2922/2628
f 2921/2921/2627 2922/2922/2628 2931/2931/2637
f 2924/2924/2630 2920/2920/2626 2899/2899/2605
f 2932/2932/2592 2924/2924/2630 2899/2899/2605
f 2926/2926/2632 2924/2924/2630 2932/2932/2592
f 2915/2915/2621 2899/2899/2605 2920/2920/2626
f 2925/2925/2631 2926/2926/2632 2933/2933/2638
f 2925/2925/2631 2933/2933/2638 2934/2934/2639
f 2925/2925/2631 2934/2934/2639 2927/2927/2633
f 2927/2927/2633 2934/2934/2639 2935/2935/2640
f 2935/2935/2640 2934/2934/2639 2936/2936/2641
f 2899/2899/2605 2915/2915/2621 2897/2897/2604
f 2904/2904/2610 2897/2897/2604 2915/2915/2621
f 2935/2935/2640 2937/2937/2642 2927/2927/2633
f 2928/2928/2634 2927/2927/2633 2937/2937/2642
f 2928/2928/2634 2937/2937/2642 2929/2929/2635
f 2938/2938/2643 2929/2929/2635 2937/2937/2642
f 2929/2929/2635 2938/2938/2643 2930/2930/2636
f 2939/2939/2644 2930/2930/2636 2938/2938/2643
f 2930/2930/2636 2939/2939/2644 2931/2931/2637
f 2940/2940/2645 2931/2931/2637 2939/2939/2644
f 2940/2940/2645 2941/2941/2646 2931/2931/2637
f 2940/2940/2645 2942/2942/2647 2941/2941/2646
f 2943/2943/2648 2931/2931/2637 2941/2941/2646
f 2943/2943/2648 2941/2941/2646 2944/2944/2649
f 2945/2945/2650 2944/2944/2649 2941/2941/2646
f 2946/2946/2651 2943/2943/2648 2944/2944/2649
f 2944/2944/2649 2947/2947/2652 2946/2946/2651
f 2946/2946/2651 2947/2947/2652 2948/2948/2653
f 2946/2946/2651 2948/2948/2653 2949/2949/2654
f 2918/2918/2624 2946/2946/2651 2949/2949/2654
f 2918/2918/2624 2917/2917/2623 2946/2946/2651
f 2921/2921/2627 2946/2946/2651 2917/2917/2623
f 2946/2946/2651 2921/2921/2627 2943/2943/2648
f 2919/2919/2625 2918/2918/2624 2949/2949/2654
f 2950/2950/2655 2940/2940/2645 2939/2939/2644
f 2940/2940/2645 2950/2950/2655 2942/2942/2647
f 2945/2945/2650 2951/2951/2656 2944/2944/2649
f 2951/2951/2656 2947/2947/2652 2944/2944/2649
f 2945/2945/2650 2941/2941/2646 2952/2952/2657
f 2942/2942/2647 2952/2952/2657 2941/2941/2646
f 2952/2952/2657 2942/2942/2647 2953/2953/2658
f 2954/2954/2659 2953/2953/2658 2942/2942/2647
f 2954/2954/2659 2942/2942/2647 2950/2950/2655
f 2921/2921/2627 2931/2931/2637 2943/2943/2648
f 2901/2901/2607 2956/2955/2660 2955/2956/2641
f 2901/2901/2607 2902/2902/2608 2956/2955/2660
f 2957/2957/2642 2956/2955/2660 2902/2902/2608
f 2957/2957/2642 2902/2902/2608 2958/2958/2661
f 2903/2903/2609 2958/2958/2661 2902/2902/2608
f 2958/2958/2661 2903/2903/2609 2959/2959/2662
f 2960/2960/2663 2959/2959/2662 2903/2903/2609
f 2960/2960/2663 2961/2961/2664 2959/2959/2662
f 2962/2962/2665 2959/2959/2662 2961/2961/2664
f 2960/2960/2663 2905/2905/2611 2961/2961/2664
f 2960/2960/2663 2903/2903/2609 2905/2905/2611
f 2907/2907/2613 2961/2961/2664 2905/2905/2611
f 2907/2907/2613 2910/2910/2616 2961/2961/2664
f 2910/2910/2616 2963/2963/2666 2961/2961/2664
f 2962/2962/2665 2961/2961/2664 2963/2963/2666
f 2910/2910/2616 2911/2911/2617 2963/2963/2666
f 2964/2964/2667 2963/2963/2666 2911/2911/2617
f 2964/2964/2667 2965/2965/2668 2963/2963/2666
f 2966/2966/2669 2963/2963/2666 2965/2965/2668
f 2962/2962/2665 2963/2963/2666 2966/2966/2669
f 2962/2962/2665 2966/2966/2669 2967/2967/2655
f 2962/2962/2665 2967/2967/2655 2959/2959/2662
f 2968/2968/2670 2967/2967/2655 2966/2966/2669
f 2969/2969/2671 2964/2964/2667 2911/2911/2617
f 2911/2911/2617 2970/2970/2672 2969/2969/2671
f 2970/2970/2672 2911/2911/2617 2912/2912/2618
f 2968/2968/2670 2966/2966/2669 2971/2971/2673
f 2965/2965/2668 2971/2971/2673 2966/2966/2669
f 2974/2972/2671 2973/2973/2674 2972/2974/2667
f 2975/2975/2675 2973/2973/2674 2974/2972/2671
f 2973/2973/2674 2976/2976/2676 2972/2974/2667
f 2973/2973/2674 2977/2977/2658 2976/2976/2676
f 2978/2978/2677 2977/2977/2658 2973/2973/2674
f 2978/2978/2677 2973/2973/2674 2979/2979/2650
f 2973/2973/2674 2980/2980/2678 2979/2979/2650
f 2973/2973/2674 2981/2981/2679 2980/2980/2678
f 2984/2982/2680 2983/2983/2681 2982/2984/2682
f 2984/2982/2680 2986/2985/2683 2985/2986/2684
f 2984/2982/2680 2987/2987/2685 2986/2985/2683
f 2984/2982/2680 2988/2988/2686 2987/2987/2685
f 2984/2982/2680 2989/2989/2687 2988/2988/2686
f 2984/2982/2680 2990/2990/2688 2989/2989/2687
f 2991/2991/2689 2896/2894/2601 2955/2956/2641
f 2896/2894/2601 2901/2901/2607 2955/2956/2641
f 2896/2894/2601 2992/2992/2690 2895/2895/2602
f 2896/2894/2601 2993/2993/2691 2992/2992/2690
f 2895/2895/2602 2995/2994/2692 2994/2995/2597
f 2996/2996/2693 2994/2995/2694 2992/2992/2690
f 2895/2895/2602 2994/2995/2597 2898/2898/2599
f 2996/2996/2596 2998/2997/2695 2997/2998/2696
f 2997/2998/2696 2998/2997/2695 2999/2999/2697
f 2998/2997/2695 2933/2933/2638 2999/2999/2697
f 2996/2996/2596 3000/3000/2698 2998/2997/2695
f 2926/2926/2632 3001/3001/2590 2933/2933/2638
f 3001/3001/2590 2926/2926/2632 2932/2932/2592
f 2999/2999/2589 3002/3002/2699 3001/3001/2590
f 3005/3003/2700 3004/3004/2701 3003/3005/2702
f 3003/3005/2702 3006/3006/2703 3005/3003/2700
f 3006/3006/2703 3003/3005/2702 3007/3007/2704
f 3008/3008/2705 3007/3007/2704 3003/3005/2702
f 3011/3009/2706 3010/3010/2707 3009/3011/2703
f 3012/3012/2708 3010/3010/2707 3011/3009/2706
f 3012/3012/2708 3013/3013/2709 3010/3010/2707
f 3014/3014/2710 3010/3010/2707 3013/3013/2709
f 3013/3013/2709 3012/3012/2708 3015/3015/2711
f 3016/3016/2712 3015/3015/2711 3012/3012/2708
f 3011/3009/2706 3016/3016/2712 3012/3012/2708
f 3017/3017/2713 3016/3016/2712 3011/3009/2706
f 3017/3017/2713 3018/3018/2714 3016/3016/2712
f 3019/3019/2715 3011/3009/2706 3009/3011/2703
f 3020/3020/2716 3017/3017/2713 3011/3009/2706
f 3020/3020/2716 3011/3009/2706 3021/3021/2717
f 3019/3019/2715 3021/3021/2717 3011/3009/2706
f 3021/3021/2717 3019/3019/2715 3022/3022/2718
f 3023/3023/2719 3022/3022/2718 3019/3019/2715
f 3022/3022/2718 3024/3024/2720 3021/3021/2717
f 3020/3020/2716 3021/3021/2717 3024/3024/2720
f 3025/3025/2720 3017/3017/2713 3020/3020/2716
f 3028/3026/2721 3027/3027/2722 3026/3028/2723
f 3029/3029/2724 3026/3028/2723 3027/3027/2722
f 3026/3028/2723 3029/3029/2724 3030/3030/2725
f 3030/3030/2725 3031/3031/2726 3026/3028/2723
f 3034/3032/2727 3033/3033/2728 3032/3034/2724
f 3034/3032/2727 3035/3035/2729 3033/3033/2728
f 3035/3035/2729 3034/3032/2727 3036/3036/2730
f 3037/3037/2731 3036/3036/2730 3034/3032/2727
f 3036/3036/2730 3038/3038/2732 3035/3035/2729
f 3039/3039/2733 3035/3035/2729 3038/3038/2732
f 3039/3039/2733 3033/3033/2728 3035/3035/2729
f 3039/3039/2733 3040/3040/2734 3033/3033/2728
f 3041/3041/2735 3040/3040/2734 3039/3039/2733
f 3033/3033/2728 3042/3042/2736 3032/3034/2724
f 3040/3040/2734 3043/3043/2737 3033/3033/2728
f 3033/3033/2728 3043/3043/2737 3044/3044/2738
f 3044/3044/2738 3042/3042/2736 3033/3033/2728
f 3044/3044/2738 3045/3045/2739 3042/3042/2736
f 3046/3046/2740 3042/3042/2736 3045/3045/2739
f 3043/3043/2737 3047/3047/2741 3044/3044/2738
f 3045/3045/2739 3044/3044/2738 3047/3047/2741
f 3040/3040/2734 3048/3048/2741 3043/3043/2737
f 3051/3049/2742 3050/3050/2743 3049/3051/2744
f 3052/3052/2745 3049/3051/2744 3050/3050/2743
f 3052/3052/2745 3053/3053/2746 3049/3051/2744
f 3053/3053/2746 3052/3052/2745 3054/3054/2747
f 3053/3053/2746 3054/3054/2747 3055/3055/2748
f 3056/3056/2749 3055/3055/2748 3054/3054/2747
f 3057/3057/2750 3054/3054/2747 3052/3052/2745
f 3058/3058/2751 3049/3051/2744 3053/3053/2746
f 3053/3053/2746 3055/3055/2748 3058/3058/2751
f 3059/3059/2752 3058/3058/2751 3055/3055/2748
f 3059/3059/2752 3055/3055/2748 3060/3060/2753
f 3061/3061/2754 3060/3060/2753 3055/3055/2748
f 3049/3051/2744 3058/3058/2751 3062/3062/2755
f 3049/3051/2744 3062/3062/2755 3051/3049/2742
f 3063/3063/2756 3062/3062/2755 3058/3058/2751
f 3058/3058/2751 3059/3059/2752 3063/3063/2756
f 3064/3064/2757 3060/3060/2753 3061/3061/2754
f 3065/3065/2758 3064/3064/2757 3061/3061/2754
f 3057/3057/2750 3066/3066/2759 3054/3054/2747
f 3067/3067/2760 3054/3054/2747 3066/3066/2759
f 3057/3057/2750 3068/3068/2761 3066/3066/2759
f 3068/3068/2761 3069/3069/2762 3066/3066/2759
f 3067/3067/2760 3070/3070/2763 3054/3054/2747
f 3063/3063/2756 3071/3071/2764 3062/3062/2755
f 3071/3071/2764 3072/3072/2765 3062/3062/2755
f 3072/3072/2765 3073/3073/2766 3062/3062/2755
f 3074/3074/2767 3062/3062/2755 3073/3073/2766
f 3071/3071/2764 3075/3075/2768 3072/3072/2765
f 3070/3070/2763 3067/3067/2760 3076/3076/2769
f 3077/3077/2770 3076/3076/2769 3067/3067/2760
f 3077/3077/2770 3067/3067/2760 3078/3078/2771
f 3066/3066/2759 3078/3078/2771 3067/3067/2760
f 3069/3069/2762 3078/3078/2771 3066/3066/2759
f 3075/3075/2768 3079/3079/2772 3072/3072/2765
f 3080/3080/2773 3072/3072/2765 3079/3079/2772
f 3081/3081/2774 3077/3077/2770 3078/3078/2771
f 3077/3077/2770 3081/3081/2774 3076/3076/2769
f 3069/3069/2762 3068/3068/2761 3082/3082/2775
f 3078/3078/2771 3082/3082/2775 3081/3081/2774
f 3078/3078/2771 3069/3069/2762 3082/3082/2775
f 3081/3081/2774 3082/3082/2775 3083/3083/2776
f 3084/3084/2777 3083/3083/2776 3082/3082/2775
f 3084/3084/2777 3085/3085/2778 3083/3083/2776
f 3086/3086/2779 3083/3083/2776 3085/3085/2778
f 3086/3086/2779 3087/3087/2780 3083/3083/2776
f 3088/3088/2781 3083/3083/2776 3087/3087/2780
f 3085/3085/2778 3089/3089/2782 3086/3086/2779
f 3085/3085/2778 3050/3050/2743 3089/3089/2782
f 3051/3049/2742 3089/3089/2782 3050/3050/2743
f 3090/3090/2783 3086/3086/2779 3089/3089/2782
f 3086/3086/2779 3090/3090/2783 3087/3087/2780
f 3091/3091/2784 3087/3087/2780 3090/3090/2783
f 3091/3091/2784 3092/3092/2785 3087/3087/2780
f 3093/3093/2786 3087/3087/2780 3092/3092/2785
f 3089/3089/2782 3094/3094/2787 3090/3090/2783
f 3089/3089/2782 3051/3049/2742 3094/3094/2787
f 3095/3095/2788 3090/3090/2783 3094/3094/2787
f 3091/3091/2784 3090/3090/2783 3095/3095/2788
f 3092/3092/2785 3096/3096/2789 3093/3093/2786
f 3096/3096/2789 3097/3097/2790 3093/3093/2786
f 3098/3098/2791 3095/3095/2788 3094/3094/2787
f 3099/3099/2792 3098/3098/2791 3094/3094/2787
f 3099/3099/2792 3094/3094/2787 3100/3100/2793
f 3101/3101/2794 3100/3100/2793 3094/3094/2787
f 3075/3075/2768 3098/3098/2791 3099/3099/2792
f 3102/3102/2795 3094/3094/2787 3051/3049/2742
f 3102/3102/2795 3051/3049/2742 3062/3062/2755
f 3103/3103/2796 3102/3102/2795 3062/3062/2755
f 3104/3104/2797 3103/3103/2796 3062/3062/2755
f 3102/3102/2795 3105/3105/2798 3094/3094/2787
f 3105/3105/2798 3106/3106/2799 3094/3094/2787
f 3075/3075/2768 3099/3099/2792 3079/3079/2772
f 3107/3107/2800 3079/3079/2772 3099/3099/2792
f 3097/3097/2790 3108/3108/2801 3093/3093/2786
f 3087/3087/2780 3093/3093/2786 3108/3108/2801
f 3087/3087/2780 3108/3108/2801 3109/3109/2802
f 3111/3110/2803 3055/3055/2748 3110/3111/2804
f 3061/3061/2754 3055/3055/2748 3111/3110/2803
f 3111/3110/2803 3065/3065/2758 3061/3061/2754
f 3114/3112/2805 3113/3113/2806 3112/3114/2807
f 3115/3115/2808 3112/3114/2807 3113/3113/2806
f 3113/3113/2806 3114/3112/2805 3116/3116/2809
f 3117/3117/2810 3116/3116/2809 3114/3112/2805
f 3116/3116/2809 3119/3118/2811 3118/3119/2812
f 3120/3120/2813 3118/3119/2812 3119/3118/2811
f 3120/3120/2813 3121/3121/2814 3118/3119/2812
f 3122/3122/2815 3118/3119/2812 3121/3121/2814
f 3124/3123/2749 3123/3124/2763 3120/3120/2813
f 3125/3125/2816 3120/3120/2813 3123/3124/2763
f 3126/3126/2817 3125/3125/2816 3123/3124/2763
f 3125/3125/2816 3126/3126/2817 3127/3127/2818
f 3125/3125/2816 3127/3127/2818 3120/3120/2813
f 3128/3128/2781 3120/3120/2813 3127/3127/2818
f 3130/3129/2819 3122/3122/2815 3129/3130/2820
f 3129/3130/2820 3131/3131/2821 3130/3129/2819
f 3132/3132/2822 3130/3129/2819 3131/3131/2821
f 3133/3133/2823 3129/3130/2820 3122/3122/2815
f 3134/3134/2824 3054/3054/2747 3070/3070/2763
f 3137/3135/2772 3136/3136/2825 3135/3137/2826
f 3139/3138/2827 3137/3135/2828 3138/3139/2800
f 3142/3140/2829 3141/3141/2830 3140/3142/2831
f 3052/3052/2745 3050/3050/2743 3143/3143/2832
f 3143/3143/2832 3057/3057/2750 3052/3052/2745
f 3143/3143/2832 3068/3068/2761 3057/3057/2750
f 3050/3050/2743 3085/3085/2778 3143/3143/2832
f 3084/3084/2777 3143/3143/2832 3085/3085/2778
f 3068/3068/2761 3143/3143/2832 3084/3084/2777
f 3068/3068/2761 3084/3084/2777 3082/3082/2775
f 3146/3144/2833 3145/3145/2834 3144/3146/2835
f 3081/3081/2774 3083/3083/2776 3147/3147/2818
f 3148/3148/2836 3147/3147/2818 3083/3083/2776
f 3147/3147/2818 3076/3076/2769 3081/3081/2774
f 3151/3149/2837 3150/3150/2838 3149/3151/2839
f 3154/3152/2840 3153/3153/2841 3152/3154/2842
f 3157/3155/2843 3156/3156/2844 3155/3157/2845
f 3159/3158/2846 3156/3156/2844 3158/3159/2847
f 3155/3157/2848 3161/3160/2849 3160/3161/2850
f 3158/3159/2851 3161/3160/2849 3162/3162/2852
f 3161/3160/2849 3163/3163/2853 3162/3162/2852
f 3163/3163/2854 3165/3164/2855 3164/3165/2856
f 3166/3166/2857 3164/3165/2856 3165/3164/2855
f 3165/3164/2855 3167/3167/2858 3166/3166/2857
f 3168/3168/2859 3166/3166/2857 3167/3167/2858
f 3168/3168/2859 3169/3169/2860 3166/3166/2857
f 3170/3170/2861 3166/3166/2857 3169/3169/2860
f 3166/3166/2857 3170/3170/2861 3171/3171/2862
f 3173/3172/2863 3172/3173/2864 3170/3170/2861
f 3175/3174/2865 3171/3171/2866 3174/3175/2867
f 3173/3172/2868 3174/3175/2867 3176/3176/2869
f 3174/3175/2867 3178/3177/2870 3177/3178/2871
f 3179/3179/2872 3177/3178/2871 3178/3177/2870
f 3181/3180/2873 3178/3177/2870 3180/3181/2874
f 3182/3182/2875 3180/3181/2874 3178/3177/2870
f 3182/3182/2876 3184/3183/2860 3183/3184/2877
f 3185/3185/2878 3183/3184/2877 3184/3183/2860
f 3188/3186/2879 3187/3187/2858 3186/3188/2880
f 3189/3189/2881 3186/3188/2880 3187/3187/2858
f 3189/3189/2882 3191/3190/2883 3190/3191/2884
f 3192/3192/2885 3190/3191/2884 3191/3190/2883
f 3191/3190/2886 3156/3156/2844 3193/3193/2887
f 3196/3194/2870 3195/3195/2867 3194/3196/2876
f 3197/3197/2860 3194/3196/2876 3195/3195/2867
f 3197/3197/2860 3195/3195/2867 3198/3198/2861
f 3199/3199/2888 3198/3198/2861 3195/3195/2867
f 3202/3200/2889 3201/3201/2890 3200/3202/2891
f 3202/3200/2889 3204/3203/2892 3203/3204/2893
f 3206/3205/2894 3200/3202/2895 3205/3206/2896
f 3206/3205/2894 3203/3204/2897 3207/3207/2898
f 3208/3208/2899 3206/3205/2894 3207/3207/2898
f 3208/3208/2900 3210/3209/2901 3209/3210/2902
f 3211/3211/2903 3209/3210/2902 3210/3209/2901
f 3209/3210/2902 3211/3211/2903 3212/3212/2904
f 3213/3213/2905 3212/3212/2904 3211/3211/2903
f 3213/3213/2905 3211/3211/2903 3214/3214/2906
f 3215/3215/2907 3214/3214/2906 3211/3211/2903
f 3211/3211/2903 3216/3216/2908 3215/3215/2907
f 3218/3217/2909 3215/3215/2907 3217/3218/2910
f 3218/3217/2911 3220/3219/2912 3219/3220/2913
f 3221/3221/2914 3219/3220/2913 3216/3216/2915
f 3219/3220/2913 3223/3222/2916 3222/3223/2917
f 3224/3224/2918 3222/3223/2917 3223/3222/2916
f 3226/3225/2919 3222/3223/2917 3225/3226/2920
f 3227/3227/2921 3225/3226/2920 3222/3223/2917
f 3226/3225/2922 3229/3228/2923 3228/3229/2906
f 3230/3230/2924 3228/3229/2906 3229/3228/2923
f 3233/3231/2925 3232/3232/2904 3231/3233/2926
f 3234/3234/2927 3231/3233/2926 3232/3232/2904
f 3233/3231/2928 3236/3235/2929 3235/3236/2930
f 3237/3237/2931 3235/3236/2930 3236/3235/2929
f 3202/3200/2889 3235/3236/2932 3238/3238/2933
f 3241/3239/2906 3240/3240/2913 3239/3241/2922
f 3242/3242/2917 3239/3241/2922 3240/3240/2913
f 3241/3239/2906 3243/3243/2907 3240/3240/2913
f 3244/3244/2934 3240/3240/2913 3243/3243/2907
f 3247/3245/2935 3246/3246/2936 3245/3247/2937
f 3246/3246/2936 3248/3248/2938 3245/3247/2937
f 3246/3246/2936 3249/3249/2939 3248/3248/2938
f 3248/3248/2938 3250/3250/2940 3245/3247/2937
f 3253/3251/2938 3252/3252/2941 3251/3253/2942
f 3253/3251/2938 3254/3254/2943 3252/3252/2941
f 3254/3254/2943 3255/3255/2944 3252/3252/2941
f 3255/3255/2944 3256/3256/2945 3252/3252/2941
f 3253/3251/2938 3257/3257/2939 3254/3254/2943
f 3260/3258/2946 3259/3259/2947 3258/3260/2936
f 3258/3260/2936 3261/3261/2935 3260/3258/2946
f 3262/3262/2948 3260/3258/2946 3261/3261/2935
f 3262/3262/2948 3263/3263/2949 3260/3258/2946
f 3264/3264/2950 3260/3258/2946 3263/3263/2949
f 3260/3258/2946 3264/3264/2950 3265/3265/2943
f 3260/3258/2946 3265/3265/2943 3259/3259/2947
f 3266/3266/2944 3265/3265/2943 3264/3264/2950
f 3269/3267/2937 3268/3268/2951 3267/3269/2952
f 3268/3268/2951 3270/3270/2953 3267/3269/2952
f 3271/3271/2954 3270/3270/2953 3268/3268/2951
f 3274/3272/2955 3273/3273/2956 3272/3274/2957
f 3272/3274/2957 3275/3275/2958 3274/3272/2955
f 3276/3276/2959 3274/3272/2955 3275/3275/2958
f 3274/3272/2955 3276/3276/2959 3277/3277/2960
f 3273/3273/2956 3274/3272/2955 3277/3277/2960
f 3275/3275/2958 3272/3274/2957 3278/3278/2961
f 3279/3279/2962 3278/3278/2961 3272/3274/2957
f 3272/3274/2957 3280/3280/2963 3279/3279/2962
f 3273/3273/2956 3280/3280/2963 3272/3274/2957
f 3279/3279/2962 3281/3281/2964 3278/3278/2961
f 3282/3282/2965 3278/3278/2961 3281/3281/2964
f 3282/3282/2965 3281/3281/2964 3283/3283/2966
f 3284/3284/2967 3283/3283/2966 3281/3281/2964
f 3283/3283/2966 3284/3284/2967 3285/3285/2968
f 3286/3286/2969 3285/3285/2968 3284/3284/2967
f 3286/3286/2969 3284/3284/2967 3287/3287/2970
f 3287/3287/2970 3288/3288/2971 3286/3286/2969
f 3289/3289/2972 3286/3286/2969 3288/3288/2971
f 3287/3287/2970 3290/3290/2973 3288/3288/2971
f 3287/3287/2970 3284/3284/2967 3290/3290/2973
f 3291/3291/2974 3288/3288/2971 3290/3290/2973
f 3282/3282/2965 3292/3292/2975 3278/3278/2961
f 3282/3282/2965 3283/3283/2966 3292/3292/2975
f 3293/3293/2976 3278/3278/2961 3292/3292/2975
f 3293/3293/2976 3294/3294/2977 3278/3278/2961
f 3295/3295/2978 3294/3294/2977 3293/3293/2976
f 3296/3296/2979 3292/3292/2975 3283/3283/2966
f 3283/3283/2966 3297/3297/2980 3296/3296/2979
f 3298/3298/2981 3296/3296/2979 3297/3297/2980
f 3299/3299/2982 3288/3288/2971 3298/3298/2981
f 3300/3300/2983 3298/3298/2981 3288/3288/2971
f 3296/3296/2979 3298/3298/2981 3300/3300/2983
f 3288/3288/2971 3291/3291/2974 3300/3300/2983
f 3296/3296/2979 3301/3301/2984 3292/3292/2975
f 3295/3295/2978 3293/3293/2976 3302/3302/2985
f 3303/3303/2986 3302/3302/2985 3293/3293/2976
f 3293/3293/2976 3304/3304/2987 3303/3303/2986
f 3292/3292/2975 3304/3304/2987 3293/3293/2976
f 3303/3303/2986 3304/3304/2987 3305/3305/2988
f 3306/3306/2989 3305/3305/2988 3304/3304/2987
f 3306/3306/2989 3307/3307/2990 3305/3305/2988
f 3308/3308/2991 3305/3305/2988 3307/3307/2990
f 3308/3308/2991 3309/3309/2992 3305/3305/2988
f 3310/3310/2993 3305/3305/2988 3309/3309/2992
f 3302/3302/2985 3303/3303/2986 3310/3310/2993
f 3305/3305/2988 3310/3310/2993 3303/3303/2986
f 3311/3311/2994 3296/3296/2979 3300/3300/2983
f 3301/3301/2984 3296/3296/2979 3311/3311/2994
f 3311/3311/2994 3300/3300/2983 3291/3291/2974
f 3279/3279/2962 3308/3308/2991 3307/3307/2990
f 3281/3281/2964 3279/3279/2962 3307/3307/2990
f 3281/3281/2964 3307/3307/2990 3312/3312/2995
f 3284/3284/2967 3281/3281/2964 3312/3312/2995
f 3312/3312/2995 3290/3290/2973 3284/3284/2967
f 3313/3313/2996 3312/3312/2995 3307/3307/2990
f 3312/3312/2995 3313/3313/2996 3314/3314/2997
f 3312/3312/2995 3314/3314/2997 3290/3290/2973
f 3291/3291/2974 3290/3290/2973 3314/3314/2997
f 3291/3291/2974 3314/3314/2997 3311/3311/2994
f 3315/3315/2998 3314/3314/2997 3313/3313/2996
f 3313/3313/2996 3316/3316/2999 3315/3315/2998
f 3317/3317/3000 3315/3315/2998 3316/3316/2999
f 3316/3316/2999 3313/3313/2996 3318/3318/3001
f 3316/3316/2999 3318/3318/3001 3317/3317/3000
f 3319/3319/3002 3318/3318/3001 3313/3313/2996
f 3314/3314/2997 3315/3315/2998 3301/3301/2984
f 3301/3301/2984 3311/3311/2994 3314/3314/2997
f 3320/3320/3003 3301/3301/2984 3315/3315/2998
f 3315/3315/2998 3317/3317/3000 3320/3320/3003
f 3301/3301/2984 3320/3320/3003 3292/3292/2975
f 3304/3304/2987 3292/3292/2975 3320/3320/3003
f 3321/3321/3004 3320/3320/3003 3317/3317/3000
f 3321/3321/3004 3317/3317/3000 3322/3322/3005
f 3323/3323/3006 3322/3322/3005 3317/3317/3000
f 3323/3323/3006 3317/3317/3000 3318/3318/3001
f 3320/3320/3003 3321/3321/3004 3324/3324/3007
f 3322/3322/3005 3324/3324/3007 3321/3321/3004
f 3304/3304/2987 3320/3320/3003 3324/3324/3007
f 3304/3304/2987 3324/3324/3007 3306/3306/2989
f 3325/3325/3008 3306/3306/2989 3324/3324/3007
f 3319/3319/3002 3307/3307/2990 3325/3325/3008
f 3306/3306/2989 3326/3326/3009 3307/3307/2990
f 3307/3307/2990 3319/3319/3002 3313/3313/2996
f 3328/3327/3010 3327/3328/3011 3276/3276/2959
f 3330/3329/3012 3276/3276/2959 3329/3330/3013
f 3332/3331/3014 3331/3332/3015 3276/3276/2959
f 3276/3276/2959 3275/3275/2958 3332/3331/3014
f 3294/3294/2977 3332/3331/3014 3275/3275/2958
f 3333/3333/3016 3332/3331/3014 3294/3294/2977
f 3331/3332/3015 3332/3331/3014 3333/3333/3016
f 3275/3275/2958 3278/3278/2961 3294/3294/2977
f 3295/3295/2978 3333/3333/3016 3294/3294/2977
f 3331/3332/3015 3333/3333/3016 3334/3334/3017
f 3336/3335/3018 3335/3336/3019 3334/3334/3020
f 3338/3337/3021 3334/3334/3020 3337/3338/3022
f 3340/3339/3023 3337/3338/3022 3339/3340/3024
f 3336/3335/3018 3339/3340/3024 3341/3341/3025
f 3277/3277/2960 3339/3340/3024 3273/3273/2956
f 3309/3309/2992 3308/3308/2991 3280/3280/2963
f 3279/3279/2962 3280/3280/2963 3308/3308/2991
f 3344/3342/3026 3343/3343/3002 3342/3344/3027
f 3345/3345/3009 3342/3344/3027 3343/3343/3002
f 3342/3344/3027 3346/3346/3028 3344/3342/3026
f 3346/3346/3028 3342/3344/3027 3347/3347/3029
f 3348/3348/3030 3347/3347/3029 3342/3344/3027
f 3342/3344/3027 3349/3349/3031 3348/3348/3030
f 3347/3347/3029 3348/3348/3030 3350/3350/3007
f 3350/3350/3007 3348/3348/3030 3351/3351/3032
f 3352/3352/3001 3344/3342/3026 3346/3346/3028
f 3343/3343/3002 3344/3342/3026 3352/3352/3001
f 3355/3353/3033 3354/3354/3034 3353/3355/3035
f 3356/3356/3036 3353/3355/3035 3354/3354/3034
f 3354/3354/3034 3357/3357/3037 3356/3356/3036
f 3358/3358/3038 3356/3356/3036 3357/3357/3037
f 3355/3353/3033 3359/3359/3039 3354/3354/3034
f 3360/3360/3040 3354/3354/3034 3359/3359/3039
f 3361/3361/3041 3357/3357/3042 3360/3360/3040
f 3354/3354/3034 3360/3360/3040 3362/3362/3043
f 3365/3363/3044 3364/3364/3035 3363/3365/3045
f 3366/3366/3024 3363/3365/3045 3364/3364/3035
f 3366/3366/3024 3364/3364/3035 3367/3367/2956
f 3364/3364/3035 3368/3368/3036 3367/3367/2956
f 3367/3367/2956 3368/3368/3036 3369/3369/2963
f 3369/3369/2963 3368/3368/3036 3370/3370/3038
f 3371/3371/2992 3369/3369/2963 3370/3370/3038
f 3371/3371/2992 3370/3370/3038 3372/3372/3046
f 3371/3371/2992 3374/3373/3047 3373/3374/2993
f 3374/3373/3047 3375/3375/2985 3373/3374/2993
f 3375/3375/2985 3377/3376/3041 3376/3377/2978
f 3378/3378/3043 3377/3376/3041 3375/3375/2985
f 3377/3376/3041 3379/3379/3040 3376/3377/2978
f 3379/3379/3040 3380/3380/3016 3376/3377/2978
f 3379/3379/3040 3381/3381/3048 3380/3380/3016
f 3381/3381/3048 3382/3382/3020 3380/3380/3016
f 3382/3382/3020 3381/3381/3048 3383/3383/3049
f 3384/3384/3050 3383/3383/3049 3381/3381/3048
