# Blender v2.78 (sub 0) OBJ File: ''
# www.blender.org
mtllib Unit03.mtl
o w03_001_0_Untitled.078
v 0.655425 2.041460 -0.017316
v 0.661875 2.059114 -0.025690
v 0.647201 2.050636 -0.037574
v 0.650240 2.065769 -0.010173
v 0.657030 2.075721 -0.032453
v 0.641605 2.058321 -0.047033
v 0.648907 2.113370 -0.050186
v 0.627161 2.059516 -0.046021
v 0.631854 2.005275 -0.016104
v 0.634160 2.008750 0.002387
v 0.619678 2.009572 0.003530
v 0.617378 2.006103 -0.014917
v 0.617378 2.006103 -0.014917
v 0.634513 2.114927 -0.049172
v 0.651212 2.116864 -0.031645
v 0.647094 2.066624 -0.002890
v 0.619678 2.009572 0.003530
v 0.632630 2.067848 -0.001768
v 0.636788 2.118401 -0.030693
v 0.636788 2.118401 -0.030693
v 0.634513 2.114927 -0.049172
v 0.524026 2.034559 -0.159540
v 0.510692 1.998880 -0.131535
v 0.516194 1.996035 -0.138787
v 0.518592 2.038279 -0.152739
v 0.546335 2.069106 -0.166710
v 0.541489 2.073550 -0.160062
v 0.543082 2.026714 -0.157509
v 0.556905 2.067721 -0.158125
v 0.541489 2.073550 -0.160062
v 0.552130 2.072153 -0.151409
v 0.526737 1.994688 -0.130224
v 0.510692 1.998880 -0.131535
v 0.521331 1.997502 -0.122888
v 0.550027 2.031172 -0.138432
v 0.552130 2.072153 -0.151409
v 0.545154 2.034833 -0.131167
v 0.521331 1.997502 -0.122888
v 0.573510 2.031847 -0.134824
v 0.562139 1.996320 -0.103906
v 0.569512 1.993808 -0.109929
v 0.566105 2.035242 -0.129380
v 0.583430 2.074021 -0.138010
v 0.590341 2.069835 -0.143338
v 0.593817 2.027785 -0.128763
v 0.599626 2.071166 -0.132907
v 0.592787 2.075336 -0.127520
v 0.583430 2.074021 -0.138010
v 0.578781 1.995165 -0.099529
v 0.571492 1.997668 -0.093413
v 0.562139 1.996320 -0.103906
v 0.596380 2.035123 -0.109196
v 0.592787 2.075336 -0.127520
v 0.589451 2.038598 -0.103189
v 0.571492 1.997668 -0.093413
v 0.603704 2.046017 -0.090302
v 0.603785 1.998509 -0.066110
v 0.613598 2.042096 -0.094300
v 0.593799 2.001408 -0.061457
v 0.633517 2.085953 -0.100737
v 0.624208 2.090806 -0.096791
v 0.634913 2.037411 -0.082000
v 0.641196 2.087693 -0.086713
v 0.624208 2.090806 -0.096791
v 0.631934 2.092546 -0.082664
v 0.611419 2.000228 -0.052130
v 0.593799 2.001408 -0.061457
v 0.601549 2.003148 -0.047332
v 0.632439 2.046348 -0.059792
v 0.631934 2.092546 -0.082664
v 0.622951 2.050364 -0.055063
v 0.601549 2.003148 -0.047332
v 0.526015 2.631323 -0.331820
v 0.563779 2.616995 -0.186491
v 0.545443 2.515459 -0.263784
v 0.559867 2.245849 -0.221257
v 0.579065 2.256759 -0.156879
v 0.547523 2.793680 -0.190403
v 0.527773 2.867042 -0.223470
v 0.469180 3.029348 -0.364087
v 0.497828 3.030042 -0.238851
v 0.589710 2.619420 -0.197955
v 0.551525 2.633932 -0.343068
v 0.571627 2.518116 -0.275234
v 0.545443 2.515459 -0.263784
v 0.526015 2.631323 -0.331820
v 0.611420 2.259442 -0.168443
v 0.585414 2.248510 -0.232817
v 0.559867 2.245849 -0.221257
v 0.469180 3.029348 -0.364087
v 0.494514 3.032723 -0.374043
v 0.559867 2.245849 -0.221257
v 0.579065 2.256759 -0.156879
v 0.552844 2.869694 -0.234704
v 0.573161 2.796046 -0.201827
v 0.547523 2.793680 -0.190403
v 0.527773 2.867042 -0.223470
v 0.523051 3.032609 -0.247003
v 0.497828 3.030042 -0.238851
v 0.497828 3.030042 -0.238851
v 0.469180 3.029348 -0.364087
v 0.526055 2.192729 0.039402
v 0.531375 2.202629 0.033627
v 0.542554 2.195918 0.046242
v 0.543240 2.206378 0.031434
v 0.554701 2.201780 0.034108
v 0.559044 2.191528 0.040082
v 0.553725 2.181628 0.045857
v 0.541860 2.177879 0.048050
v 0.530399 2.182477 0.045376
v 0.520750 2.186556 0.028373
v 0.527777 2.199636 0.020743
v 0.543455 2.204590 0.017845
v 0.558599 2.198515 0.021378
v 0.564337 2.184969 0.029272
v 0.557310 2.171888 0.036902
v 0.541631 2.166935 0.039799
v 0.526488 2.173010 0.036267
v -0.655425 2.041460 -0.017316
v -0.647201 2.050636 -0.037574
v -0.661875 2.059114 -0.025690
v -0.650240 2.065769 -0.010173
v -0.657030 2.075721 -0.032453
v -0.641605 2.058321 -0.047033
v -0.648907 2.113370 -0.050186
v -0.627161 2.059516 -0.046021
v -0.631854 2.005275 -0.016104
v -0.634160 2.008750 0.002387
v -0.619678 2.009572 0.003530
v -0.617378 2.006103 -0.014917
v -0.617378 2.006103 -0.014917
v -0.634513 2.114927 -0.049172
v -0.651212 2.116864 -0.031645
v -0.647094 2.066624 -0.002890
v -0.619678 2.009572 0.003530
v -0.632630 2.067848 -0.001768
v -0.636788 2.118401 -0.030693
v -0.636788 2.118401 -0.030693
v -0.634513 2.114927 -0.049172
v -0.524026 2.034559 -0.159540
v -0.510692 1.998880 -0.131535
v -0.518592 2.038279 -0.152739
v -0.516194 1.996035 -0.138787
v -0.546335 2.069106 -0.166710
v -0.541489 2.073550 -0.160062
v -0.543082 2.026714 -0.157509
v -0.556905 2.067721 -0.158125
v -0.541489 2.073550 -0.160062
v -0.552130 2.072153 -0.151409
v -0.526737 1.994688 -0.130224
v -0.510692 1.998880 -0.131535
v -0.521331 1.997502 -0.122888
v -0.550027 2.031172 -0.138432
v -0.552130 2.072153 -0.151409
v -0.545154 2.034833 -0.131167
v -0.521331 1.997502 -0.122888
v -0.573510 2.031847 -0.134824
v -0.562139 1.996320 -0.103906
v -0.566105 2.035242 -0.129380
v -0.569512 1.993808 -0.109929
v -0.583430 2.074021 -0.138010
v -0.590341 2.069835 -0.143338
v -0.593817 2.027785 -0.128763
v -0.599626 2.071166 -0.132907
v -0.592787 2.075336 -0.127520
v -0.583430 2.074021 -0.138010
v -0.578781 1.995165 -0.099529
v -0.571492 1.997668 -0.093413
v -0.562139 1.996320 -0.103906
v -0.596380 2.035123 -0.109196
v -0.592787 2.075336 -0.127520
v -0.589451 2.038598 -0.103189
v -0.571492 1.997668 -0.093413
v -0.603704 2.046017 -0.090302
v -0.603785 1.998509 -0.066110
v -0.593799 2.001408 -0.061457
v -0.613598 2.042096 -0.094300
v -0.633517 2.085953 -0.100737
v -0.624208 2.090806 -0.096791
v -0.634913 2.037411 -0.082000
v -0.641196 2.087693 -0.086713
v -0.624208 2.090806 -0.096791
v -0.631934 2.092546 -0.082664
v -0.611419 2.000228 -0.052130
v -0.593799 2.001408 -0.061457
v -0.601549 2.003148 -0.047332
v -0.632439 2.046348 -0.059792
v -0.631934 2.092546 -0.082664
v -0.622951 2.050364 -0.055063
v -0.601549 2.003148 -0.047332
v -0.526015 2.631323 -0.331820
v -0.545443 2.515459 -0.263784
v -0.563779 2.616995 -0.186491
v -0.559867 2.245849 -0.221257
v -0.579065 2.256759 -0.156879
v -0.547523 2.793680 -0.190403
v -0.527773 2.867042 -0.223470
v -0.469180 3.029348 -0.364087
v -0.497828 3.030042 -0.238851
v -0.589710 2.619420 -0.197955
v -0.571627 2.518116 -0.275234
v -0.551525 2.633932 -0.343068
v -0.545443 2.515459 -0.263784
v -0.526015 2.631323 -0.331820
v -0.611420 2.259442 -0.168443
v -0.585414 2.248510 -0.232817
v -0.559867 2.245849 -0.221257
v -0.469180 3.029348 -0.364087
v -0.494514 3.032723 -0.374043
v -0.559867 2.245849 -0.221257
v -0.579065 2.256759 -0.156879
v -0.552844 2.869694 -0.234704
v -0.573161 2.796046 -0.201827
v -0.547523 2.793680 -0.190403
v -0.527773 2.867042 -0.223470
v -0.523051 3.032609 -0.247003
v -0.497828 3.030042 -0.238851
v -0.497828 3.030042 -0.238851
v -0.469180 3.029348 -0.364087
v -0.526055 2.192729 0.039402
v -0.542554 2.195918 0.046242
v -0.531375 2.202629 0.033627
v -0.543240 2.206378 0.031434
v -0.554701 2.201780 0.034108
v -0.559044 2.191528 0.040082
v -0.553725 2.181628 0.045857
v -0.541860 2.177879 0.048050
v -0.530399 2.182477 0.045376
v -0.520750 2.186556 0.028373
v -0.527777 2.199636 0.020743
v -0.543455 2.204590 0.017845
v -0.558599 2.198515 0.021378
v -0.564337 2.184969 0.029272
v -0.557310 2.171888 0.036902
v -0.541631 2.166935 0.039799
v -0.526488 2.173010 0.036267
v -0.535044 2.125476 -0.161841
v -0.516739 2.124652 -0.109519
v -0.551705 2.177952 -0.157679
v -0.509409 2.066261 -0.120317
v -0.634072 2.130407 -0.107158
v -0.633785 2.182481 -0.111936
v -0.618580 2.184044 -0.021249
v -0.623062 2.128934 -0.006672
v -0.634193 2.065175 -0.024703
v -0.621460 2.243870 -0.048871
v -0.635595 2.244079 -0.121492
v -0.562437 2.241498 -0.158842
v -0.529405 2.239826 -0.086680
v -0.524582 2.173035 -0.074229
v -0.544829 2.128035 -0.069985
v -0.557548 2.123066 -0.022278
v -0.586735 2.057754 -0.046867
v -0.544789 2.066868 -0.084623
v -0.573738 2.125526 0.008908
v -0.619731 2.067168 0.015741
v -0.591198 2.063318 0.008537
v -0.541194 2.133374 0.004526
v -0.578362 1.993565 0.033840
v -0.603071 1.989536 0.039463
v -0.559193 1.921283 0.074872
v -0.613187 1.977838 0.011531
v -0.565740 1.916925 0.052813
v -0.539443 1.902190 0.082722
v -0.546323 1.918345 0.044322
v -0.581423 1.985506 0.004742
v -0.601074 2.055098 -0.029680
v -0.539191 1.929094 0.068399
v -0.539443 1.902190 0.082722
v -0.530723 1.900490 0.059707
v -0.517222 2.089747 0.042232
v -0.515228 2.186653 -0.003492
v -0.541194 2.133374 0.004526
v -0.560240 2.241581 -0.027053
v -0.515228 2.186653 -0.003492
v -0.484086 2.105105 0.040994
v -0.471378 2.054832 0.076729
v -0.496667 2.051124 0.085313
v -0.476740 2.047360 0.099853
v -0.601074 2.055098 -0.029680
v -0.621823 2.065853 -0.074538
v -0.595330 2.055064 -0.119800
v -0.588013 2.053636 -0.077302
v -0.538524 1.978039 -0.048815
v -0.549204 2.057465 -0.145490
v -0.515632 2.060823 -0.149719
v -0.483718 1.989945 -0.122773
v -0.511599 1.974377 -0.121408
v -0.484471 1.999576 -0.099855
v -0.540638 2.052972 -0.116968
v -0.452012 1.942238 -0.088629
v -0.472870 1.931245 -0.083978
v -0.499202 1.986273 -0.092748
v -0.462478 1.945322 -0.063271
v -0.444358 1.952604 -0.069821
v -0.442639 1.926307 -0.075252
v -0.499202 1.986273 -0.092748
v -0.540638 2.052972 -0.116968
v -0.462478 1.945322 -0.063271
v -0.540638 2.052972 -0.116968
v -0.447087 1.930246 -0.054572
v -0.447087 1.930246 -0.054572
v -0.447087 1.930246 -0.054572
v -0.447087 1.930246 -0.054572
v -0.540638 2.052972 -0.116968
v -0.523892 1.978360 -0.086221
v -0.515284 1.990507 -0.059304
v -0.588013 2.053636 -0.077302
v -0.538524 1.978039 -0.048815
v -0.464929 1.905816 -0.039594
v -0.449455 1.911925 -0.010121
v -0.478229 1.909512 -0.006617
v -0.445938 1.883682 -0.024403
v -0.456772 1.886237 0.004142
v -0.588013 2.053636 -0.077302
v -0.547848 1.981061 -0.042136
v -0.555513 1.984275 -0.020494
v -0.588013 2.053636 -0.077302
v -0.601074 2.055098 -0.029680
v -0.494929 1.896918 0.005348
v -0.494375 1.901353 0.028362
v -0.578775 1.980724 -0.012486
v -0.509013 1.900428 0.037743
v -0.488077 1.877573 0.046585
v -0.601074 2.055098 -0.029680
v -0.494929 1.896918 0.005348
v -0.478290 1.876320 0.024860
v -0.601074 2.055098 -0.029680
v -0.601074 2.055098 -0.029680
v -0.591198 2.063318 0.008537
v -0.581423 1.985506 0.004742
v -0.578362 1.993565 0.033840
v -0.546323 1.918345 0.044322
v -0.539191 1.929094 0.068399
v -0.530723 1.900490 0.059707
v -0.573738 2.125526 0.008908
v -0.539443 1.902190 0.082722
v -0.530723 1.900490 0.059707
v -0.588013 2.053636 -0.077302
v -0.585650 1.967844 -0.042004
v -0.547848 1.981061 -0.042136
v -0.494929 1.896918 0.005348
v -0.578775 1.980724 -0.012486
v -0.601074 2.055098 -0.029680
v -0.509013 1.900428 0.037743
v -0.520140 1.891502 0.011646
v -0.494929 1.896918 0.005348
v -0.478290 1.876320 0.024860
v -0.488077 1.877573 0.046585
v -0.488077 1.877573 0.046585
v -0.478290 1.876320 0.024860
v -0.560240 2.241581 -0.027053
v -0.515228 2.186653 -0.003492
v -0.543290 2.195618 0.023538
v -0.488030 2.128528 0.070153
v -0.525175 2.106264 0.068843
v -0.473894 2.070149 0.097125
v -0.498508 2.063318 0.098652
v -0.496667 2.051124 0.085313
v -0.517222 2.089747 0.042232
v -0.541194 2.133374 0.004526
v -0.471378 2.054832 0.076729
v -0.484086 2.105105 0.040994
v -0.572162 2.167452 0.028723
v -0.541194 2.133374 0.004526
v -0.476740 2.047360 0.099853
v -0.515228 2.186653 -0.003492
v -0.540638 2.052972 -0.116968
v -0.523892 1.978360 -0.086221
v -0.559838 1.967890 -0.086374
v -0.464929 1.905816 -0.039594
v -0.595330 2.055064 -0.119800
v -0.559838 1.967890 -0.086374
v -0.485877 1.889026 -0.030039
v -0.478229 1.909512 -0.006617
v -0.456772 1.886237 0.004142
v -0.445938 1.883682 -0.024403
v -0.540638 2.052972 -0.116968
v -0.559838 1.967890 -0.086374
v -0.595330 2.055064 -0.119800
v -0.478290 1.876320 0.024860
v -0.488077 1.877573 0.046585
v -0.591749 2.831313 -0.037824
v -0.586821 2.946954 -0.143701
v -0.550777 2.946085 -0.048848
v -0.626210 2.832553 -0.147627
v -0.521429 2.826540 -0.195721
v -0.498235 2.939925 -0.188123
v -0.463086 2.825305 -0.109918
v -0.456559 2.936774 -0.108186
v -0.617921 2.716573 -0.029614
v -0.652252 2.718137 -0.152254
v -0.541117 2.713302 -0.204288
v -0.475750 2.715219 -0.111744
v -0.539903 2.713408 -0.021862
v -0.556929 2.593794 -0.019908
v -0.508197 2.597054 -0.110989
v -0.475750 2.715219 -0.111744
v -0.623009 2.596214 -0.029349
v -0.531945 2.461343 -0.105046
v -0.566433 2.461357 -0.037541
v -0.572396 2.371712 -0.042609
v -0.612377 2.373397 -0.054924
v -0.614664 2.464590 -0.048791
v -0.639797 2.373858 -0.133636
v -0.645632 2.465046 -0.142915
v -0.569404 2.460959 -0.186033
v -0.570403 2.371426 -0.172291
v -0.531945 2.461343 -0.105046
v -0.536349 2.371393 -0.098874
v -0.536349 2.371393 -0.098874
v -0.565694 2.282066 -0.037807
v -0.536823 2.281442 -0.092943
v -0.560240 2.241581 -0.027053
v -0.529405 2.239826 -0.086680
v -0.621460 2.243870 -0.048871
v -0.617437 2.282203 -0.051045
v -0.635595 2.244079 -0.121492
v -0.636900 2.282670 -0.124120
v -0.562437 2.241498 -0.158842
v -0.563882 2.281894 -0.162519
v -0.536823 2.281442 -0.092943
v -0.529405 2.239826 -0.086680
v -0.539443 1.902190 0.082722
v -0.530723 1.900490 0.059707
v -0.655242 2.597652 -0.151791
v -0.558655 2.593633 -0.204036
v -0.508197 2.597054 -0.110989
v -0.520157 2.826711 -0.029771
v -0.463086 2.825305 -0.109918
v -0.496801 2.940210 -0.035921
v -0.456559 2.936774 -0.108186
v 0.535044 2.125476 -0.161841
v 0.551705 2.177952 -0.157679
v 0.516739 2.124652 -0.109519
v 0.509409 2.066261 -0.120317
v 0.634072 2.130407 -0.107158
v 0.633785 2.182481 -0.111936
v 0.618580 2.184044 -0.021249
v 0.623062 2.128934 -0.006672
v 0.634193 2.065175 -0.024703
v 0.621460 2.243870 -0.048871
v 0.635595 2.244079 -0.121492
v 0.562437 2.241498 -0.158842
v 0.529405 2.239826 -0.086680
v 0.524582 2.173035 -0.074229
v 0.544829 2.128035 -0.069985
v 0.557548 2.123066 -0.022278
v 0.586735 2.057754 -0.046867
v 0.544789 2.066868 -0.084623
v 0.573738 2.125526 0.008908
v 0.619731 2.067168 0.015741
v 0.591198 2.063318 0.008537
v 0.541194 2.133374 0.004526
v 0.578362 1.993565 0.033840
v 0.603071 1.989536 0.039463
v 0.559193 1.921283 0.074872
v 0.613187 1.977838 0.011531
v 0.565740 1.916925 0.052813
v 0.539443 1.902190 0.082722
v 0.546323 1.918345 0.044322
v 0.581423 1.985506 0.004742
v 0.601074 2.055098 -0.029680
v 0.539191 1.929094 0.068399
v 0.539443 1.902190 0.082722
v 0.530723 1.900490 0.059707
v 0.515228 2.186653 -0.003492
v 0.517222 2.089747 0.042232
v 0.541194 2.133374 0.004526
v 0.560240 2.241581 -0.027053
v 0.515228 2.186653 -0.003492
v 0.484086 2.105105 0.040994
v 0.471378 2.054832 0.076729
v 0.496667 2.051124 0.085313
v 0.476740 2.047360 0.099853
v 0.601074 2.055098 -0.029680
v 0.621823 2.065853 -0.074538
v 0.585650 1.967844 -0.042004
v 0.578775 1.980724 -0.012486
v 0.601074 2.055098 -0.029680
v 0.588013 2.053636 -0.077302
v 0.547848 1.981061 -0.042136
v 0.494929 1.896918 0.005348
v 0.509013 1.900428 0.037743
v 0.520140 1.891502 0.011646
v 0.494929 1.896918 0.005348
v 0.478290 1.876320 0.024860
v 0.488077 1.877573 0.046585
v 0.595330 2.055064 -0.119800
v 0.588013 2.053636 -0.077302
v 0.538524 1.978039 -0.048815
v 0.549204 2.057465 -0.145490
v 0.515632 2.060823 -0.149719
v 0.483718 1.989945 -0.122773
v 0.511599 1.974377 -0.121408
v 0.484471 1.999576 -0.099855
v 0.540638 2.052972 -0.116968
v 0.452012 1.942238 -0.088629
v 0.472870 1.931245 -0.083978
v 0.499202 1.986273 -0.092748
v 0.462478 1.945322 -0.063271
v 0.444358 1.952604 -0.069821
v 0.442639 1.926307 -0.075252
v 0.499202 1.986273 -0.092748
v 0.540638 2.052972 -0.116968
v 0.462478 1.945322 -0.063271
v 0.540638 2.052972 -0.116968
v 0.447087 1.930246 -0.054572
v 0.447087 1.930246 -0.054572
v 0.447087 1.930246 -0.054572
v 0.447087 1.930246 -0.054572
v 0.540638 2.052972 -0.116968
v 0.523892 1.978360 -0.086221
v 0.515284 1.990507 -0.059304
v 0.588013 2.053636 -0.077302
v 0.538524 1.978039 -0.048815
v 0.464929 1.905816 -0.039594
v 0.449455 1.911925 -0.010121
v 0.478229 1.909512 -0.006617
v 0.445938 1.883682 -0.024403
v 0.456772 1.886237 0.004142
v 0.588013 2.053636 -0.077302
v 0.547848 1.981061 -0.042136
v 0.588013 2.053636 -0.077302
v 0.555513 1.984275 -0.020494
v 0.601074 2.055098 -0.029680
v 0.494929 1.896918 0.005348
v 0.578775 1.980724 -0.012486
v 0.494375 1.901353 0.028362
v 0.509013 1.900428 0.037743
v 0.488077 1.877573 0.046585
v 0.601074 2.055098 -0.029680
v 0.494929 1.896918 0.005348
v 0.478290 1.876320 0.024860
v 0.601074 2.055098 -0.029680
v 0.601074 2.055098 -0.029680
v 0.591198 2.063318 0.008537
v 0.581423 1.985506 0.004742
v 0.578362 1.993565 0.033840
v 0.546323 1.918345 0.044322
v 0.539191 1.929094 0.068399
v 0.530723 1.900490 0.059707
v 0.573738 2.125526 0.008908
v 0.539443 1.902190 0.082722
v 0.530723 1.900490 0.059707
v 0.560240 2.241581 -0.027053
v 0.543290 2.195618 0.023538
v 0.515228 2.186653 -0.003492
v 0.488030 2.128528 0.070153
v 0.525175 2.106264 0.068843
v 0.473894 2.070149 0.097125
v 0.498508 2.063318 0.098652
v 0.496667 2.051124 0.085313
v 0.517222 2.089747 0.042232
v 0.541194 2.133374 0.004526
v 0.471378 2.054832 0.076729
v 0.484086 2.105105 0.040994
v 0.572162 2.167452 0.028723
v 0.541194 2.133374 0.004526
v 0.476740 2.047360 0.099853
v 0.515228 2.186653 -0.003492
v 0.540638 2.052972 -0.116968
v 0.523892 1.978360 -0.086221
v 0.464929 1.905816 -0.039594
v 0.559838 1.967890 -0.086374
v 0.595330 2.055064 -0.119800
v 0.559838 1.967890 -0.086374
v 0.485877 1.889026 -0.030039
v 0.478229 1.909512 -0.006617
v 0.456772 1.886237 0.004142
v 0.445938 1.883682 -0.024403
v 0.540638 2.052972 -0.116968
v 0.595330 2.055064 -0.119800
v 0.559838 1.967890 -0.086374
v 0.488077 1.877573 0.046585
v 0.478290 1.876320 0.024860
v 0.488077 1.877573 0.046585
v 0.478290 1.876320 0.024860
v 0.591749 2.831313 -0.037824
v 0.586821 2.946954 -0.143701
v 0.626210 2.832553 -0.147627
v 0.550777 2.946085 -0.048848
v 0.521429 2.826540 -0.195721
v 0.498235 2.939925 -0.188123
v 0.463086 2.825305 -0.109918
v 0.456559 2.936774 -0.108186
v 0.617921 2.716573 -0.029614
v 0.652252 2.718137 -0.152254
v 0.541117 2.713302 -0.204288
v 0.475750 2.715219 -0.111744
v 0.539903 2.713408 -0.021862
v 0.556929 2.593794 -0.019908
v 0.508197 2.597054 -0.110989
v 0.475750 2.715219 -0.111744
v 0.623009 2.596214 -0.029349
v 0.531945 2.461343 -0.105046
v 0.566433 2.461357 -0.037541
v 0.572396 2.371712 -0.042609
v 0.612377 2.373397 -0.054924
v 0.614664 2.464590 -0.048791
v 0.639797 2.373858 -0.133636
v 0.645632 2.465046 -0.142915
v 0.569404 2.460959 -0.186033
v 0.570403 2.371426 -0.172291
v 0.531945 2.461343 -0.105046
v 0.536349 2.371393 -0.098874
v 0.536349 2.371393 -0.098874
v 0.565694 2.282066 -0.037807
v 0.536823 2.281442 -0.092943
v 0.560240 2.241581 -0.027053
v 0.529405 2.239826 -0.086680
v 0.621460 2.243870 -0.048871
v 0.617437 2.282203 -0.051045
v 0.635595 2.244079 -0.121492
v 0.636900 2.282670 -0.124120
v 0.562437 2.241498 -0.158842
v 0.563882 2.281894 -0.162519
v 0.536823 2.281442 -0.092943
v 0.529405 2.239826 -0.086680
v 0.539443 1.902190 0.082722
v 0.530723 1.900490 0.059707
v 0.655242 2.597652 -0.151791
v 0.558655 2.593633 -0.204036
v 0.508197 2.597054 -0.110989
v 0.520157 2.826711 -0.029771
v 0.463086 2.825305 -0.109918
v 0.496801 2.940210 -0.035921
v 0.456559 2.936774 -0.108186
vt 0.9481 0.0588
vt 0.9612 0.0580
vt 0.9616 0.0666
vt 0.9748 0.0576
vt 0.9612 0.0494
vt 0.9427 0.0583
vt 0.9536 0.0216
vt 0.9341 0.0584
vt 0.9562 0.0962
vt 0.9689 0.0958
vt 0.9692 0.1053
vt 0.9568 0.1057
vt 0.9469 0.0991
vt 0.9440 0.0193
vt 0.9663 0.0211
vt 0.9798 0.0569
vt 0.9785 0.0979
vt 0.9885 0.0565
vt 0.9755 0.0184
vt 0.9658 0.0117
vt 0.9533 0.0121
vt 0.9570 0.1886
vt 0.9500 0.1903
vt 0.9474 0.1564
vt 0.9409 0.1564
vt 0.9562 0.1258
vt 0.9491 0.1243
vt 0.9619 0.1575
vt 0.9670 0.1257
vt 0.9566 0.1188
vt 0.9664 0.1187
vt 0.9678 0.1885
vt 0.9576 0.1956
vt 0.9674 0.1955
vt 0.9766 0.1560
vt 0.9741 0.1238
vt 0.9830 0.1559
vt 0.9749 0.1900
vt 0.9569 0.1884
vt 0.9499 0.1902
vt 0.9475 0.1563
vt 0.9410 0.1562
vt 0.9491 0.1241
vt 0.9563 0.1258
vt 0.9621 0.1573
vt 0.9671 0.1257
vt 0.9666 0.1187
vt 0.9568 0.1187
vt 0.9677 0.1883
vt 0.9673 0.1954
vt 0.9575 0.1955
vt 0.9766 0.1560
vt 0.9741 0.1239
vt 0.9830 0.1559
vt 0.9747 0.1900
vt 0.9474 0.1564
vt 0.9569 0.1887
vt 0.9409 0.1564
vt 0.9497 0.1905
vt 0.9562 0.1259
vt 0.9491 0.1241
vt 0.9620 0.1576
vt 0.9671 0.1257
vt 0.9566 0.1188
vt 0.9665 0.1186
vt 0.9677 0.1886
vt 0.9574 0.1958
vt 0.9673 0.1958
vt 0.9765 0.1562
vt 0.9741 0.1239
vt 0.9831 0.1561
vt 0.9748 0.1902
vt 0.4660 0.4915
vt 0.4902 0.4632
vt 0.5033 0.5022
vt 0.3888 0.4861
vt 0.3891 0.4673
vt 0.5399 0.4588
vt 0.5637 0.4624
vt 0.6147 0.5029
vt 0.6096 0.4648
vt 0.4660 0.4915
vt 0.5033 0.5022
vt 0.4902 0.4632
vt 0.4646 0.4988
vt 0.5026 0.5085
vt 0.3891 0.4673
vt 0.3888 0.4861
vt 0.3880 0.4922
vt 0.6160 0.5119
vt 0.6147 0.5029
vt 0.3823 0.4857
vt 0.3827 0.4666
vt 0.5637 0.4624
vt 0.5399 0.4588
vt 0.5413 0.4510
vt 0.5640 0.4546
vt 0.6096 0.4648
vt 0.6098 0.4567
vt 0.6169 0.4641
vt 0.6224 0.5019
vt 0.5615 0.8895
vt 0.5460 0.8783
vt 0.5614 0.8783
vt 0.5401 0.8783
vt 0.5473 0.8783
vt 0.5633 0.8782
vt 0.5787 0.8782
vt 0.5846 0.8782
vt 0.5774 0.8782
vt 0.5614 0.8594
vt 0.5410 0.8595
vt 0.5333 0.8595
vt 0.5427 0.8595
vt 0.5639 0.8594
vt 0.5843 0.8593
vt 0.5920 0.8593
vt 0.5825 0.8593
vt 0.9612 0.0580
vt 0.9481 0.0588
vt 0.9616 0.0666
vt 0.9748 0.0576
vt 0.9612 0.0494
vt 0.9427 0.0583
vt 0.9536 0.0216
vt 0.9341 0.0584
vt 0.9562 0.0962
vt 0.9689 0.0958
vt 0.9692 0.1053
vt 0.9568 0.1057
vt 0.9469 0.0991
vt 0.9440 0.0193
vt 0.9663 0.0211
vt 0.9798 0.0569
vt 0.9785 0.0979
vt 0.9885 0.0565
vt 0.9755 0.0184
vt 0.9658 0.0117
vt 0.9533 0.0121
vt 0.9409 0.1564
vt 0.9500 0.1903
vt 0.9474 0.1564
vt 0.9570 0.1886
vt 0.9562 0.1258
vt 0.9491 0.1243
vt 0.9619 0.1575
vt 0.9670 0.1257
vt 0.9566 0.1188
vt 0.9664 0.1187
vt 0.9678 0.1885
vt 0.9576 0.1956
vt 0.9674 0.1955
vt 0.9766 0.1560
vt 0.9741 0.1238
vt 0.9830 0.1559
vt 0.9749 0.1900
vt 0.9410 0.1562
vt 0.9499 0.1902
vt 0.9475 0.1563
vt 0.9569 0.1884
vt 0.9491 0.1241
vt 0.9563 0.1258
vt 0.9621 0.1573
vt 0.9671 0.1257
vt 0.9666 0.1187
vt 0.9568 0.1187
vt 0.9677 0.1883
vt 0.9673 0.1954
vt 0.9575 0.1955
vt 0.9766 0.1560
vt 0.9741 0.1239
vt 0.9830 0.1559
vt 0.9747 0.1900
vt 0.9497 0.1905
vt 0.9569 0.1887
vt 0.9409 0.1564
vt 0.9474 0.1564
vt 0.9562 0.1259
vt 0.9491 0.1241
vt 0.9620 0.1576
vt 0.9671 0.1257
vt 0.9566 0.1188
vt 0.9665 0.1186
vt 0.9677 0.1886
vt 0.9574 0.1958
vt 0.9673 0.1958
vt 0.9765 0.1562
vt 0.9741 0.1239
vt 0.9831 0.1561
vt 0.9748 0.1902
vt 0.4902 0.4632
vt 0.4660 0.4915
vt 0.5033 0.5022
vt 0.3888 0.4861
vt 0.3891 0.4673
vt 0.5399 0.4588
vt 0.5637 0.4624
vt 0.6147 0.5029
vt 0.6096 0.4648
vt 0.5033 0.5022
vt 0.4660 0.4915
vt 0.4902 0.4632
vt 0.4646 0.4988
vt 0.5026 0.5085
vt 0.3891 0.4673
vt 0.3888 0.4861
vt 0.3880 0.4922
vt 0.6160 0.5119
vt 0.6147 0.5029
vt 0.3823 0.4857
vt 0.3827 0.4666
vt 0.5637 0.4624
vt 0.5399 0.4588
vt 0.5413 0.4510
vt 0.5640 0.4546
vt 0.6096 0.4648
vt 0.6098 0.4567
vt 0.6169 0.4641
vt 0.6224 0.5019
vt 0.5460 0.8783
vt 0.5615 0.8895
vt 0.5614 0.8783
vt 0.5401 0.8783
vt 0.5473 0.8783
vt 0.5633 0.8782
vt 0.5787 0.8782
vt 0.5846 0.8782
vt 0.5774 0.8782
vt 0.5614 0.8594
vt 0.5410 0.8595
vt 0.5333 0.8595
vt 0.5427 0.8595
vt 0.5639 0.8594
vt 0.5843 0.8593
vt 0.5920 0.8593
vt 0.5825 0.8593
vt 0.9565 0.8379
vt 0.9315 0.8201
vt 0.9362 0.8401
vt 0.9118 0.8295
vt 0.9487 0.8761
vt 0.9642 0.8724
vt 0.9638 0.9079
vt 0.9506 0.9114
vt 0.9324 0.9080
vt 0.9882 0.9042
vt 0.9882 0.8709
vt 0.9882 0.8438
vt 0.9882 0.8055
vt 0.9518 0.7968
vt 0.9283 0.7993
vt 0.9287 0.7726
vt 0.9010 0.7845
vt 0.9090 0.8100
vt 0.9517 0.9360
vt 0.9340 0.9211
vt 0.9397 0.9368
vt 0.9422 0.7566
vt 0.9207 0.9505
vt 0.9152 0.9400
vt 0.8979 0.9633
vt 0.9123 0.9321
vt 0.8954 0.9560
vt 0.8922 0.9694
vt 0.8900 0.9551
vt 0.9053 0.9306
vt 0.9186 0.9069
vt 0.9020 0.9690
vt 0.8922 0.9694
vt 0.8861 0.9638
vt 0.9637 0.7566
vt 0.9355 0.7283
vt 0.9422 0.7566
vt 0.9882 0.7566
vt 0.9461 0.7264
vt 0.9637 0.7566
vt 0.9426 0.7071
vt 0.9345 0.7082
vt 0.9383 0.7010
vt 0.9272 0.8893
vt 0.9186 0.9069
vt 0.9205 0.8707
vt 0.9141 0.8845
vt 0.8884 0.8919
vt 0.9158 0.8546
vt 0.9130 0.8410
vt 0.8851 0.8402
vt 0.8864 0.8494
vt 0.8834 0.8302
vt 0.9088 0.8208
vt 0.8607 0.8416
vt 0.8636 0.8486
vt 0.8821 0.8596
vt 0.8597 0.8569
vt 0.8559 0.8361
vt 0.8537 0.8438
vt 0.8812 0.8240
vt 0.9088 0.8208
vt 0.8468 0.8278
vt 0.9058 0.8638
vt 0.8474 0.8422
vt 0.8474 0.8422
vt 0.8526 0.8536
vt 0.8526 0.8536
vt 0.9088 0.8208
vt 0.8845 0.8192
vt 0.8826 0.8092
vt 0.8973 0.7984
vt 0.8822 0.7989
vt 0.8517 0.8175
vt 0.8450 0.8108
vt 0.8475 0.8035
vt 0.8382 0.8177
vt 0.8359 0.8086
vt 0.8973 0.7984
vt 0.8662 0.7832
vt 0.8650 0.7943
vt 0.8973 0.7984
vt 0.8989 0.7701
vt 0.8242 0.7880
vt 0.8681 0.7747
vt 0.8224 0.7819
vt 0.8224 0.7768
vt 0.8102 0.7799
vt 0.8989 0.7701
vt 0.8242 0.7880
vt 0.8124 0.7877
vt 0.8989 0.7701
vt 0.9035 0.7566
vt 0.8989 0.7701
vt 0.8788 0.7686
vt 0.8746 0.7566
vt 0.8444 0.7666
vt 0.8418 0.7566
vt 0.8333 0.7649
vt 0.9288 0.7566
vt 0.8333 0.7649
vt 0.8300 0.7566
vt 0.8877 0.9003
vt 0.8966 0.9065
vt 0.9141 0.8845
vt 0.8622 0.9258
vt 0.8975 0.9137
vt 0.9186 0.9069
vt 0.8690 0.9369
vt 0.8684 0.9282
vt 0.8622 0.9258
vt 0.8557 0.9348
vt 0.8601 0.9413
vt 0.8557 0.9348
vt 0.8601 0.9413
vt 0.9771 0.9403
vt 0.9882 0.9481
vt 0.9882 0.9226
vt 0.9707 0.9736
vt 0.9606 0.9728
vt 0.9682 0.9882
vt 0.9634 0.9869
vt 0.9618 0.9887
vt 0.9542 0.9740
vt 0.9521 0.9509
vt 0.9731 0.9913
vt 0.9798 0.9777
vt 0.9657 0.9377
vt 0.9521 0.9509
vt 0.9673 0.9923
vt 0.9882 0.9481
vt 0.8843 0.8753
vt 0.9058 0.8638
vt 0.8558 0.8957
vt 0.8913 0.8802
vt 0.9205 0.8707
vt 0.8596 0.9008
vt 0.8913 0.8802
vt 0.8625 0.9082
vt 0.8536 0.9126
vt 0.8483 0.9044
vt 0.9058 0.8638
vt 0.9205 0.8707
vt 0.8913 0.8802
vt 0.8102 0.7799
vt 0.8124 0.7877
vt 0.8238 0.2063
vt 0.8582 0.2063
vt 0.8250 0.1767
vt 0.8587 0.1767
vt 0.8934 0.1767
vt 0.8931 0.2063
vt 0.9219 0.1767
vt 0.9219 0.2063
vt 0.8263 0.1471
vt 0.8593 0.1471
vt 0.8937 0.1471
vt 0.9219 0.1471
vt 0.8020 0.1471
vt 0.8019 0.1152
vt 0.7707 0.1152
vt 0.7707 0.1471
vt 0.8274 0.1152
vt 0.7707 0.0785
vt 0.8017 0.0785
vt 0.8016 0.0541
vt 0.8286 0.0541
vt 0.8281 0.0785
vt 0.8615 0.0541
vt 0.8609 0.0785
vt 0.8944 0.0785
vt 0.8946 0.0541
vt 0.9219 0.0785
vt 0.9219 0.0541
vt 0.7707 0.0541
vt 0.8014 0.0297
vt 0.7707 0.0297
vt 0.7976 0.0140
vt 0.7707 0.0140
vt 0.8298 0.0140
vt 0.8290 0.0297
vt 0.8645 0.0140
vt 0.8621 0.0297
vt 0.8956 0.0140
vt 0.8949 0.0297
vt 0.9219 0.0297
vt 0.9219 0.0140
vt 0.8861 0.9638
vt 0.8922 0.9694
vt 0.8599 0.1152
vt 0.8941 0.1152
vt 0.9219 0.1152
vt 0.8019 0.1767
vt 0.7707 0.1767
vt 0.8019 0.2063
vt 0.7707 0.2063
vt 0.9315 0.8201
vt 0.9565 0.8379
vt 0.9362 0.8401
vt 0.9118 0.8295
vt 0.9487 0.8761
vt 0.9642 0.8724
vt 0.9638 0.9079
vt 0.9506 0.9114
vt 0.9324 0.9080
vt 0.9882 0.9042
vt 0.9882 0.8709
vt 0.9882 0.8438
vt 0.9882 0.8055
vt 0.9518 0.7968
vt 0.9283 0.7993
vt 0.9287 0.7726
vt 0.9010 0.7845
vt 0.9090 0.8100
vt 0.9517 0.9360
vt 0.9340 0.9211
vt 0.9397 0.9368
vt 0.9422 0.7566
vt 0.9207 0.9505
vt 0.9152 0.9400
vt 0.8979 0.9633
vt 0.9123 0.9321
vt 0.8954 0.9560
vt 0.8922 0.9694
vt 0.8900 0.9551
vt 0.9053 0.9306
vt 0.9186 0.9069
vt 0.9020 0.9690
vt 0.8922 0.9694
vt 0.8861 0.9638
vt 0.9355 0.7283
vt 0.9637 0.7566
vt 0.9422 0.7566
vt 0.9882 0.7566
vt 0.9461 0.7264
vt 0.9637 0.7566
vt 0.9426 0.7071
vt 0.9345 0.7082
vt 0.9383 0.7010
vt 0.9272 0.8893
vt 0.9186 0.9069
vt 0.8975 0.9137
vt 0.8966 0.9065
vt 0.9186 0.9069
vt 0.9141 0.8845
vt 0.8877 0.9003
vt 0.8622 0.9258
vt 0.8690 0.9369
vt 0.8684 0.9282
vt 0.8622 0.9258
vt 0.8557 0.9348
vt 0.8601 0.9413
vt 0.9141 0.8845
vt 0.9205 0.8707
vt 0.8884 0.8919
vt 0.9158 0.8546
vt 0.9130 0.8410
vt 0.8851 0.8402
vt 0.8864 0.8494
vt 0.8834 0.8302
vt 0.9088 0.8208
vt 0.8607 0.8416
vt 0.8636 0.8486
vt 0.8821 0.8596
vt 0.8597 0.8569
vt 0.8559 0.8361
vt 0.8537 0.8438
vt 0.8812 0.8240
vt 0.9088 0.8208
vt 0.8468 0.8278
vt 0.9058 0.8638
vt 0.8474 0.8422
vt 0.8474 0.8422
vt 0.8526 0.8536
vt 0.8526 0.8536
vt 0.9088 0.8208
vt 0.8845 0.8192
vt 0.8826 0.8092
vt 0.8973 0.7984
vt 0.8822 0.7989
vt 0.8517 0.8175
vt 0.8450 0.8108
vt 0.8475 0.8035
vt 0.8382 0.8177
vt 0.8359 0.8086
vt 0.8973 0.7984
vt 0.8973 0.7984
vt 0.8650 0.7943
vt 0.8662 0.7832
vt 0.8989 0.7701
vt 0.8242 0.7880
vt 0.8224 0.7819
vt 0.8681 0.7747
vt 0.8224 0.7768
vt 0.8102 0.7799
vt 0.8989 0.7701
vt 0.8242 0.7880
vt 0.8124 0.7877
vt 0.8989 0.7701
vt 0.9035 0.7566
vt 0.8989 0.7701
vt 0.8788 0.7686
vt 0.8746 0.7566
vt 0.8444 0.7666
vt 0.8418 0.7566
vt 0.8333 0.7649
vt 0.9288 0.7566
vt 0.8333 0.7649
vt 0.8300 0.7566
vt 0.9882 0.9481
vt 0.9771 0.9403
vt 0.9882 0.9226
vt 0.9707 0.9736
vt 0.9606 0.9728
vt 0.9682 0.9882
vt 0.9634 0.9869
vt 0.9618 0.9887
vt 0.9542 0.9740
vt 0.9521 0.9509
vt 0.9731 0.9913
vt 0.9798 0.9777
vt 0.9657 0.9377
vt 0.9521 0.9509
vt 0.9673 0.9923
vt 0.9882 0.9481
vt 0.8843 0.8753
vt 0.9058 0.8638
vt 0.8913 0.8802
vt 0.8558 0.8957
vt 0.9205 0.8707
vt 0.8596 0.9008
vt 0.8913 0.8802
vt 0.8625 0.9082
vt 0.8536 0.9126
vt 0.8483 0.9044
vt 0.9058 0.8638
vt 0.8913 0.8802
vt 0.9205 0.8707
vt 0.8124 0.7877
vt 0.8102 0.7799
vt 0.8557 0.9348
vt 0.8601 0.9413
vt 0.8587 0.1767
vt 0.8582 0.2063
vt 0.8250 0.1767
vt 0.8238 0.2063
vt 0.8934 0.1767
vt 0.8931 0.2063
vt 0.9219 0.1767
vt 0.9219 0.2063
vt 0.8263 0.1471
vt 0.8593 0.1471
vt 0.8937 0.1471
vt 0.9219 0.1471
vt 0.8020 0.1471
vt 0.8019 0.1152
vt 0.7707 0.1152
vt 0.7707 0.1471
vt 0.8274 0.1152
vt 0.7707 0.0785
vt 0.8017 0.0785
vt 0.8016 0.0541
vt 0.8286 0.0541
vt 0.8281 0.0785
vt 0.8615 0.0541
vt 0.8609 0.0785
vt 0.8944 0.0785
vt 0.8946 0.0541
vt 0.9219 0.0785
vt 0.9219 0.0541
vt 0.7707 0.0541
vt 0.8014 0.0297
vt 0.7707 0.0297
vt 0.7976 0.0140
vt 0.7707 0.0140
vt 0.8298 0.0140
vt 0.8290 0.0297
vt 0.8645 0.0140
vt 0.8621 0.0297
vt 0.8956 0.0140
vt 0.8949 0.0297
vt 0.9219 0.0297
vt 0.9219 0.0140
vt 0.8861 0.9638
vt 0.8922 0.9694
vt 0.8599 0.1152
vt 0.8941 0.1152
vt 0.9219 0.1152
vt 0.7707 0.1767
vt 0.8019 0.1767
vt 0.8019 0.2063
vt 0.7707 0.2063
vn 0.6873 -0.3631 -0.6291
vn 0.9949 -0.0682 -0.0741
vn 0.9200 -0.3862 0.0669
vn 0.8691 0.0782 0.4884
vn 0.9624 0.0490 -0.2673
vn 0.4176 -0.3043 -0.8562
vn 0.4340 0.4567 -0.7766
vn -0.0896 -0.2744 -0.9574
vn 0.3249 -0.8197 -0.4717
vn 0.6621 -0.4424 0.6050
vn 0.0283 -0.6089 0.7927
vn -0.0860 -0.9045 -0.4178
vn 0.0110 0.6154 -0.7882
vn 0.7038 0.5297 0.4734
vn 0.4923 0.1437 0.8585
vn 0.0282 -0.6089 0.7927
vn 0.1024 0.3562 0.9288
vn 0.1167 0.9748 0.1903
vn 0.1167 0.9748 0.1904
vn 0.0111 0.6154 -0.7881
vn -0.2577 -0.7435 -0.6172
vn -0.6797 -0.6899 -0.2492
vn -0.5347 -0.1502 -0.8316
vn -0.7332 0.1490 -0.6635
vn -0.0970 0.2850 -0.9536
vn 0.0293 0.8409 -0.5404
vn 0.5144 -0.4788 -0.7114
vn 0.8692 0.3772 -0.3197
vn 0.0292 0.8409 -0.5404
vn 0.8417 0.4539 0.2925
vn 0.4757 -0.8579 0.1945
vn -0.6797 -0.6899 -0.2491
vn 0.2840 -0.8064 0.5187
vn 0.9360 -0.2128 0.2805
vn 0.8417 0.4538 0.2925
vn 0.7744 -0.1712 0.6090
vn 0.2841 -0.8064 0.5186
vn -0.0502 -0.9237 -0.3798
vn -0.5851 -0.6834 -0.4366
vn -0.3949 -0.2686 -0.8786
vn -0.6296 -0.1515 -0.7620
vn -0.3651 0.4332 -0.8240
vn 0.2622 0.3986 -0.8788
vn 0.7026 -0.4345 -0.5636
vn 0.9328 0.3248 -0.1559
vn 0.6086 0.7758 0.1666
vn -0.3651 0.4333 -0.8240
vn 0.6737 -0.7106 0.2028
vn 0.3206 -0.6806 0.6588
vn 0.8570 -0.0041 0.5153
vn 0.6861 0.1309 0.7156
vn -0.0289 -0.3519 -0.9356
vn -0.0345 -0.7789 -0.6262
vn -0.4355 -0.1885 -0.8802
vn -0.3362 -0.9313 -0.1405
vn 0.2483 0.1356 -0.9591
vn 0.1274 0.7619 -0.6350
vn 0.8185 -0.4265 -0.3850
vn 0.8487 0.5275 -0.0392
vn 0.5651 0.6645 0.4889
vn 0.4848 -0.7098 0.5110
vn 0.1621 -0.6590 0.7345
vn 0.7670 0.0541 0.6394
vn 0.5651 0.6646 0.4888
vn 0.4755 0.0984 0.8742
vn -0.7149 -0.3016 -0.6308
vn -0.9658 -0.0322 0.2572
vn -0.9671 -0.2112 -0.1419
vn -0.6861 -0.7261 -0.0454
vn -0.6079 -0.7329 0.3055
vn -0.4830 0.2704 0.8328
vn -0.4725 0.0878 0.8770
vn -0.8917 0.1505 -0.4270
vn -0.3583 0.7957 0.4884
vn 0.6300 -0.1847 -0.7543
vn 0.3378 -0.2280 -0.9132
vn 0.9549 0.0600 -0.2910
vn 0.7375 -0.6608 -0.1395
vn 0.1225 -0.5316 -0.8381
vn -0.8917 0.1505 -0.4269
vn 0.4705 0.7441 -0.4743
vn 0.9176 0.2878 0.2741
vn 0.8744 0.3774 0.3050
vn 0.5771 0.5346 0.6173
vn -0.3583 0.7956 0.4884
vn 0.0005 0.5037 0.8639
vn -0.5735 0.7616 0.3016
vn -0.7633 0.2831 0.5807
vn -0.0476 0.9840 0.1716
vn 0.5064 0.8199 0.2670
vn 0.7640 0.3655 0.5317
vn 0.5742 -0.1131 0.8109
vn 0.0483 -0.3355 0.9408
vn -0.5057 -0.1714 0.8455
vn -0.9084 0.3356 0.2491
vn -0.5261 0.8490 -0.0503
vn 0.1646 0.9783 -0.1261
vn 0.7590 0.6478 0.0663
vn 0.9088 0.0511 0.4140
vn 0.5264 -0.4623 0.7136
vn -0.1642 -0.5916 0.7893
vn -0.7586 -0.2611 0.5970
vn -0.9949 -0.0682 -0.0741
vn -0.6873 -0.3631 -0.6291
vn -0.9200 -0.3862 0.0669
vn -0.8691 0.0782 0.4884
vn -0.9624 0.0490 -0.2673
vn -0.4176 -0.3043 -0.8562
vn -0.4340 0.4567 -0.7766
vn 0.0896 -0.2744 -0.9574
vn -0.3249 -0.8197 -0.4717
vn -0.6621 -0.4424 0.6050
vn -0.0283 -0.6089 0.7927
vn 0.0860 -0.9045 -0.4178
vn -0.0110 0.6154 -0.7882
vn -0.7038 0.5297 0.4734
vn -0.4923 0.1437 0.8585
vn -0.0282 -0.6089 0.7927
vn -0.1024 0.3562 0.9288
vn -0.1167 0.9748 0.1903
vn -0.1167 0.9748 0.1904
vn -0.0111 0.6154 -0.7881
vn 0.7332 0.1490 -0.6635
vn 0.6797 -0.6899 -0.2492
vn 0.5347 -0.1502 -0.8316
vn 0.2577 -0.7435 -0.6172
vn 0.0970 0.2850 -0.9536
vn -0.0293 0.8409 -0.5405
vn -0.5144 -0.4788 -0.7114
vn -0.8692 0.3772 -0.3197
vn -0.0292 0.8409 -0.5404
vn -0.8417 0.4539 0.2925
vn -0.4757 -0.8579 0.1945
vn 0.6797 -0.6899 -0.2491
vn -0.2841 -0.8064 0.5186
vn -0.9360 -0.2128 0.2805
vn -0.8417 0.4538 0.2925
vn -0.7744 -0.1712 0.6090
vn 0.6296 -0.1515 -0.7620
vn 0.5851 -0.6834 -0.4366
vn 0.3949 -0.2686 -0.8786
vn 0.0502 -0.9237 -0.3798
vn 0.3652 0.4332 -0.8240
vn -0.2622 0.3986 -0.8788
vn -0.7026 -0.4346 -0.5635
vn -0.9328 0.3248 -0.1559
vn -0.6086 0.7758 0.1666
vn 0.3651 0.4333 -0.8240
vn -0.6737 -0.7106 0.2028
vn -0.3206 -0.6806 0.6588
vn -0.8570 -0.0041 0.5153
vn -0.6861 0.1309 0.7156
vn 0.3362 -0.9313 -0.1405
vn 0.0345 -0.7789 -0.6262
vn 0.4355 -0.1885 -0.8802
vn 0.0289 -0.3519 -0.9356
vn -0.2483 0.1356 -0.9591
vn -0.1274 0.7619 -0.6350
vn -0.8185 -0.4265 -0.3850
vn -0.8487 0.5275 -0.0392
vn -0.5651 0.6645 0.4889
vn -0.4848 -0.7098 0.5110
vn -0.1621 -0.6590 0.7345
vn -0.7670 0.0541 0.6394
vn -0.5651 0.6646 0.4888
vn -0.4755 0.0984 0.8742
vn 0.9658 -0.0322 0.2572
vn 0.7149 -0.3016 -0.6308
vn 0.9671 -0.2112 -0.1419
vn 0.6861 -0.7261 -0.0454
vn 0.6079 -0.7329 0.3055
vn 0.4830 0.2704 0.8328
vn 0.4725 0.0878 0.8770
vn 0.8917 0.1505 -0.4270
vn 0.3583 0.7957 0.4884
vn -0.3377 -0.2280 -0.9132
vn -0.6300 -0.1847 -0.7543
vn -0.9549 0.0600 -0.2909
vn -0.7375 -0.6608 -0.1395
vn -0.1225 -0.5316 -0.8381
vn 0.8917 0.1505 -0.4269
vn -0.4705 0.7441 -0.4743
vn -0.9176 0.2878 0.2741
vn -0.8744 0.3774 0.3050
vn -0.5771 0.5346 0.6173
vn 0.3583 0.7956 0.4884
vn 0.5735 0.7616 0.3016
vn -0.0005 0.5037 0.8639
vn 0.7633 0.2831 0.5807
vn 0.0476 0.9840 0.1716
vn -0.5064 0.8199 0.2670
vn -0.7640 0.3655 0.5317
vn -0.5742 -0.1131 0.8109
vn -0.0483 -0.3355 0.9408
vn 0.5057 -0.1714 0.8455
vn 0.9084 0.3356 0.2491
vn 0.5261 0.8490 -0.0503
vn -0.1646 0.9783 -0.1261
vn -0.7590 0.6478 0.0663
vn -0.9088 0.0511 0.4140
vn -0.5264 -0.4623 0.7136
vn 0.1642 -0.5916 0.7893
vn 0.7586 -0.2611 0.5970
vn 0.3395 0.0797 -0.9372
vn 0.9641 -0.0158 0.2651
vn 0.2637 0.0460 -0.9635
vn 0.9057 0.2496 0.3428
vn -0.9034 -0.0954 -0.4182
vn -0.9549 -0.0425 -0.2937
vn -0.7586 0.2488 0.6022
vn -0.8040 0.2103 0.5561
vn -0.9557 -0.2941 -0.0077
vn -0.7452 0.1593 0.6475
vn -0.9070 -0.0457 -0.4186
vn 0.3349 -0.0052 -0.9422
vn 0.9708 0.2210 -0.0930
vn 0.9750 -0.2207 -0.0265
vn 0.8094 -0.3661 0.4592
vn 0.7938 -0.5756 0.1963
vn 0.9565 -0.0167 0.2911
vn 0.8526 0.0192 0.5222
vn 0.0536 -0.2638 0.9631
vn -0.3131 0.1933 0.9298
vn 0.9161 -0.0458 0.3984
vn 0.2385 -0.9711 0.0121
vn 0.6682 0.4973 0.5533
vn -0.6369 0.0913 0.7656
vn -0.4961 0.0321 0.8677
vn -0.6696 -0.5953 -0.4442
vn -0.5799 -0.7951 -0.1777
vn -0.5554 -0.5674 0.6079
vn 0.5318 -0.2291 -0.8153
vn 0.7532 -0.1008 -0.6501
vn 0.2833 -0.8716 -0.4000
vn 0.7830 0.5115 0.3539
vn 0.1943 0.0191 0.9808
vn 0.1162 -0.7429 -0.6593
vn 0.9648 0.2142 -0.1524
vn -0.2211 -0.6826 -0.6966
vn 0.4697 -0.8828 0.0063
vn 0.3517 0.5491 0.7581
vn 0.7682 -0.1457 -0.6234
vn -0.2210 -0.6826 -0.6966
vn 0.9314 -0.0474 -0.3608
vn 0.7731 -0.4807 -0.4138
vn -0.5902 -0.8064 -0.0369
vn 0.2382 -0.7258 0.6454
vn -0.7885 -0.5935 -0.1615
vn 0.4170 -0.8974 -0.1441
vn -0.5835 -0.6024 -0.5446
vn 0.0169 -0.8843 0.4665
vn -0.5693 0.0441 0.8210
vn -0.3309 -0.5001 -0.8003
vn 0.7197 0.0770 -0.6900
vn 0.5533 -0.0722 -0.8298
vn -0.6155 -0.6667 -0.4204
vn 0.7492 0.5577 0.3573
vn 0.0952 -0.3188 0.9430
vn 0.6391 -0.1445 -0.7554
vn -0.5827 -0.8109 0.0539
vn -0.4860 0.1241 0.8651
vn -0.4300 0.1638 0.8878
vn 0.6980 0.5615 0.4444
vn 0.7366 -0.5695 -0.3649
vn -0.4860 0.1240 0.8651
vn 0.1041 -0.0669 0.9923
vn -0.4524 -0.4666 0.7601
vn 0.5677 -0.2608 0.7809
vn 0.0773 -0.3925 0.9165
vn -0.4257 -0.4033 0.8100
vn 0.6847 -0.3043 0.6623
vn 0.6388 -0.0691 -0.7663
vn 0.7238 0.5970 0.3460
vn 0.3184 -0.3018 0.8986
vn -0.5692 0.0441 0.8210
vn 0.5518 -0.0935 -0.8287
vn 0.6782 0.5592 0.4768
vn -0.4310 0.0938 0.8974
vn 0.7246 -0.5506 -0.4146
vn 0.0693 -0.4660 0.8821
vn 0.4215 -0.7749 0.4710
vn 0.6696 0.5576 0.4906
vn 0.8622 0.2160 -0.4582
vn 0.9169 -0.1137 0.3825
vn 0.7727 -0.0948 0.6276
vn 0.8513 0.4185 -0.3165
vn -0.4650 0.1808 0.8667
vn 0.6382 0.6530 0.4077
vn -0.5176 0.0052 0.8556
vn 0.2821 0.3637 0.8877
vn 0.6884 -0.3947 0.6086
vn 0.7106 -0.0118 -0.7035
vn 0.9377 0.1886 -0.2918
vn 0.6535 -0.7542 0.0642
vn 0.8151 -0.5764 -0.0572
vn 0.6683 0.4973 0.5533
vn 0.7831 0.5114 0.3539
vn 0.9018 -0.1163 -0.4161
vn 0.9547 0.2949 -0.0404
vn 0.5990 0.3719 0.7091
vn 0.8622 0.2160 -0.4581
vn -0.5678 -0.6349 -0.5240
vn 0.1669 -0.7828 -0.5994
vn -0.7884 -0.5935 -0.1615
vn 0.0309 -0.9514 0.3063
vn -0.5234 -0.8343 -0.1733
vn 0.5308 -0.1984 -0.8240
vn 0.3190 -0.7234 -0.6123
vn -0.4386 -0.5426 0.7164
vn -0.1845 -0.8834 -0.4307
vn -0.5768 -0.7880 0.2152
vn -0.0521 0.6572 0.7519
vn 0.9550 0.2964 0.0077
vn 0.3517 0.5490 0.7582
vn 0.7096 0.5291 0.4653
vn -0.7542 -0.0479 0.6549
vn 0.4680 0.3187 0.8242
vn -0.4870 -0.1368 0.8626
vn -0.5902 -0.8064 -0.0368
vn 0.0212 -0.9995 0.0235
vn 0.7731 -0.4808 -0.4138
vn 0.7682 -0.1457 -0.6235
vn -0.5609 -0.0888 0.8231
vn 0.2382 -0.7257 0.6454
vn 0.6388 -0.0690 -0.7663
vn 0.0759 -0.9964 -0.0391
vn -0.1763 -0.6073 -0.7747
vn -0.4681 -0.6008 -0.6481
vn -0.5882 -0.8087 0.0035
vn -0.4804 -0.6558 -0.5823
vn -0.4311 0.0938 0.8974
vn 0.0692 -0.4660 0.8821
vn 0.7246 -0.5506 -0.4145
vn 0.1147 -0.7317 0.6719
vn -0.6607 -0.6093 -0.4385
vn -0.8280 -0.5492 0.1132
vn 0.6281 0.5713 0.5284
vn 0.8431 0.5264 0.1096
vn -0.4529 0.2168 0.8648
vn -0.8662 0.3192 -0.3844
vn -0.5957 0.2355 0.7679
vn -0.8767 0.2582 -0.4060
vn 0.2665 0.0315 -0.9633
vn 0.5536 -0.0115 -0.8327
vn 0.9938 -0.1102 0.0117
vn 0.9982 -0.0586 0.0140
vn -0.6346 0.1220 0.7631
vn -0.9063 0.1016 -0.4103
vn 0.2770 -0.0268 -0.9605
vn 0.9858 -0.1677 0.0053
vn 0.4303 -0.0439 0.9016
vn 0.3537 -0.1052 0.9294
vn 0.9816 -0.1908 0.0001
vn -0.8027 -0.0463 0.5946
vn 0.9934 -0.1117 0.0266
vn 0.2560 -0.1077 0.9607
vn 0.3659 0.0123 0.9306
vn -0.6952 -0.0048 0.7188
vn -0.6623 -0.0993 0.7426
vn -0.9317 -0.0915 -0.3515
vn -0.9715 -0.1011 -0.2145
vn -0.0333 -0.1435 -0.9891
vn 0.3123 -0.1194 -0.9424
vn 0.9934 -0.1116 0.0266
vn 0.9980 0.0059 0.0633
vn 0.3762 0.1422 0.9156
vn 0.9940 0.1022 0.0402
vn 0.3518 0.5491 0.7581
vn 0.9708 0.2210 -0.0929
vn -0.7151 0.0645 0.6960
vn -0.9070 -0.0458 -0.4186
vn -0.8698 -0.0650 -0.4892
vn 0.5349 -0.0680 -0.8422
vn -0.3313 -0.8644 -0.3782
vn -0.5924 -0.7952 0.1290
vn -0.8471 -0.0485 -0.5293
vn 0.3001 -0.1047 -0.9482
vn 0.3925 -0.0042 0.9197
vn 0.5814 -0.0380 0.8127
vn 0.9982 -0.0587 0.0140
vn -0.9641 -0.0158 0.2651
vn -0.3395 0.0797 -0.9372
vn -0.2637 0.0460 -0.9635
vn -0.9057 0.2496 0.3428
vn 0.9034 -0.0954 -0.4182
vn 0.9549 -0.0425 -0.2937
vn 0.7586 0.2488 0.6022
vn 0.8040 0.2103 0.5561
vn 0.9557 -0.2941 -0.0077
vn 0.7452 0.1593 0.6475
vn 0.9070 -0.0457 -0.4186
vn -0.3349 -0.0052 -0.9422
vn -0.9708 0.2210 -0.0930
vn -0.9750 -0.2207 -0.0265
vn -0.8094 -0.3661 0.4592
vn -0.7938 -0.5756 0.1963
vn -0.9565 -0.0167 0.2911
vn -0.8526 0.0192 0.5222
vn -0.0536 -0.2638 0.9631
vn 0.3131 0.1934 0.9298
vn -0.9161 -0.0458 0.3984
vn -0.2385 -0.9711 0.0121
vn -0.6682 0.4973 0.5533
vn 0.6369 0.0913 0.7656
vn 0.4961 0.0321 0.8677
vn 0.6696 -0.5952 -0.4442
vn 0.5799 -0.7951 -0.1777
vn 0.5554 -0.5674 0.6079
vn -0.5318 -0.2291 -0.8153
vn -0.7532 -0.1008 -0.6501
vn -0.2833 -0.8716 -0.4000
vn -0.7830 0.5115 0.3539
vn -0.1943 0.0191 0.9808
vn -0.1162 -0.7429 -0.6593
vn 0.2211 -0.6826 -0.6966
vn -0.9648 0.2142 -0.1524
vn -0.4697 -0.8828 0.0063
vn -0.3517 0.5491 0.7581
vn -0.7682 -0.1457 -0.6234
vn -0.9314 -0.0474 -0.3608
vn 0.2210 -0.6826 -0.6966
vn -0.7731 -0.4807 -0.4138
vn 0.5902 -0.8064 -0.0369
vn -0.2382 -0.7258 0.6454
vn 0.7885 -0.5935 -0.1615
vn -0.4170 -0.8974 -0.1441
vn 0.7884 -0.5935 -0.1615
vn 0.4650 0.1808 0.8667
vn 0.5678 -0.6349 -0.5240
vn -0.0313 -0.9510 0.3075
vn -0.1669 -0.7828 -0.5994
vn -0.8622 0.2160 -0.4581
vn -0.7106 -0.0118 -0.7035
vn 0.5176 0.0052 0.8556
vn 0.5234 -0.8343 -0.1733
vn -0.5308 -0.1984 -0.8240
vn -0.3190 -0.7234 -0.6123
vn 0.4386 -0.5426 0.7164
vn -0.0169 -0.8843 0.4665
vn 0.5835 -0.6024 -0.5446
vn 0.5693 0.0441 0.8210
vn 0.3309 -0.5001 -0.8003
vn -0.7197 0.0769 -0.6900
vn -0.5533 -0.0722 -0.8298
vn 0.6155 -0.6667 -0.4204
vn -0.7492 0.5577 0.3573
vn -0.0952 -0.3188 0.9430
vn -0.6391 -0.1445 -0.7554
vn 0.5827 -0.8109 0.0539
vn 0.4860 0.1241 0.8651
vn 0.4300 0.1638 0.8878
vn -0.6980 0.5615 0.4444
vn -0.7366 -0.5695 -0.3649
vn 0.4860 0.1240 0.8651
vn -0.1041 -0.0669 0.9923
vn 0.4524 -0.4666 0.7601
vn -0.5677 -0.2608 0.7809
vn -0.0773 -0.3925 0.9165
vn 0.4257 -0.4033 0.8100
vn -0.6847 -0.3043 0.6623
vn -0.6388 -0.0691 -0.7663
vn -0.7238 0.5970 0.3460
vn -0.3184 -0.3018 0.8986
vn 0.5692 0.0441 0.8210
vn -0.5518 -0.0935 -0.8287
vn -0.6782 0.5592 0.4768
vn 0.4310 0.0938 0.8974
vn -0.7246 -0.5506 -0.4146
vn -0.0693 -0.4660 0.8821
vn -0.4215 -0.7749 0.4710
vn -0.9169 -0.1137 0.3825
vn -0.8622 0.2160 -0.4582
vn -0.6696 0.5576 0.4906
vn -0.7727 -0.0948 0.6276
vn -0.8513 0.4185 -0.3165
vn -0.6382 0.6530 0.4077
vn -0.2822 0.3638 0.8877
vn -0.6884 -0.3947 0.6086
vn -0.9377 0.1886 -0.2918
vn -0.6535 -0.7542 0.0642
vn -0.8151 -0.5764 -0.0572
vn -0.6683 0.4973 0.5533
vn -0.7831 0.5114 0.3539
vn -0.9018 -0.1163 -0.4161
vn -0.9547 0.2949 -0.0404
vn -0.5990 0.3719 0.7091
vn -0.9550 0.2964 0.0077
vn 0.0521 0.6572 0.7519
vn -0.3517 0.5490 0.7582
vn -0.7096 0.5291 0.4653
vn 0.7542 -0.0479 0.6549
vn -0.4680 0.3187 0.8242
vn 0.4870 -0.1368 0.8626
vn 0.5902 -0.8064 -0.0368
vn -0.0212 -0.9995 0.0235
vn -0.7731 -0.4808 -0.4138
vn -0.7682 -0.1457 -0.6235
vn 0.5609 -0.0889 0.8231
vn -0.2382 -0.7257 0.6454
vn -0.6388 -0.0690 -0.7663
vn -0.0759 -0.9964 -0.0391
vn 0.1763 -0.6073 -0.7747
vn 0.4681 -0.6008 -0.6481
vn 0.5882 -0.8087 0.0035
vn 0.4804 -0.6558 -0.5823
vn 0.4311 0.0938 0.8974
vn -0.0692 -0.4660 0.8821
vn -0.7246 -0.5506 -0.4145
vn -0.1147 -0.7317 0.6719
vn 0.8280 -0.5492 0.1132
vn 0.6607 -0.6093 -0.4385
vn -0.8431 0.5264 0.1096
vn -0.6281 0.5713 0.5284
vn 0.1845 -0.8834 -0.4307
vn 0.5768 -0.7880 0.2152
vn 0.8767 0.2582 -0.4060
vn 0.8662 0.3192 -0.3844
vn 0.5957 0.2355 0.7679
vn 0.4529 0.2168 0.8648
vn -0.2665 0.0315 -0.9633
vn -0.5536 -0.0115 -0.8327
vn -0.9938 -0.1102 0.0117
vn -0.9982 -0.0586 0.0140
vn 0.6346 0.1220 0.7631
vn 0.9063 0.1016 -0.4103
vn -0.2770 -0.0268 -0.9605
vn -0.9858 -0.1677 0.0053
vn -0.4303 -0.0439 0.9016
vn -0.3537 -0.1052 0.9294
vn -0.9816 -0.1908 0.0001
vn 0.8027 -0.0463 0.5946
vn -0.9934 -0.1117 0.0266
vn -0.2560 -0.1077 0.9607
vn -0.3659 0.0123 0.9306
vn 0.6952 -0.0048 0.7188
vn 0.6623 -0.0993 0.7426
vn 0.9317 -0.0915 -0.3515
vn 0.9715 -0.1012 -0.2145
vn 0.0333 -0.1436 -0.9891
vn -0.3123 -0.1194 -0.9424
vn -0.9934 -0.1116 0.0266
vn -0.9980 0.0059 0.0633
vn -0.3762 0.1422 0.9156
vn -0.9940 0.1022 0.0402
vn -0.3518 0.5491 0.7581
vn -0.9708 0.2210 -0.0929
vn 0.7151 0.0646 0.6960
vn 0.9070 -0.0458 -0.4186
vn 0.8698 -0.0650 -0.4892
vn -0.5349 -0.0680 -0.8422
vn 0.3313 -0.8644 -0.3782
vn 0.5924 -0.7953 0.1291
vn 0.8471 -0.0485 -0.5293
vn -0.3001 -0.1047 -0.9482
vn -0.3925 -0.0042 0.9197
vn -0.5814 -0.0380 0.8127
vn -0.9982 -0.0587 0.0140
usemtl w03_001
s 1
f 3/1/1 2/2/2 1/3/3
f 4/4/4 1/3/3 2/2/2
f 5/5/5 2/2/2 3/1/1
f 4/4/4 2/2/2 5/5/5
f 3/1/1 6/6/6 5/5/5
f 7/7/7 5/5/5 6/6/6
f 6/6/6 8/8/8 7/7/7
f 6/6/6 9/9/9 8/8/8
f 3/1/1 1/3/3 9/9/9
f 6/6/6 3/1/1 9/9/9
f 1/3/3 10/10/10 9/9/9
f 4/4/4 10/10/10 1/3/3
f 10/10/10 11/11/11 9/9/9
f 12/12/12 9/9/9 11/11/11
f 13/13/12 8/8/8 9/9/9
f 14/14/13 7/7/7 8/8/8
f 15/15/14 5/5/5 7/7/7
f 5/5/5 15/15/14 4/4/4
f 15/15/14 16/16/15 4/4/4
f 16/16/15 10/10/10 4/4/4
f 10/10/10 16/16/15 17/17/16
f 18/18/17 17/17/16 16/16/15
f 16/16/15 15/15/14 18/18/17
f 19/19/18 18/18/17 15/15/14
f 15/15/14 7/7/7 20/20/19
f 21/21/20 20/20/19 7/7/7
f 24/22/21 23/23/22 22/24/23
f 25/25/24 22/24/23 23/23/22
f 22/24/23 25/25/24 26/26/25
f 27/27/26 26/26/25 25/25/24
f 26/26/25 28/28/27 22/24/23
f 22/24/23 28/28/27 24/22/21
f 29/29/28 28/28/27 26/26/25
f 26/26/25 30/30/29 29/29/28
f 31/31/30 29/29/28 30/30/29
f 32/32/31 24/22/21 28/28/27
f 24/22/21 32/32/31 33/33/32
f 34/34/33 33/33/32 32/32/31
f 35/35/34 32/32/31 28/28/27
f 35/35/34 28/28/27 29/29/28
f 29/29/28 36/36/35 35/35/34
f 37/37/36 35/35/34 36/36/35
f 35/35/34 37/37/36 32/32/31
f 38/38/37 32/32/31 37/37/36
f 41/39/38 40/40/39 39/41/40
f 42/42/41 39/41/40 40/40/39
f 42/42/41 43/43/42 39/41/40
f 44/44/43 39/41/40 43/43/42
f 45/45/44 39/41/40 44/44/43
f 39/41/40 45/45/44 41/39/38
f 44/44/43 46/46/45 45/45/44
f 46/46/45 44/44/43 47/47/46
f 48/48/47 47/47/46 44/44/43
f 49/49/48 41/39/38 45/45/44
f 49/49/48 50/50/49 41/39/38
f 51/51/39 41/39/38 50/50/49
f 52/52/50 49/49/48 45/45/44
f 45/45/44 46/46/45 52/52/50
f 46/46/45 53/53/46 52/52/50
f 54/54/51 52/52/50 53/53/46
f 54/54/51 55/55/49 52/52/50
f 49/49/48 52/52/50 55/55/49
f 58/56/52 57/57/53 56/58/54
f 59/59/55 56/58/54 57/57/53
f 58/56/52 56/58/54 60/60/56
f 61/61/57 60/60/56 56/58/54
f 62/62/58 58/56/52 60/60/56
f 58/56/52 62/62/58 57/57/53
f 62/62/58 60/60/56 63/63/59
f 60/60/56 64/64/57 63/63/59
f 65/65/60 63/63/59 64/64/57
f 66/66/61 57/57/53 62/62/58
f 57/57/53 66/66/61 67/67/55
f 68/68/62 67/67/55 66/66/61
f 62/62/58 69/69/63 66/66/61
f 63/63/59 69/69/63 62/62/58
f 63/63/59 70/70/64 69/69/63
f 71/71/65 69/69/63 70/70/64
f 69/69/63 71/71/65 66/66/61
f 72/72/62 66/66/61 71/71/65
f 75/73/66 74/74/67 73/75/68
f 75/73/66 76/76/69 74/74/67
f 77/77/70 74/74/67 76/76/69
f 74/74/67 78/78/71 73/75/68
f 79/79/72 73/75/68 78/78/71
f 79/79/72 80/80/73 73/75/68
f 81/81/74 80/80/73 79/79/72
f 84/82/75 83/83/76 82/84/77
f 84/82/75 85/85/66 83/83/76
f 86/86/68 83/83/76 85/85/66
f 82/84/77 87/87/78 84/82/75
f 88/88/79 84/82/75 87/87/78
f 84/82/75 88/88/79 85/85/66
f 89/89/69 85/85/66 88/88/79
f 86/86/68 90/90/80 83/83/76
f 91/91/81 83/83/76 90/90/80
f 88/88/79 87/87/78 92/92/69
f 93/93/70 92/92/69 87/87/78
f 83/83/76 94/94/82 82/84/77
f 91/91/81 94/94/82 83/83/76
f 95/95/83 82/84/77 94/94/82
f 95/95/83 94/94/82 96/96/71
f 97/97/72 96/96/71 94/94/82
f 94/94/82 98/98/84 97/97/72
f 98/98/84 94/94/82 91/91/81
f 99/99/85 97/97/72 98/98/84
f 98/98/84 91/91/81 100/100/74
f 101/101/73 100/100/74 91/91/81
f 104/102/86 103/103/87 102/104/88
f 104/102/86 105/105/89 103/103/87
f 104/102/86 106/106/90 105/105/89
f 104/102/86 107/107/91 106/106/90
f 104/102/86 108/108/92 107/107/91
f 104/102/86 109/109/93 108/108/92
f 104/102/86 110/110/94 109/109/93
f 104/102/86 102/104/88 110/110/94
f 102/104/88 103/103/87 111/111/95
f 112/112/96 111/111/95 103/103/87
f 103/103/87 105/105/89 112/112/96
f 113/113/97 112/112/96 105/105/89
f 105/105/89 106/106/90 113/113/97
f 114/114/98 113/113/97 106/106/90
f 106/106/90 107/107/91 114/114/98
f 115/115/99 114/114/98 107/107/91
f 107/107/91 108/108/92 115/115/99
f 116/116/100 115/115/99 108/108/92
f 108/108/92 109/109/93 116/116/100
f 117/117/101 116/116/100 109/109/93
f 109/109/93 110/110/94 117/117/101
f 118/118/102 117/117/101 110/110/94
f 111/111/95 118/118/102 102/104/88
f 110/110/94 102/104/88 118/118/102
f 121/119/103 120/120/104 119/121/105
f 119/121/105 122/122/106 121/119/103
f 121/119/103 123/123/107 120/120/104
f 121/119/103 122/122/106 123/123/107
f 120/120/104 123/123/107 124/124/108
f 125/125/109 124/124/108 123/123/107
f 124/124/108 125/125/109 126/126/110
f 124/124/108 126/126/110 127/127/111
f 119/121/105 120/120/104 127/127/111
f 120/120/104 124/124/108 127/127/111
f 128/128/112 119/121/105 127/127/111
f 128/128/112 122/122/106 119/121/105
f 128/128/112 127/127/111 129/129/113
f 130/130/114 129/129/113 127/127/111
f 131/131/114 127/127/111 126/126/110
f 132/132/115 126/126/110 125/125/109
f 123/123/107 133/133/116 125/125/109
f 133/133/116 123/123/107 122/122/106
f 134/134/117 133/133/116 122/122/106
f 128/128/112 134/134/117 122/122/106
f 128/128/112 135/135/118 134/134/117
f 136/136/119 134/134/117 135/135/118
f 134/134/117 136/136/119 133/133/116
f 137/137/120 133/133/116 136/136/119
f 133/133/116 138/138/121 125/125/109
f 139/139/122 125/125/109 138/138/121
f 142/140/123 141/141/124 140/142/125
f 143/143/126 140/142/125 141/141/124
f 140/142/125 144/144/127 142/140/123
f 145/145/128 142/140/123 144/144/127
f 146/146/129 144/144/127 140/142/125
f 146/146/129 140/142/125 143/143/126
f 146/146/129 147/147/130 144/144/127
f 144/144/127 147/147/130 148/148/131
f 149/149/132 148/148/131 147/147/130
f 143/143/126 150/150/133 146/146/129
f 143/143/126 151/151/134 150/150/133
f 152/152/135 150/150/133 151/151/134
f 150/150/133 153/153/136 146/146/129
f 146/146/129 153/153/136 147/147/130
f 147/147/130 153/153/136 154/154/137
f 155/155/138 154/154/137 153/153/136
f 153/153/136 150/150/133 155/155/138
f 156/156/135 155/155/138 150/150/133
f 159/157/139 158/158/140 157/159/141
f 160/160/142 157/159/141 158/158/140
f 159/157/139 157/159/141 161/161/143
f 162/162/144 161/161/143 157/159/141
f 157/159/141 163/163/145 162/162/144
f 163/163/145 157/159/141 160/160/142
f 164/164/146 162/162/144 163/163/145
f 164/164/146 165/165/147 162/162/144
f 166/166/148 162/162/144 165/165/147
f 160/160/142 167/167/149 163/163/145
f 167/167/149 160/160/142 168/168/150
f 169/169/140 168/168/150 160/160/142
f 167/167/149 170/170/151 163/163/145
f 164/164/146 163/163/145 170/170/151
f 164/164/146 170/170/151 171/171/147
f 172/172/152 171/171/147 170/170/151
f 167/167/149 173/173/150 170/170/151
f 172/172/152 170/170/151 173/173/150
f 176/174/153 175/175/154 174/176/155
f 177/177/156 174/176/155 175/175/154
f 177/177/156 178/178/157 174/176/155
f 179/179/158 174/176/155 178/178/157
f 177/177/156 180/180/159 178/178/157
f 180/180/159 177/177/156 175/175/154
f 178/178/157 180/180/159 181/181/160
f 178/178/157 181/181/160 182/182/158
f 183/183/161 182/182/158 181/181/160
f 175/175/154 184/184/162 180/180/159
f 175/175/154 185/185/153 184/184/162
f 186/186/163 184/184/162 185/185/153
f 187/187/164 180/180/159 184/184/162
f 187/187/164 181/181/160 180/180/159
f 181/181/160 187/187/164 188/188/165
f 189/189/166 188/188/165 187/187/164
f 187/187/164 184/184/162 189/189/166
f 190/190/163 189/189/166 184/184/162
f 193/191/167 192/192/168 191/193/169
f 192/192/168 193/191/167 194/194/170
f 195/195/171 194/194/170 193/191/167
f 193/191/167 191/193/169 196/196/172
f 197/197/173 196/196/172 191/193/169
f 198/198/174 197/197/173 191/193/169
f 198/198/174 199/199/175 197/197/173
f 202/200/176 201/201/177 200/202/178
f 201/201/177 202/200/176 203/203/168
f 204/204/169 203/203/168 202/200/176
f 200/202/178 201/201/177 205/205/179
f 206/206/180 205/205/179 201/201/177
f 201/201/177 203/203/168 206/206/180
f 207/207/170 206/206/180 203/203/168
f 204/204/169 202/200/176 208/208/181
f 209/209/182 208/208/181 202/200/176
f 206/206/180 210/210/170 205/205/179
f 211/211/171 205/205/179 210/210/170
f 202/200/176 200/202/178 212/212/183
f 212/212/183 209/209/182 202/200/176
f 213/213/184 212/212/183 200/202/178
f 213/213/184 214/214/172 212/212/183
f 215/215/173 212/212/183 214/214/172
f 212/212/183 215/215/173 216/216/185
f 212/212/183 216/216/185 209/209/182
f 217/217/186 216/216/185 215/215/173
f 216/216/185 218/218/175 209/209/182
f 219/219/174 209/209/182 218/218/175
f 222/220/187 221/221/188 220/222/189
f 223/223/190 221/221/188 222/220/187
f 224/224/191 221/221/188 223/223/190
f 225/225/192 221/221/188 224/224/191
f 226/226/193 221/221/188 225/225/192
f 227/227/194 221/221/188 226/226/193
f 228/228/195 221/221/188 227/227/194
f 220/222/189 221/221/188 228/228/195
f 220/222/189 229/229/196 222/220/187
f 230/230/197 222/220/187 229/229/196
f 222/220/187 230/230/197 223/223/190
f 231/231/198 223/223/190 230/230/197
f 223/223/190 231/231/198 224/224/191
f 232/232/199 224/224/191 231/231/198
f 224/224/191 232/232/199 225/225/192
f 233/233/200 225/225/192 232/232/199
f 225/225/192 233/233/200 226/226/193
f 234/234/201 226/226/193 233/233/200
f 226/226/193 234/234/201 227/227/194
f 235/235/202 227/227/194 234/234/201
f 227/227/194 235/235/202 228/228/195
f 236/236/203 228/228/195 235/235/202
f 228/228/195 236/236/203 220/222/189
f 229/229/196 220/222/189 236/236/203
f 239/237/204 238/238/205 237/239/206
f 240/240/207 237/239/206 238/238/205
f 237/239/206 241/241/208 239/237/204
f 242/242/209 239/237/204 241/241/208
f 242/242/209 241/241/208 243/243/210
f 244/244/211 243/243/210 241/241/208
f 241/241/208 245/245/212 244/244/211
f 243/243/210 246/246/213 242/242/209
f 247/247/214 242/242/209 246/246/213
f 242/242/209 247/247/214 239/237/204
f 248/248/215 239/237/204 247/247/214
f 248/248/215 249/249/216 239/237/204
f 250/250/217 239/237/204 249/249/216
f 239/237/204 250/250/217 238/238/205
f 250/250/217 251/251/218 238/238/205
f 250/250/217 252/252/219 251/251/218
f 252/252/219 253/253/220 251/251/218
f 238/238/205 251/251/218 254/254/221
f 255/255/222 243/243/210 244/244/211
f 245/245/212 256/256/223 244/244/211
f 255/255/222 244/244/211 256/256/223
f 255/255/222 256/256/223 257/257/224
f 258/258/225 252/252/219 250/250/217
f 257/257/224 256/256/223 259/259/226
f 260/260/227 259/259/226 256/256/223
f 260/260/227 261/261/228 259/259/226
f 260/260/227 262/262/229 261/261/228
f 263/263/230 261/261/228 262/262/229
f 263/263/230 264/264/231 261/261/228
f 263/263/230 262/262/229 265/265/232
f 266/266/233 265/265/232 262/262/229
f 266/266/233 262/262/229 267/267/234
f 245/245/212 267/267/234 262/262/229
f 262/262/229 260/260/227 245/245/212
f 256/256/223 245/245/212 260/260/227
f 268/268/235 259/259/226 261/261/228
f 268/268/235 261/261/228 269/269/236
f 263/263/230 265/265/232 270/270/237
f 258/258/225 272/271/238 271/272/239
f 250/250/217 272/271/238 273/273/240
f 250/250/217 249/249/216 272/271/238
f 249/249/216 274/274/241 272/271/238
f 276/275/242 271/272/243 275/276/244
f 276/275/242 277/277/245 271/272/243
f 278/278/246 271/272/243 277/277/245
f 279/279/247 278/278/246 277/277/245
f 245/245/212 281/280/248 280/281/249
f 241/241/208 281/280/248 245/245/212
f 281/280/248 241/241/208 282/282/250
f 283/283/251 281/280/248 282/282/250
f 282/282/250 284/284/252 283/283/251
f 282/282/250 241/241/208 237/239/206
f 285/285/253 282/282/250 237/239/206
f 286/286/254 285/285/253 237/239/206
f 286/286/254 287/287/255 285/285/253
f 288/288/256 285/285/253 287/287/255
f 287/287/255 286/286/254 289/289/257
f 240/240/207 289/289/257 286/286/254
f 240/240/207 286/286/254 237/239/206
f 240/240/207 290/290/258 289/289/257
f 287/287/255 291/291/259 288/288/256
f 287/287/255 289/289/257 291/291/259
f 292/292/260 288/288/256 291/291/259
f 288/288/256 292/292/260 293/293/261
f 294/294/262 293/293/261 292/292/260
f 295/295/263 291/291/259 289/289/257
f 295/295/263 296/296/264 291/291/259
f 292/292/260 291/291/259 296/296/264
f 289/289/257 297/297/265 295/295/263
f 297/297/265 289/289/257 298/298/266
f 299/299/262 295/295/263 297/297/265
f 285/285/253 288/288/256 300/300/267
f 293/293/261 300/300/267 288/288/256
f 238/238/205 290/290/258 240/240/207
f 296/296/264 295/295/263 301/301/268
f 295/295/263 299/299/262 302/302/269
f 303/303/269 292/292/260 296/296/264
f 304/304/270 294/294/262 292/292/260
f 238/238/205 254/254/221 305/305/271
f 305/305/271 254/254/221 306/306/272
f 307/307/273 306/306/272 254/254/221
f 254/254/221 308/308/274 307/307/273
f 309/309/275 307/307/273 308/308/274
f 306/306/272 307/307/273 310/310/276
f 311/311/277 310/310/276 307/307/273
f 307/307/273 309/309/275 311/311/277
f 312/312/278 311/311/277 309/309/275
f 313/313/279 310/310/276 311/311/277
f 313/313/279 311/311/277 314/314/280
f 311/311/277 312/312/278 314/314/280
f 251/251/218 308/308/274 254/254/221
f 253/253/220 315/315/281 251/251/218
f 317/316/282 316/317/283 253/253/220
f 318/318/284 253/253/220 316/317/283
f 253/253/220 319/319/285 317/316/282
f 316/317/283 317/316/282 320/320/286
f 317/316/282 322/321/287 321/322/288
f 323/323/289 321/322/288 322/321/287
f 324/324/290 321/322/288 323/323/289
f 322/321/287 317/316/282 325/325/291
f 321/322/288 326/326/292 317/316/282
f 327/327/293 326/326/292 321/322/288
f 252/252/219 328/328/294 253/253/220
f 252/252/219 330/329/224 329/330/295
f 329/330/295 330/329/224 331/331/233
f 332/332/296 331/331/233 330/329/224
f 331/331/233 332/332/296 333/333/232
f 334/334/297 333/333/232 332/332/296
f 335/335/298 333/333/232 334/334/297
f 252/252/219 336/336/222 330/329/224
f 336/336/222 252/252/219 258/258/225
f 338/337/299 334/334/297 337/338/300
f 341/339/301 340/340/302 339/341/303
f 340/340/302 341/339/301 342/342/292
f 281/280/304 339/341/303 340/340/302
f 343/343/287 281/280/304 340/340/302
f 281/280/304 343/343/287 344/344/305
f 343/343/287 340/340/302 345/345/289
f 346/346/306 345/345/289 340/340/302
f 340/340/302 347/347/307 346/346/306
f 346/346/306 347/347/307 348/348/308
f 349/349/309 345/345/289 346/346/306
f 346/346/306 351/350/310 350/351/311
f 354/352/312 353/353/313 352/354/314
f 355/355/315 353/353/313 354/352/312
f 354/352/312 356/356/316 355/355/315
f 355/355/315 356/356/316 357/357/317
f 358/358/318 357/357/317 356/356/316
f 358/358/318 356/356/316 359/359/319
f 360/360/243 359/359/319 356/356/316
f 361/361/320 360/360/243 356/356/316
f 357/357/317 362/362/321 355/355/315
f 363/363/322 355/355/315 362/362/321
f 354/352/312 352/354/314 243/243/210
f 243/243/210 364/364/323 354/352/312
f 354/352/312 364/364/323 356/356/316
f 356/356/316 364/364/323 365/365/225
f 255/255/222 365/365/225 364/364/323
f 243/243/210 255/255/222 364/364/323
f 352/354/314 246/246/213 243/243/210
f 366/366/324 358/358/318 359/359/319
f 366/366/324 357/357/317 358/358/318
f 366/366/324 362/362/321 357/357/317
f 355/355/315 363/363/322 367/367/238
f 369/368/325 282/282/250 368/369/326
f 369/368/325 371/370/276 370/371/327
f 369/368/325 370/371/327 372/372/328
f 374/373/329 373/374/330 371/370/276
f 373/374/330 374/373/329 284/284/275
f 375/375/331 284/284/275 374/373/329
f 376/376/332 375/375/331 374/373/329
f 376/376/332 374/373/329 377/377/333
f 374/373/329 371/370/276 377/377/333
f 285/285/253 378/378/334 282/282/250
f 380/379/335 379/380/336 284/284/275
f 382/381/337 381/382/338 321/322/288
f 385/383/339 384/384/340 383/385/341
f 386/386/342 383/385/341 384/384/340
f 386/386/342 384/384/340 387/387/343
f 388/388/344 387/387/343 384/384/340
f 387/387/343 388/388/344 389/389/345
f 390/390/346 389/389/345 388/388/344
f 383/385/341 386/386/342 391/391/347
f 392/392/348 391/391/347 386/386/342
f 387/387/343 393/393/349 386/386/342
f 392/392/348 386/386/342 393/393/349
f 389/389/345 394/394/350 387/387/343
f 393/393/349 387/387/343 394/394/350
f 391/391/347 395/395/351 383/385/341
f 395/395/351 391/391/347 396/396/352
f 396/396/352 397/397/353 395/395/351
f 398/398/350 395/395/351 397/397/353
f 399/399/354 396/396/352 391/391/347
f 391/391/347 392/392/348 399/399/354
f 397/397/353 396/396/352 400/400/355
f 401/401/356 400/400/355 396/396/352
f 401/401/356 402/402/357 400/400/355
f 402/402/357 401/401/356 403/403/358
f 404/404/359 403/403/358 401/401/356
f 399/399/354 404/404/359 396/396/352
f 401/401/356 396/396/352 404/404/359
f 403/403/358 404/404/359 405/405/360
f 406/406/361 405/405/360 404/404/359
f 404/404/359 399/399/354 406/406/361
f 406/406/361 407/407/362 405/405/360
f 408/408/363 405/405/360 407/407/362
f 407/407/362 409/409/364 408/408/363
f 410/410/365 408/408/363 409/409/364
f 411/411/365 400/400/355 402/402/357
f 402/402/357 412/412/366 411/411/365
f 413/413/367 411/411/365 412/412/366
f 412/412/366 414/414/368 413/413/367
f 415/415/369 413/413/367 414/414/368
f 412/412/366 416/416/213 414/414/368
f 417/417/370 416/416/213 412/412/366
f 403/403/358 417/417/370 402/402/357
f 412/412/366 402/402/357 417/417/370
f 416/416/213 417/417/370 418/418/371
f 419/419/372 418/418/371 417/417/370
f 405/405/360 408/408/363 419/419/372
f 418/418/371 419/419/372 420/420/215
f 421/421/373 420/420/215 419/419/372
f 421/421/373 419/419/372 408/408/363
f 408/408/363 410/410/365 421/421/373
f 421/421/373 422/422/367 420/420/215
f 422/422/367 421/421/373 410/410/365
f 423/423/216 420/420/215 422/422/367
f 417/417/370 403/403/358 419/419/372
f 405/405/360 419/419/372 403/403/358
f 263/263/230 425/424/374 424/425/375
f 426/426/376 406/406/361 399/399/354
f 406/406/361 426/426/376 407/407/362
f 427/427/377 407/407/362 426/426/376
f 407/407/362 427/427/377 409/409/364
f 428/428/353 409/409/364 427/427/377
f 426/426/376 399/399/354 392/392/348
f 426/426/376 392/392/348 427/427/377
f 393/393/349 427/427/377 392/392/348
f 427/427/377 393/393/349 428/428/353
f 394/394/350 428/428/353 393/393/349
f 395/395/351 398/398/350 429/429/378
f 430/430/345 429/429/378 398/398/350
f 429/429/378 383/385/341 395/395/351
f 429/429/378 430/430/345 431/431/379
f 432/432/380 431/431/379 430/430/345
f 383/385/341 429/429/378 385/383/339
f 431/431/379 385/383/339 429/429/378
f 435/433/381 434/434/382 433/435/383
f 433/435/383 436/436/384 435/433/381
f 433/435/383 434/434/382 437/437/385
f 438/438/386 437/437/385 434/434/382
f 438/438/386 439/439/387 437/437/385
f 440/440/388 437/437/385 439/439/387
f 441/441/389 437/437/385 440/440/388
f 439/439/387 438/438/386 442/442/390
f 443/443/391 442/442/390 438/438/386
f 438/438/386 434/434/382 443/443/391
f 444/444/392 443/443/391 434/434/382
f 444/444/392 434/434/382 445/445/393
f 446/446/394 445/445/393 434/434/382
f 446/446/394 434/434/382 435/433/381
f 447/447/395 446/446/394 435/433/381
f 448/448/396 446/446/394 447/447/395
f 449/449/397 448/448/396 447/447/395
f 447/447/395 435/433/381 450/450/398
f 439/439/387 451/451/399 440/440/388
f 452/452/400 441/441/389 440/440/388
f 440/440/388 451/451/399 452/452/400
f 452/452/400 451/451/399 453/453/401
f 448/448/396 454/454/402 446/446/394
f 453/453/401 455/455/403 452/452/400
f 456/456/404 452/452/400 455/455/403
f 452/452/400 456/456/404 441/441/389
f 456/456/404 455/455/403 457/457/405
f 456/456/404 457/457/405 458/458/406
f 459/459/407 458/458/406 457/457/405
f 460/460/408 459/459/407 457/457/405
f 459/459/407 461/461/409 458/458/406
f 462/462/410 458/458/406 461/461/409
f 462/462/410 463/463/411 458/458/406
f 441/441/389 458/458/406 463/463/411
f 458/458/406 441/441/389 456/456/404
f 464/464/412 457/457/405 455/455/403
f 457/457/405 464/464/412 465/465/413
f 461/461/409 459/459/407 466/466/414
f 454/454/402 468/467/415 467/468/416
f 467/468/416 446/446/394 469/469/417
f 445/445/393 446/446/394 467/468/416
f 470/470/418 445/445/393 467/468/416
f 472/471/419 471/472/420 468/467/421
f 472/471/419 468/467/421 473/473/422
f 474/474/423 473/473/422 468/467/421
f 474/474/423 475/475/424 473/473/422
f 477/476/425 441/441/389 476/477/426
f 477/476/427 479/478/428 478/479/429
f 479/478/428 477/476/427 480/480/430
f 481/481/431 477/476/427 478/479/429
f 478/479/429 482/482/432 481/481/431
f 482/482/432 478/479/429 483/483/433
f 479/478/428 484/484/434 478/479/429
f 485/485/435 478/479/429 484/484/434
f 486/486/436 478/479/429 485/485/435
f 486/486/436 485/485/435 487/487/437
f 484/484/434 488/488/438 485/485/435
f 477/476/425 490/489/439 489/490/440
f 491/491/441 489/490/440 490/489/439
f 437/437/385 477/476/425 489/490/440
f 437/437/385 489/490/440 433/435/383
f 489/490/440 492/492/442 433/435/383
f 492/492/442 493/493/443 433/435/383
f 493/493/443 492/492/442 494/494/444
f 495/495/445 494/494/444 492/492/442
f 494/494/444 496/496/446 493/493/443
f 436/436/384 493/493/443 496/496/446
f 493/493/443 436/436/384 433/435/383
f 436/436/384 496/496/446 497/497/447
f 494/494/444 495/495/445 498/498/448
f 494/494/444 498/498/448 496/496/446
f 499/499/449 498/498/448 495/495/445
f 495/495/445 500/500/450 499/499/449
f 501/501/451 499/499/449 500/500/450
f 502/502/452 496/496/446 498/498/448
f 503/503/453 502/502/452 498/498/448
f 498/498/448 499/499/449 503/503/453
f 496/496/446 502/502/452 504/504/454
f 504/504/454 505/505/455 496/496/446
f 506/506/451 504/504/454 502/502/452
f 500/500/450 495/495/445 507/507/456
f 492/492/442 507/507/456 495/495/445
f 497/497/447 435/433/381 436/436/384
f 502/502/452 503/503/453 508/508/457
f 506/506/451 502/502/452 509/509/458
f 499/499/449 510/510/458 503/503/453
f 501/501/451 511/511/459 499/499/449
f 450/450/398 435/433/381 512/512/460
f 512/512/460 513/513/461 450/450/398
f 514/514/462 450/450/398 513/513/461
f 450/450/398 514/514/462 515/515/463
f 516/516/464 515/515/463 514/514/462
f 513/513/461 517/517/465 514/514/462
f 518/518/466 514/514/462 517/517/465
f 514/514/462 518/518/466 516/516/464
f 519/519/467 516/516/464 518/518/466
f 517/517/465 520/520/468 518/518/466
f 518/518/466 520/520/468 521/521/469
f 519/519/467 518/518/466 521/521/469
f 515/515/463 447/447/395 450/450/398
f 522/522/470 449/449/397 447/447/395
f 524/523/471 523/524/472 449/449/397
f 525/525/473 449/449/397 523/524/472
f 449/449/397 525/525/473 526/526/474
f 523/524/472 527/527/475 525/525/473
f 525/525/473 529/528/476 528/529/428
f 530/530/434 528/529/428 529/528/476
f 529/528/476 531/531/477 530/530/434
f 528/529/428 532/532/478 525/525/473
f 529/528/476 525/525/473 533/533/433
f 533/533/433 534/534/479 529/528/476
f 535/535/480 448/448/396 449/449/397
f 537/536/401 448/448/396 536/537/481
f 536/537/481 538/538/410 537/536/401
f 539/539/482 537/536/401 538/538/410
f 538/538/410 540/540/409 539/539/482
f 541/541/483 539/539/482 540/540/409
f 540/540/409 542/542/484 541/541/483
f 543/543/399 448/448/396 537/536/401
f 448/448/396 543/543/399 454/454/402
f 541/541/483 545/544/485 544/545/486
f 548/546/487 547/547/488 546/548/489
f 548/546/487 549/549/490 547/547/488
f 550/550/491 547/547/488 549/549/490
f 549/549/490 551/551/492 550/550/491
f 552/552/493 550/550/491 551/551/492
f 552/552/493 553/553/494 550/550/491
f 554/554/421 550/550/491 553/553/494
f 554/554/421 555/555/495 550/550/491
f 551/551/492 549/549/490 556/556/496
f 557/557/497 556/556/496 549/549/490
f 546/548/489 547/547/488 439/439/387
f 558/558/498 439/439/387 547/547/488
f 558/558/498 547/547/488 550/550/491
f 558/558/498 550/550/491 559/559/402
f 559/559/402 451/451/399 558/558/498
f 451/451/399 439/439/387 558/558/498
f 442/442/390 546/548/489 439/439/387
f 552/552/493 560/560/499 553/553/494
f 551/551/492 560/560/499 552/552/493
f 556/556/496 560/560/499 551/551/492
f 557/557/497 549/549/490 561/561/416
f 489/490/440 563/562/500 562/563/501
f 563/562/500 565/564/502 564/565/465
f 565/564/502 563/562/500 566/566/503
f 568/567/504 564/565/465 567/568/505
f 567/568/505 491/491/464 568/567/504
f 569/569/506 568/567/504 491/491/464
f 569/569/506 570/570/507 568/567/504
f 568/567/504 570/570/507 571/571/508
f 564/565/465 568/567/504 571/571/508
f 572/572/509 492/492/442 489/490/440
f 574/573/510 573/574/511 491/491/464
f 576/575/512 575/576/513 529/528/476
f 578/577/514 485/485/435 577/578/515
f 477/476/425 437/437/385 441/441/389
f 581/579/516 580/580/517 579/581/518
f 582/582/519 579/581/518 580/580/517
f 581/579/516 583/583/520 580/580/517
f 584/584/521 580/580/517 583/583/520
f 583/583/520 585/585/522 584/584/521
f 586/586/523 584/584/521 585/585/522
f 579/581/518 587/587/524 581/579/516
f 588/588/525 581/579/516 587/587/524
f 588/588/525 589/589/526 581/579/516
f 583/583/520 581/579/516 589/589/526
f 589/589/526 590/590/527 583/583/520
f 585/585/522 583/583/520 590/590/527
f 587/587/524 579/581/518 591/591/528
f 591/591/528 592/592/529 587/587/524
f 592/592/529 591/591/528 593/593/530
f 594/594/527 593/593/530 591/591/528
f 595/595/531 587/587/524 592/592/529
f 587/587/524 595/595/531 588/588/525
f 593/593/530 596/596/532 592/592/529
f 597/597/533 592/592/529 596/596/532
f 597/597/533 596/596/532 598/598/534
f 598/598/534 599/599/535 597/597/533
f 600/600/536 597/597/533 599/599/535
f 597/597/533 600/600/536 592/592/529
f 595/595/531 592/592/529 600/600/536
f 599/599/535 601/601/537 600/600/536
f 602/602/538 600/600/536 601/601/537
f 600/600/536 602/602/538 595/595/531
f 602/602/538 601/601/537 603/603/539
f 604/604/540 603/603/539 601/601/537
f 603/603/539 604/604/540 605/605/541
f 606/606/542 605/605/541 604/604/540
f 607/607/542 598/598/534 596/596/532
f 598/598/534 607/607/542 608/608/543
f 609/609/544 608/608/543 607/607/542
f 608/608/543 609/609/544 610/610/545
f 611/611/546 610/610/545 609/609/544
f 612/612/390 608/608/543 610/610/545
f 612/612/390 613/613/547 608/608/543
f 608/608/543 613/613/547 598/598/534
f 599/599/535 598/598/534 613/613/547
f 612/612/390 614/614/548 613/613/547
f 615/615/549 613/613/547 614/614/548
f 601/601/537 615/615/549 604/604/540
f 614/614/548 616/616/392 615/615/549
f 617/617/550 615/615/549 616/616/392
f 617/617/550 604/604/540 615/615/549
f 604/604/540 617/617/550 606/606/542
f 617/617/550 616/616/392 618/618/544
f 618/618/544 606/606/542 617/617/550
f 619/619/393 618/618/544 616/616/392
f 613/613/547 615/615/549 599/599/535
f 601/601/537 599/599/535 615/615/549
f 621/620/551 459/459/407 620/621/552
f 622/622/553 595/595/531 602/602/538
f 602/602/538 603/603/539 622/622/553
f 623/623/554 622/622/553 603/603/539
f 603/603/539 605/605/541 623/623/554
f 624/624/530 623/623/554 605/605/541
f 622/622/553 588/588/525 595/595/531
f 622/622/553 623/623/554 588/588/525
f 589/589/526 588/588/525 623/623/554
f 623/623/554 624/624/530 589/589/526
f 590/590/527 589/589/526 624/624/530
f 626/625/522 594/594/527 625/626/555
f 591/591/528 625/626/555 594/594/527
f 625/626/555 591/591/528 579/581/518
f 625/626/555 627/627/556 626/625/522
f 628/628/557 626/625/522 627/627/556
f 627/627/556 625/626/555 582/582/519
f 579/581/518 582/582/519 625/626/555
o e03_201_0_Untitled.079
v 0.329907 1.410232 0.043324
v 0.410456 1.417962 0.252320
v 0.397583 1.280527 0.131062
v 0.344236 1.500302 0.132439
v 0.332707 1.603356 0.148543
v 0.335623 1.711664 0.263282
v 0.425834 1.567731 0.398360
v 0.425834 1.567731 0.398360
v 0.400654 1.720888 0.243634
v 0.400654 1.720888 0.243634
v 0.332707 1.603356 0.148543
v 0.388011 1.613074 0.133705
v 0.335623 1.711664 0.263282
v 0.425834 1.567731 0.398360
v 0.410456 1.417962 0.252320
v 0.399547 1.509907 0.119271
v 0.389289 1.419723 0.030500
v 0.397583 1.280527 0.131062
v 0.399547 1.509907 0.119271
v 0.344236 1.500302 0.132439
v 0.389289 1.419723 0.030500
v 0.329907 1.410232 0.043324
v 0.260082 1.358760 -0.122475
v 0.290621 1.400938 -0.220508
v 0.238575 1.499813 -0.084316
v 0.355518 1.369544 -0.021568
v 0.270799 1.539928 -0.203449
v 0.226183 1.659656 -0.025726
v 0.351645 1.509921 0.016387
v 0.261622 1.735179 -0.119208
v 0.355518 1.369544 -0.021568
v 0.351645 1.509921 0.016387
v 0.307128 1.650442 0.028913
v 0.307128 1.650442 0.028913
v 0.261622 1.735179 -0.119208
v 0.325545 1.698343 -0.078042
v 0.270799 1.539928 -0.203449
v 0.376508 1.517240 -0.108875
v 0.351645 1.509921 0.016387
v 0.402475 1.374383 -0.145555
v 0.355518 1.369544 -0.021568
v 0.290621 1.400938 -0.220508
v 0.355518 1.369544 -0.021568
v 0.351645 1.509921 0.016387
v -0.410456 1.417962 0.252320
v -0.329907 1.410232 0.043324
v -0.397583 1.280527 0.131062
v -0.344236 1.500302 0.132439
v -0.332707 1.603356 0.148543
v -0.335623 1.711664 0.263282
v -0.425834 1.567731 0.398360
v -0.425834 1.567731 0.398360
v -0.400654 1.720888 0.243634
v -0.332707 1.603356 0.148543
v -0.400654 1.720888 0.243634
v -0.388011 1.613074 0.133705
v -0.335623 1.711664 0.263282
v -0.425834 1.567731 0.398360
v -0.410456 1.417962 0.252320
v -0.399547 1.509907 0.119271
v -0.389289 1.419723 0.030500
v -0.397583 1.280527 0.131062
v -0.399547 1.509907 0.119271
v -0.344236 1.500302 0.132439
v -0.389289 1.419723 0.030500
v -0.329907 1.410232 0.043324
v -0.260082 1.358760 -0.122475
v -0.238575 1.499813 -0.084316
v -0.290621 1.400938 -0.220508
v -0.355518 1.369544 -0.021568
v -0.270799 1.539928 -0.203449
v -0.226183 1.659656 -0.025726
v -0.351645 1.509921 0.016387
v -0.261622 1.735179 -0.119208
v -0.355518 1.369544 -0.021568
v -0.351645 1.509921 0.016387
v -0.307128 1.650442 0.028913
v -0.307128 1.650442 0.028913
v -0.261622 1.735179 -0.119208
v -0.325545 1.698343 -0.078042
v -0.270799 1.539928 -0.203449
v -0.376508 1.517240 -0.108875
v -0.351645 1.509921 0.016387
v -0.402475 1.374383 -0.145555
v -0.355518 1.369544 -0.021568
v -0.290621 1.400938 -0.220508
v -0.351645 1.509921 0.016387
v -0.355518 1.369544 -0.021568
v 0.697068 0.027370 0.241661
v 0.645396 0.107031 0.084223
v 0.667979 0.027822 0.064009
v 0.685047 0.072679 0.244892
v 0.688159 0.078694 0.322639
v 0.692487 0.027370 0.309198
v 0.671606 0.074857 0.369061
v 0.615674 0.127428 0.346171
v 0.628201 0.106445 0.383525
v 0.594311 0.128309 0.274259
v 0.546135 0.162442 0.120506
v 0.506534 0.090953 0.301405
v 0.545439 0.085561 0.367796
v 0.535464 0.027386 0.357682
v 0.496287 0.027386 0.302844
v 0.452816 0.114737 0.153858
v 0.434939 0.027822 0.146728
v 0.650359 0.064960 0.013141
v 0.440351 -0.004055 0.144946
v 0.426566 0.027784 0.099933
v 0.423730 0.060470 0.109028
v 0.402346 0.172267 0.030386
v 0.501474 -0.003749 0.301113
v 0.537070 -0.003749 0.349840
v 0.590515 -0.003824 0.373919
v 0.591459 0.027382 0.383157
v 0.586214 0.075005 0.396553
v 0.657318 -0.003982 0.353196
v 0.661540 0.027373 0.361257
v 0.686637 -0.004048 0.303986
v 0.691817 -0.004059 0.243337
v 0.662566 -0.004059 0.066142
v 0.633291 0.058938 0.393030
v 0.645726 0.027563 0.018460
v 0.626177 0.037650 -0.057492
v 0.631667 0.077484 -0.060080
v 0.593687 0.087309 -0.131531
v 0.589748 0.037568 -0.128938
v 0.606075 0.116114 -0.113245
v 0.615750 0.171810 -0.051024
v 0.511850 0.262034 0.000733
v 0.393603 0.075047 0.045191
v 0.374460 0.112972 -0.018904
v 0.367005 0.087154 -0.027404
v 0.371089 0.037566 -0.028356
v 0.399276 0.036215 0.043983
v 0.371089 0.037566 -0.028356
v 0.626177 0.037650 -0.057492
v 0.589748 0.037568 -0.128938
v 0.399276 0.036215 0.043983
v 0.367005 0.087154 -0.027404
v 0.593687 0.087309 -0.131531
v 0.606075 0.116114 -0.113245
v 0.374460 0.112972 -0.018904
v 0.615750 0.171810 -0.051024
v 0.402346 0.172267 0.030386
v 0.511850 0.262034 0.000733
v 0.645726 0.027563 0.018460
v 0.426566 0.027784 0.099933
v 0.662566 -0.004059 0.066142
v 0.440351 -0.004055 0.144946
v 0.691817 -0.004059 0.243337
v 0.501474 -0.003749 0.301113
v 0.537070 -0.003749 0.349840
v 0.686637 -0.004048 0.303986
v 0.590515 -0.003824 0.373919
v 0.657318 -0.003982 0.353196
v 0.348033 0.442364 -0.046751
v 0.472895 0.455215 0.045036
v 0.446205 0.303671 0.030262
v 0.493998 0.345074 0.041874
v 0.537136 0.324933 0.000242
v 0.558995 0.464522 -0.116054
v 0.402383 0.255696 -0.002201
v 0.354453 0.256971 -0.050344
v 0.476161 0.251587 0.071638
v 0.436476 0.207758 0.049860
v 0.570320 0.296696 -0.052277
v 0.559635 0.260664 0.043507
v 0.588362 0.231328 -0.001284
v 0.590284 0.298155 -0.122080
v 0.516563 0.279934 0.083523
v 0.543208 0.238093 0.154004
v 0.499900 0.199225 0.156877
v 0.588292 0.211051 0.122828
v 0.633383 0.140314 0.069349
v 0.599538 0.198133 -0.011717
v 0.462334 0.131512 0.139546
v 0.421122 0.185021 0.036462
v 0.331082 0.083784 -0.186810
v 0.354422 0.142793 -0.116587
v 0.358042 0.066514 -0.116811
v 0.343242 0.186562 -0.181288
v 0.333141 -0.003456 -0.200676
v 0.342028 0.172457 -0.361951
v 0.361298 -0.003456 -0.360780
v 0.407043 0.175469 -0.406903
v 0.348810 0.276674 -0.303157
v 0.399867 0.318954 -0.349177
v 0.422972 -0.003456 -0.406695
v 0.355446 -0.003456 -0.131103
v 0.372248 -0.003456 -0.091050
v 0.370952 0.055026 -0.091321
v 0.470777 0.170991 -0.387998
v 0.480449 0.293699 -0.335934
v 0.565294 0.193468 -0.267969
v 0.571794 0.081691 -0.276272
v 0.483397 -0.003456 -0.388452
v 0.566924 -0.003456 -0.279521
v 0.582758 0.066563 -0.209915
v 0.578116 -0.003456 -0.212941
v 0.588927 -0.003456 -0.184089
v 0.582986 0.055058 -0.183268
v 0.579880 0.142957 -0.213899
v 0.582986 0.055058 -0.183268
v 0.372248 -0.003456 -0.091050
v 0.370952 0.055026 -0.091321
v 0.588927 -0.003456 -0.184089
v 0.582758 0.066563 -0.209915
v 0.358042 0.066514 -0.116811
v 0.355446 -0.003456 -0.131103
v 0.578116 -0.003456 -0.212941
v 0.333141 -0.003456 -0.200676
v 0.566924 -0.003456 -0.279521
v 0.483397 -0.003456 -0.388452
v 0.422972 -0.003456 -0.406695
v 0.361298 -0.003456 -0.360780
v 0.579880 0.142957 -0.213899
v 0.354422 0.142793 -0.116587
v 0.565294 0.193468 -0.267969
v 0.343242 0.186562 -0.181288
v 0.348810 0.276674 -0.303157
v 0.480449 0.293699 -0.335934
v 0.399867 0.318954 -0.349177
v 0.426511 0.299693 -0.334195
v 0.367684 0.419930 -0.152165
v 0.347235 0.275004 -0.156219
v 0.428797 0.453858 -0.286963
v 0.420363 0.071966 -0.356147
v 0.424029 0.400454 -0.058438
v 0.433590 0.245552 0.004559
v 0.455479 0.061185 0.072487
v 0.355508 0.061179 -0.119618
v 0.420363 0.071966 -0.356147
v 0.612850 0.061185 0.023729
v 0.565204 0.251047 -0.042896
v 0.509623 0.404531 -0.091535
v 0.548365 0.061185 -0.191074
v 0.544939 0.274856 -0.208738
v 0.420363 0.071966 -0.356147
v 0.509789 0.422292 -0.180447
v 0.487452 0.061183 -0.084026
v -0.697068 0.027370 0.241661
v -0.645396 0.107031 0.084223
v -0.685047 0.072679 0.244892
v -0.667979 0.027822 0.064009
v -0.688159 0.078694 0.322639
v -0.692487 0.027370 0.309198
v -0.671606 0.074857 0.369061
v -0.615674 0.127428 0.346171
v -0.628201 0.106445 0.383525
v -0.594311 0.128309 0.274259
v -0.546135 0.162442 0.120506
v -0.506534 0.090953 0.301405
v -0.545439 0.085561 0.367796
v -0.535464 0.027386 0.357682
v -0.496287 0.027386 0.302844
v -0.452816 0.114737 0.153858
v -0.434939 0.027822 0.146728
v -0.650359 0.064960 0.013141
v -0.440351 -0.004055 0.144946
v -0.426566 0.027784 0.099933
v -0.423730 0.060470 0.109028
v -0.402346 0.172267 0.030386
v -0.501474 -0.003749 0.301113
v -0.537070 -0.003749 0.349840
v -0.590515 -0.003824 0.373919
v -0.591459 0.027382 0.383157
v -0.586214 0.075005 0.396553
v -0.657318 -0.003982 0.353196
v -0.661540 0.027373 0.361257
v -0.686637 -0.004048 0.303986
v -0.691817 -0.004059 0.243337
v -0.662566 -0.004059 0.066142
v -0.633291 0.058938 0.393030
v -0.645726 0.027563 0.018460
v -0.626177 0.037650 -0.057492
v -0.631667 0.077484 -0.060080
v -0.593687 0.087309 -0.131531
v -0.589748 0.037568 -0.128938
v -0.606075 0.116114 -0.113245
v -0.615750 0.171810 -0.051024
v -0.511850 0.262034 0.000733
v -0.374460 0.112972 -0.018904
v -0.393603 0.075047 0.045191
v -0.367005 0.087154 -0.027404
v -0.371089 0.037566 -0.028356
v -0.399276 0.036215 0.043983
v -0.371089 0.037566 -0.028356
v -0.626177 0.037650 -0.057492
v -0.399276 0.036215 0.043983
v -0.589748 0.037568 -0.128938
v -0.367005 0.087154 -0.027404
v -0.593687 0.087309 -0.131531
v -0.606075 0.116114 -0.113245
v -0.374460 0.112972 -0.018904
v -0.615750 0.171810 -0.051024
v -0.402346 0.172267 0.030386
v -0.511850 0.262034 0.000733
v -0.645726 0.027563 0.018460
v -0.426566 0.027784 0.099933
v -0.662566 -0.004059 0.066142
v -0.440351 -0.004055 0.144946
v -0.691817 -0.004059 0.243337
v -0.501474 -0.003749 0.301113
v -0.537070 -0.003749 0.349840
v -0.686637 -0.004048 0.303986
v -0.590515 -0.003824 0.373919
v -0.657318 -0.003982 0.353196
v -0.472895 0.455215 0.045036
v -0.348033 0.442364 -0.046751
v -0.446205 0.303671 0.030262
v -0.493998 0.345074 0.041874
v -0.537136 0.324933 0.000242
v -0.558995 0.464522 -0.116054
v -0.402383 0.255696 -0.002201
v -0.354453 0.256971 -0.050344
v -0.476161 0.251587 0.071638
v -0.436476 0.207758 0.049860
v -0.570320 0.296696 -0.052277
v -0.559635 0.260664 0.043507
v -0.588362 0.231328 -0.001284
v -0.590284 0.298155 -0.122080
v -0.516563 0.279934 0.083523
v -0.543208 0.238093 0.154004
v -0.499900 0.199225 0.156877
v -0.588292 0.211051 0.122828
v -0.633383 0.140314 0.069349
v -0.599538 0.198133 -0.011717
v -0.462334 0.131512 0.139546
v -0.421122 0.185021 0.036462
v -0.331082 0.083784 -0.186810
v -0.354422 0.142793 -0.116587
v -0.343242 0.186562 -0.181288
v -0.358042 0.066514 -0.116811
v -0.333141 -0.003456 -0.200676
v -0.342028 0.172457 -0.361951
v -0.361298 -0.003456 -0.360780
v -0.407043 0.175469 -0.406903
v -0.348810 0.276674 -0.303157
v -0.399867 0.318954 -0.349177
v -0.422972 -0.003456 -0.406695
v -0.355446 -0.003456 -0.131103
v -0.372248 -0.003456 -0.091050
v -0.370952 0.055026 -0.091321
v -0.470777 0.170991 -0.387998
v -0.480449 0.293699 -0.335934
v -0.565294 0.193468 -0.267969
v -0.571794 0.081691 -0.276272
v -0.483397 -0.003456 -0.388452
v -0.566924 -0.003456 -0.279521
v -0.582758 0.066563 -0.209915
v -0.578116 -0.003456 -0.212941
v -0.588927 -0.003456 -0.184089
v -0.582986 0.055058 -0.183268
v -0.579880 0.142957 -0.213899
v -0.582986 0.055058 -0.183268
v -0.372248 -0.003456 -0.091050
v -0.588927 -0.003456 -0.184089
v -0.370952 0.055026 -0.091321
v -0.582758 0.066563 -0.209915
v -0.358042 0.066514 -0.116811
v -0.355446 -0.003456 -0.131103
v -0.578116 -0.003456 -0.212941
v -0.333141 -0.003456 -0.200676
v -0.566924 -0.003456 -0.279521
v -0.483397 -0.003456 -0.388452
v -0.422972 -0.003456 -0.406695
v -0.361298 -0.003456 -0.360780
v -0.579880 0.142957 -0.213899
v -0.354422 0.142793 -0.116587
v -0.565294 0.193468 -0.267969
v -0.343242 0.186562 -0.181288
v -0.348810 0.276674 -0.303157
v -0.480449 0.293699 -0.335934
v -0.399867 0.318954 -0.349177
v -0.426511 0.299693 -0.334195
v -0.367684 0.419930 -0.152165
v -0.428797 0.453858 -0.286963
v -0.347235 0.275004 -0.156219
v -0.420363 0.071966 -0.356147
v -0.424029 0.400454 -0.058438
v -0.433590 0.245552 0.004559
v -0.455479 0.061185 0.072487
v -0.355508 0.061179 -0.119618
v -0.420363 0.071966 -0.356147
v -0.612850 0.061185 0.023729
v -0.565204 0.251047 -0.042896
v -0.509623 0.404531 -0.091535
v -0.548365 0.061185 -0.191074
v -0.544939 0.274856 -0.208738
v -0.420363 0.071966 -0.356147
v -0.509789 0.422292 -0.180447
v -0.487452 0.061183 -0.084026
v -0.451437 2.965121 -0.108627
v -0.475746 3.033354 -0.184357
v -0.492953 2.969020 -0.184960
v -0.430605 3.020558 -0.110241
v -0.498235 2.939925 -0.188123
v -0.586821 2.946954 -0.143701
v -0.575182 2.975152 -0.144509
v -0.456559 2.936774 -0.108186
v -0.550777 2.946085 -0.048848
v -0.536133 3.007384 -0.054091
v -0.559243 3.031973 -0.146414
v -0.556487 3.164917 -0.167824
v -0.523586 3.127688 -0.045525
v -0.515345 3.215588 -0.035065
v -0.442427 3.125429 -0.008971
v -0.430153 3.210943 0.000871
v -0.391733 3.133767 -0.107849
v -0.372964 3.227619 -0.107544
v -0.548340 3.242237 -0.171845
v -0.479861 3.003663 -0.033119
v -0.496801 2.940210 -0.035921
v -0.451437 2.965121 -0.108627
v -0.430605 3.020558 -0.110241
v -0.429679 3.168811 -0.206603
v -0.419269 3.252130 -0.213475
v -0.372964 3.227619 -0.107544
v -0.391733 3.133767 -0.107849
v -0.456559 2.936774 -0.108186
v -0.419977 3.296455 0.006721
v -0.369536 3.308944 -0.107240
v -0.404010 3.424869 0.001387
v -0.352433 3.417925 -0.106498
v -0.317961 3.488350 -0.104154
v -0.391305 3.490061 -0.004820
v -0.504611 3.433278 -0.039122
v -0.524528 3.494807 -0.041007
v -0.537570 3.479940 -0.101869
v -0.539875 3.516630 -0.070478
v -0.536203 3.570354 -0.026292
v -0.370677 3.618360 0.017028
v -0.526089 3.434717 -0.163992
v -0.530730 3.498979 -0.166353
v -0.401211 3.499879 -0.201015
v -0.407652 3.429732 -0.207686
v -0.317961 3.488350 -0.104154
v -0.352433 3.417925 -0.106498
v -0.385834 3.612828 -0.233842
v -0.533934 3.635948 -0.187411
v -0.375278 3.698455 -0.198749
v -0.512125 3.701854 -0.141547
v -0.376479 3.737848 -0.102953
v -0.510389 3.719968 -0.095684
v -0.536837 3.674193 -0.094717
v -0.512383 3.706084 -0.053601
v -0.376479 3.737848 -0.102953
v -0.374193 3.668874 0.006822
v -0.533719 3.643231 -0.023890
v -0.536943 3.635782 -0.163070
v -0.536086 3.573991 -0.160587
v -0.540832 3.520988 -0.125997
v -0.552603 3.482324 -0.102371
v -0.555865 3.521574 -0.126483
v -0.554742 3.517216 -0.070970
v -0.562563 3.594260 -0.085359
v -0.550860 3.572719 -0.026787
v -0.547599 3.640339 -0.024386
v -0.550572 3.671307 -0.095212
v -0.550825 3.632893 -0.163565
v -0.550797 3.576355 -0.161084
v -0.536203 3.570354 -0.026292
v -0.533719 3.643231 -0.023890
v -0.536837 3.674193 -0.094717
v -0.536943 3.635782 -0.163070
v -0.536086 3.573991 -0.160587
v -0.540832 3.520988 -0.125997
v -0.537570 3.479940 -0.101869
v -0.539875 3.516630 -0.070478
v -0.245997 3.691983 -0.049970
v -0.376479 3.737848 -0.102953
v -0.248073 3.681805 -0.150573
v -0.374193 3.668874 0.006822
v -0.264440 3.610190 -0.003385
v -0.370677 3.618360 0.017028
v -0.391305 3.490061 -0.004820
v -0.287286 3.540067 -0.060971
v -0.287159 3.525128 -0.111170
v -0.317961 3.488350 -0.104154
v -0.375278 3.698455 -0.198749
v -0.263461 3.645273 -0.180903
v -0.385834 3.612828 -0.233842
v -0.401211 3.499879 -0.201015
v -0.287339 3.539615 -0.162821
v -0.287159 3.525128 -0.111170
v -0.317961 3.488350 -0.104154
v -0.502595 3.303487 -0.028597
v -0.533127 3.319559 -0.170079
v -0.411804 3.335448 -0.214647
v -0.369536 3.308944 -0.107240
v 0.451437 2.965121 -0.108627
v 0.475746 3.033354 -0.184357
v 0.430605 3.020558 -0.110241
v 0.492953 2.969020 -0.184960
v 0.498235 2.939925 -0.188123
v 0.586821 2.946954 -0.143701
v 0.575182 2.975152 -0.144509
v 0.456559 2.936774 -0.108186
v 0.550777 2.946085 -0.048848
v 0.536133 3.007384 -0.054091
v 0.559243 3.031973 -0.146414
v 0.556487 3.164917 -0.167824
v 0.523586 3.127688 -0.045525
v 0.515345 3.215588 -0.035065
v 0.442427 3.125429 -0.008971
v 0.430153 3.210943 0.000871
v 0.391733 3.133767 -0.107849
v 0.372964 3.227619 -0.107544
v 0.548340 3.242237 -0.171845
v 0.479861 3.003663 -0.033119
v 0.496801 2.940210 -0.035921
v 0.451437 2.965121 -0.108627
v 0.430605 3.020558 -0.110241
v 0.429679 3.168811 -0.206603
v 0.419269 3.252130 -0.213475
v 0.372964 3.227619 -0.107544
v 0.391733 3.133767 -0.107849
v 0.456559 2.936774 -0.108186
v 0.419977 3.296455 0.006721
v 0.369536 3.308944 -0.107240
v 0.404010 3.424869 0.001387
v 0.352433 3.417925 -0.106498
v 0.317961 3.488350 -0.104154
v 0.391305 3.490061 -0.004820
v 0.504611 3.433278 -0.039122
v 0.524528 3.494807 -0.041007
v 0.537570 3.479940 -0.101869
v 0.539875 3.516630 -0.070478
v 0.536203 3.570354 -0.026292
v 0.370677 3.618360 0.017028
v 0.526089 3.434717 -0.163992
v 0.530730 3.498979 -0.166353
v 0.401211 3.499879 -0.201015
v 0.407652 3.429732 -0.207686
v 0.317961 3.488350 -0.104154
v 0.352433 3.417925 -0.106498
v 0.385834 3.612828 -0.233842
v 0.533934 3.635948 -0.187411
v 0.375278 3.698455 -0.198749
v 0.512125 3.701854 -0.141547
v 0.376479 3.737848 -0.102953
v 0.510389 3.719968 -0.095684
v 0.536837 3.674193 -0.094717
v 0.512383 3.706084 -0.053601
v 0.376479 3.737848 -0.102953
v 0.374193 3.668874 0.006822
v 0.533719 3.643231 -0.023890
v 0.536943 3.635782 -0.163070
v 0.536086 3.573991 -0.160587
v 0.540832 3.520988 -0.125997
v 0.552603 3.482324 -0.102371
v 0.554742 3.517216 -0.070970
v 0.555865 3.521574 -0.126483
v 0.562563 3.594260 -0.085359
v 0.550860 3.572719 -0.026787
v 0.547599 3.640339 -0.024386
v 0.550572 3.671307 -0.095212
v 0.550825 3.632893 -0.163565
v 0.550797 3.576355 -0.161084
v 0.536203 3.570354 -0.026292
v 0.533719 3.643231 -0.023890
v 0.536837 3.674193 -0.094717
v 0.536943 3.635782 -0.163070
v 0.536086 3.573991 -0.160587
v 0.540832 3.520988 -0.125997
v 0.537570 3.479940 -0.101869
v 0.539875 3.516630 -0.070478
v 0.245997 3.691983 -0.049970
v 0.248073 3.681805 -0.150573
v 0.376479 3.737848 -0.102953
v 0.374193 3.668874 0.006822
v 0.264440 3.610190 -0.003385
v 0.370677 3.618360 0.017028
v 0.391305 3.490061 -0.004820
v 0.287286 3.540067 -0.060971
v 0.287159 3.525128 -0.111170
v 0.317961 3.488350 -0.104154
v 0.375278 3.698455 -0.198749
v 0.263461 3.645273 -0.180903
v 0.385834 3.612828 -0.233842
v 0.401211 3.499879 -0.201015
v 0.287339 3.539615 -0.162821
v 0.287159 3.525128 -0.111170
v 0.317961 3.488350 -0.104154
v 0.502595 3.303487 -0.028597
v 0.533127 3.319559 -0.170079
v 0.411804 3.335448 -0.214647
v 0.369536 3.308944 -0.107240
v 0.170620 2.256976 -0.222249
v 0.120793 2.361619 -0.204937
v 0.101875 2.234127 -0.164608
v 0.155563 2.414418 -0.209921
v 0.292820 2.350228 -0.201284
v 0.223307 2.042302 -0.176737
v 0.134349 2.073100 -0.102790
v 0.232976 1.948884 -0.147142
v 0.321538 1.972104 -0.099844
v 0.240443 1.850212 -0.138015
v 0.328253 1.853156 -0.096011
v 0.158322 1.943811 -0.084814
v 0.175920 1.828664 -0.089251
v 0.316643 2.103415 -0.129502
v 0.322935 2.259191 -0.142072
v 0.376573 2.248351 0.012654
v 0.389490 2.413942 0.012199
v 0.353662 2.451626 -0.095941
v 0.379189 2.468862 -0.114959
v 0.344250 2.528673 0.005743
v 0.327549 2.396550 0.089207
v 0.322730 2.216637 0.085180
v 0.309380 2.517856 0.079450
v 0.243621 2.655027 0.082637
v 0.219843 2.584005 0.125822
v 0.226704 2.367728 0.148943
v 0.196765 2.470997 0.133776
v 0.252457 2.210643 0.145632
v 0.136451 2.300588 0.096239
v 0.176798 2.153761 0.096198
v 0.127729 2.445911 0.126347
v 0.260136 2.164863 0.137769
v 0.077318 2.251137 0.006224
v 0.043256 2.318203 -0.002120
v 0.083055 2.361443 0.084534
v 0.101734 2.128048 -0.003035
v 0.227937 1.990119 0.108246
v 0.108706 1.961849 -0.009191
v 0.304052 1.996930 0.154524
v 0.326443 2.023292 0.092603
v 0.215726 1.903707 0.072755
v 0.241642 1.796819 0.061795
v 0.203184 1.790855 0.010167
v 0.259290 1.628782 0.027177
v 0.331331 1.641446 0.073519
v 0.330414 1.817953 0.137074
v 0.359970 1.640687 0.028482
v 0.359599 1.831528 0.064953
v 0.268565 1.557866 -0.002820
v 0.347558 1.966120 0.065924
v 0.375183 1.858032 -0.005947
v 0.146806 1.803842 -0.019751
v 0.391796 1.750556 -0.014638
v 0.377362 1.634531 -0.004720
v 0.347623 1.655372 -0.116167
v 0.393297 2.064965 0.008739
v 0.385844 1.638098 -0.015295
v 0.376204 1.524976 -0.111283
v 0.379473 1.534257 -0.029259
v 0.358659 1.579693 0.024064
v 0.326812 1.582681 0.030505
v 0.233941 1.547803 -0.063134
v 0.210164 1.564204 -0.075115
v 0.202764 1.617795 -0.047037
v 0.184453 1.704533 -0.036177
v 0.241773 2.710811 -0.013689
v 0.273625 2.714249 -0.133168
v 0.289725 2.720099 0.006402
v 0.231641 2.708602 -0.109511
v 0.169533 2.613781 -0.182113
v 0.196035 2.602551 -0.211937
v 0.270854 2.660245 0.087983
v 0.359348 2.545182 0.017492
v 0.243621 2.655027 0.082637
v 0.379129 2.534711 0.011818
v 0.243621 2.655027 0.082637
v 0.215330 2.451080 -0.039123
v 0.155563 2.414418 -0.209921
v 0.169533 2.613781 -0.182113
v 0.231641 2.708602 -0.109511
v 0.241773 2.710811 -0.013689
v 0.243621 2.655027 0.082637
v 0.120793 2.361619 -0.204937
v 0.043256 2.318203 -0.002120
v 0.053959 2.316494 -0.100824
v 0.083055 2.361443 0.084534
v 0.127729 2.445911 0.126347
v 0.196765 2.470997 0.133776
v 0.219843 2.584005 0.125822
v 0.196765 2.470997 0.133776
v 0.211973 1.580623 -0.112570
v 0.207758 1.648989 -0.124167
v 0.202764 1.617795 -0.047037
v 0.210164 1.564204 -0.075115
v 0.184453 1.704533 -0.036177
v 0.146806 1.803842 -0.019751
v 0.108706 1.961849 -0.009191
v 0.101734 2.128048 -0.003035
v 0.073145 2.242681 -0.090741
v 0.053959 2.316494 -0.100824
v 0.043256 2.318203 -0.002120
v 0.077318 2.251137 0.006224
v 0.253076 1.715798 -0.158699
v 0.207758 1.648989 -0.124167
v 0.253076 1.715798 -0.158699
v 0.347623 1.655372 -0.116167
v 0.253076 1.715798 -0.158699
v 0.269949 1.731471 -0.006624
v 0.347623 1.655372 -0.116167
v 0.326812 1.582681 0.030505
v 0.269949 1.731471 -0.006624
v 0.268565 1.557866 -0.002820
v 0.269949 1.731471 -0.006624
v 0.233941 1.547803 -0.063134
v 0.211973 1.580623 -0.112570
v 0.207758 1.648989 -0.124167
v 0.221014 1.565248 -0.078557
v 0.269949 1.731471 -0.006624
v 0.269949 1.731471 -0.006624
v 0.215743 1.570732 -0.110048
v 0.207758 1.648989 -0.124167
v 0.269949 1.731471 -0.006624
v 0.253076 1.715798 -0.158699
v 0.376204 1.524976 -0.111283
v 0.269949 1.731471 -0.006624
v 0.379473 1.534257 -0.029259
v 0.347623 1.655372 -0.116167
v 0.269949 1.731471 -0.006624
v 0.326812 1.582681 0.030505
v 0.269949 1.731471 -0.006624
v 0.379473 1.534257 -0.029259
v 0.326812 1.582681 0.030505
v 0.358659 1.579693 0.024064
v 0.196765 2.470997 0.133776
v 0.210164 1.564204 -0.075115
v 0.221014 1.565248 -0.078557
v 0.215743 1.570732 -0.110048
v 0.233941 1.547803 -0.063134
v 0.215743 1.570732 -0.110048
v -0.170620 2.256976 -0.222249
v -0.101875 2.234127 -0.164608
v -0.120793 2.361619 -0.204937
v -0.155563 2.414418 -0.209921
v -0.292820 2.350228 -0.201284
v -0.223307 2.042302 -0.176737
v -0.134349 2.073100 -0.102790
v -0.232976 1.948884 -0.147142
v -0.321538 1.972104 -0.099844
v -0.240443 1.850212 -0.138015
v -0.328253 1.853156 -0.096011
v -0.158322 1.943811 -0.084814
v -0.175920 1.828664 -0.089251
v -0.316643 2.103415 -0.129502
v -0.322935 2.259191 -0.142072
v -0.376573 2.248351 0.012654
v -0.389490 2.413942 0.012199
v -0.353662 2.451626 -0.095941
v -0.379189 2.468862 -0.114959
v -0.344250 2.528673 0.005743
v -0.327549 2.396550 0.089207
v -0.322730 2.216637 0.085180
v -0.309380 2.517856 0.079450
v -0.243621 2.655027 0.082637
v -0.219843 2.584005 0.125822
v -0.226704 2.367728 0.148943
v -0.196765 2.470997 0.133776
v -0.252457 2.210643 0.145632
v -0.136451 2.300588 0.096239
v -0.176798 2.153761 0.096198
v -0.127729 2.445911 0.126347
v -0.260136 2.164863 0.137769
v -0.077318 2.251137 0.006224
v -0.043256 2.318203 -0.002120
v -0.083055 2.361443 0.084534
v -0.101734 2.128048 -0.003035
v -0.227937 1.990119 0.108246
v -0.108706 1.961849 -0.009191
v -0.304052 1.996930 0.154524
v -0.326443 2.023292 0.092603
v -0.215726 1.903707 0.072756
v -0.241642 1.796819 0.061795
v -0.203184 1.790855 0.010167
v -0.259290 1.628782 0.027177
v -0.331331 1.641446 0.073519
v -0.330414 1.817953 0.137074
v -0.359970 1.640687 0.028482
v -0.359599 1.831528 0.064953
v -0.268565 1.557866 -0.002820
v -0.347558 1.966120 0.065924
v -0.375183 1.858032 -0.005947
v -0.146806 1.803842 -0.019751
v -0.391796 1.750556 -0.014638
v -0.377362 1.634531 -0.004720
v -0.347623 1.655372 -0.116167
v -0.393297 2.064965 0.008739
v -0.385844 1.638098 -0.015295
v -0.379473 1.534257 -0.029259
v -0.376204 1.524976 -0.111283
v -0.358659 1.579693 0.024064
v -0.326812 1.582681 0.030505
v -0.233941 1.547803 -0.063134
v -0.210164 1.564204 -0.075115
v -0.202764 1.617795 -0.047037
v -0.184453 1.704533 -0.036177
v -0.241773 2.710811 -0.013689
v -0.273625 2.714249 -0.133168
v -0.231641 2.708602 -0.109511
v -0.289725 2.720099 0.006402
v -0.169533 2.613781 -0.182113
v -0.196035 2.602551 -0.211937
v -0.270854 2.660245 0.087983
v -0.359348 2.545182 0.017492
v -0.243621 2.655027 0.082637
v -0.379129 2.534711 0.011818
v -0.243621 2.655027 0.082637
v -0.215330 2.451080 -0.039123
v -0.169533 2.613781 -0.182113
v -0.155563 2.414418 -0.209921
v -0.231641 2.708602 -0.109511
v -0.241773 2.710811 -0.013689
v -0.243621 2.655027 0.082637
v -0.120793 2.361619 -0.204937
v -0.043256 2.318203 -0.002120
v -0.053959 2.316494 -0.100824
v -0.083055 2.361443 0.084534
v -0.127729 2.445911 0.126347
v -0.196765 2.470997 0.133776
v -0.219843 2.584005 0.125822
v -0.196765 2.470997 0.133776
v -0.211973 1.580623 -0.112570
v -0.202764 1.617795 -0.047037
v -0.207758 1.648989 -0.124167
v -0.210164 1.564204 -0.075115
v -0.184453 1.704533 -0.036177
v -0.146806 1.803842 -0.019751
v -0.108706 1.961849 -0.009191
v -0.101734 2.128048 -0.003035
v -0.073145 2.242681 -0.090741
v -0.053959 2.316494 -0.100824
v -0.043256 2.318203 -0.002120
v -0.077318 2.251137 0.006224
v -0.253076 1.715798 -0.158699
v -0.207758 1.648989 -0.124167
v -0.253076 1.715798 -0.158699
v -0.347623 1.655372 -0.116167
v -0.253076 1.715798 -0.158699
v -0.347623 1.655372 -0.116167
v -0.269949 1.731471 -0.006624
v -0.326812 1.582681 0.030505
v -0.268565 1.557866 -0.002820
v -0.269949 1.731471 -0.006624
v -0.233941 1.547803 -0.063134
v -0.269949 1.731471 -0.006624
v -0.211973 1.580623 -0.112570
v -0.207758 1.648989 -0.124167
v -0.221014 1.565248 -0.078557
v -0.269949 1.731471 -0.006624
v -0.269949 1.731471 -0.006624
v -0.215743 1.570732 -0.110048
v -0.207758 1.648989 -0.124167
v -0.253076 1.715798 -0.158699
v -0.269949 1.731471 -0.006624
v -0.376204 1.524976 -0.111283
v -0.379473 1.534257 -0.029259
v -0.269949 1.731471 -0.006624
v -0.347623 1.655372 -0.116167
v -0.269949 1.731471 -0.006624
v -0.326812 1.582681 0.030505
v -0.269949 1.731471 -0.006624
v -0.326812 1.582681 0.030505
v -0.379473 1.534257 -0.029259
v -0.358659 1.579693 0.024064
v -0.196765 2.470997 0.133776
v -0.210164 1.564204 -0.075115
v -0.215743 1.570732 -0.110048
v -0.221014 1.565248 -0.078557
v -0.233941 1.547803 -0.063134
v -0.215743 1.570732 -0.110048
v 0.397665 1.280766 0.130650
v 0.389371 1.419962 0.030088
v 0.397162 1.291756 0.044300
v 0.396177 1.148067 0.015613
v 0.392122 1.076674 -0.002913
v 0.397665 1.280766 0.130650
v 0.359449 1.426253 0.036697
v 0.329990 1.410471 0.042912
v 0.397665 1.280766 0.130650
v 0.352172 1.288441 0.041006
v 0.372902 1.145053 0.009450
v 0.392122 1.076674 -0.002913
v 0.215858 1.305653 -0.144521
v 0.227086 1.375729 -0.133705
v 0.266251 1.302180 -0.050383
v 0.276071 1.077497 -0.079395
v 0.372902 1.145053 0.009450
v 0.352172 1.288441 0.041006
v 0.392122 1.076674 -0.002913
v 0.229121 1.085138 -0.168623
v 0.218613 1.315239 -0.224384
v 0.233552 1.111595 -0.265765
v 0.271741 0.976120 -0.260707
v 0.337460 0.827282 -0.113352
v 0.308159 0.818986 -0.172994
v 0.365491 0.539494 -0.101175
v 0.340549 0.534674 -0.153253
v 0.334205 0.379736 -0.132990
v 0.374766 0.389011 -0.069536
v 0.325316 0.484496 -0.225011
v 0.327947 0.374180 -0.220850
v 0.323923 0.232348 -0.096766
v 0.396094 0.311066 -0.028029
v 0.461929 0.401911 -0.044492
v 0.409871 0.833671 -0.064063
v 0.442974 0.545676 -0.079059
v 0.490311 0.555021 -0.139647
v 0.521536 0.405235 -0.114059
v 0.540642 0.329817 -0.053207
v 0.461334 0.844446 -0.132245
v 0.506866 0.561900 -0.192981
v 0.472573 0.849728 -0.196315
v 0.494188 1.169471 -0.198233
v 0.476895 1.116613 -0.106536
v 0.453762 1.358186 -0.166762
v 0.436951 1.340058 -0.081892
v 0.420194 1.356373 -0.249392
v 0.440286 1.176441 -0.286664
v 0.433687 1.014484 -0.280580
v 0.431215 0.839729 -0.259525
v 0.462502 0.581551 -0.249353
v 0.396177 1.148067 0.015613
v 0.371649 1.458830 -0.055736
v 0.401901 1.450136 -0.175914
v 0.280322 1.336993 -0.300391
v 0.277748 1.441269 -0.219681
v 0.310858 1.163744 -0.349911
v 0.328254 0.994760 -0.327927
v 0.351824 0.823869 -0.283559
v 0.381895 0.599078 -0.267584
v 0.426193 0.523126 -0.311177
v 0.372513 0.532646 -0.325728
v 0.443220 0.396173 -0.336627
v 0.496719 0.404831 -0.265228
v 0.490939 0.468330 -0.254363
v 0.377407 0.384841 -0.347080
v 0.528566 0.408320 -0.192139
v 0.550894 0.279750 -0.258360
v 0.600613 0.222304 -0.177614
v 0.594127 0.264115 -0.101765
v 0.465333 0.379809 -0.298310
v 0.277748 1.441269 -0.219681
v 0.280322 1.336993 -0.300391
v 0.310858 1.163744 -0.349911
v 0.328254 0.994760 -0.327927
v 0.351824 0.823869 -0.283559
v 0.303382 0.821446 -0.230871
v 0.337512 0.568087 -0.221995
v 0.381895 0.599078 -0.267584
v 0.332894 0.511060 -0.291259
v 0.372513 0.532646 -0.325728
v 0.377407 0.384841 -0.347080
v 0.323939 0.376829 -0.309523
v 0.338596 0.359126 -0.270497
v 0.328521 0.274911 -0.221226
v 0.394733 0.365321 -0.279383
v 0.323939 0.376829 -0.309523
v 0.338596 0.359126 -0.270497
v 0.377407 0.384841 -0.347080
v 0.443220 0.396173 -0.336627
v 0.465333 0.379809 -0.298310
v 0.550894 0.279750 -0.258360
v 0.328521 0.274911 -0.221226
v 0.230037 1.432334 -0.124968
v 0.314761 1.378415 -0.098472
v 0.296724 1.443146 -0.015593
v 0.296724 1.443146 -0.015593
v 0.349517 1.464071 0.012276
v 0.371649 1.458830 -0.055736
v 0.401901 1.450136 -0.175914
v 0.277748 1.441269 -0.219681
v 0.230037 1.432334 -0.124968
v 0.230037 1.432334 -0.124968
v 0.296724 1.443146 -0.015593
v 0.230037 1.432334 -0.124968
v 0.329990 1.410471 0.042912
v 0.359449 1.426253 0.036697
v 0.349517 1.464071 0.012276
v 0.389371 1.419962 0.030088
v 0.296724 1.443146 -0.015593
v 0.397162 1.291756 0.044300
v 0.371649 1.458830 -0.055736
v -0.397501 1.280766 0.130650
v -0.396998 1.291756 0.044300
v -0.389207 1.419962 0.030088
v -0.396012 1.148067 0.015613
v -0.391957 1.076674 -0.002913
v -0.397501 1.280766 0.130650
v -0.359285 1.426253 0.036697
v -0.329825 1.410471 0.042912
v -0.397501 1.280766 0.130650
v -0.352007 1.288441 0.041006
v -0.372737 1.145053 0.009450
v -0.391957 1.076674 -0.002913
v -0.215693 1.305653 -0.144521
v -0.266086 1.302180 -0.050383
v -0.226921 1.375729 -0.133705
v -0.275906 1.077497 -0.079395
v -0.372737 1.145053 0.009450
v -0.352007 1.288441 0.041006
v -0.391957 1.076674 -0.002913
v -0.228956 1.085138 -0.168623
v -0.218448 1.315239 -0.224384
v -0.233387 1.111595 -0.265765
v -0.271577 0.976120 -0.260707
v -0.337295 0.827282 -0.113352
v -0.307994 0.818986 -0.172994
v -0.365327 0.539494 -0.101175
v -0.340385 0.534674 -0.153253
v -0.334041 0.379736 -0.132990
v -0.374601 0.389011 -0.069536
v -0.325151 0.484496 -0.225011
v -0.327783 0.374180 -0.220850
v -0.323759 0.232348 -0.096766
v -0.395930 0.311066 -0.028029
v -0.461765 0.401911 -0.044492
v -0.409706 0.833671 -0.064063
v -0.442809 0.545676 -0.079059
v -0.490146 0.555021 -0.139647
v -0.521371 0.405235 -0.114059
v -0.540477 0.329817 -0.053207
v -0.461169 0.844446 -0.132245
v -0.506702 0.561900 -0.192981
v -0.472408 0.849728 -0.196315
v -0.494023 1.169471 -0.198233
v -0.476730 1.116613 -0.106536
v -0.453597 1.358186 -0.166762
v -0.436786 1.340058 -0.081892
v -0.420029 1.356373 -0.249392
v -0.440121 1.176441 -0.286664
v -0.433522 1.014484 -0.280580
v -0.431050 0.839729 -0.259525
v -0.462338 0.581551 -0.249353
v -0.396012 1.148067 0.015613
v -0.371484 1.458830 -0.055736
v -0.401736 1.450136 -0.175914
v -0.280157 1.336993 -0.300391
v -0.277584 1.441269 -0.219681
v -0.310693 1.163744 -0.349911
v -0.328090 0.994760 -0.327927
v -0.351660 0.823869 -0.283559
v -0.381730 0.599078 -0.267584
v -0.426028 0.523126 -0.311177
v -0.372349 0.532646 -0.325728
v -0.443055 0.396173 -0.336627
v -0.496555 0.404831 -0.265228
v -0.490775 0.468330 -0.254363
v -0.377242 0.384841 -0.347080
v -0.528401 0.408320 -0.192139
v -0.550729 0.279750 -0.258360
v -0.600449 0.222304 -0.177614
v -0.593962 0.264115 -0.101765
v -0.465168 0.379809 -0.298310
v -0.277584 1.441269 -0.219681
v -0.280157 1.336993 -0.300391
v -0.310693 1.163744 -0.349911
v -0.328090 0.994760 -0.327927
v -0.351660 0.823869 -0.283559
v -0.303217 0.821446 -0.230871
v -0.337347 0.568087 -0.221995
v -0.381730 0.599078 -0.267584
v -0.332729 0.511060 -0.291259
v -0.372349 0.532646 -0.325728
v -0.377242 0.384841 -0.347080
v -0.323774 0.376829 -0.309523
v -0.338431 0.359126 -0.270497
v -0.328356 0.274911 -0.221226
v -0.394568 0.365321 -0.279383
v -0.323774 0.376829 -0.309523
v -0.377242 0.384841 -0.347080
v -0.338431 0.359126 -0.270497
v -0.443055 0.396173 -0.336627
v -0.465168 0.379809 -0.298310
v -0.550729 0.279750 -0.258360
v -0.328356 0.274911 -0.221226
v -0.229872 1.432334 -0.124968
v -0.296559 1.443146 -0.015593
v -0.314597 1.378415 -0.098472
v -0.296559 1.443146 -0.015593
v -0.349352 1.464071 0.012276
v -0.371484 1.458830 -0.055736
v -0.401736 1.450136 -0.175914
v -0.277584 1.441269 -0.219681
v -0.229872 1.432334 -0.124968
v -0.229872 1.432334 -0.124968
v -0.296559 1.443146 -0.015593
v -0.229872 1.432334 -0.124968
v -0.329825 1.410471 0.042912
v -0.359285 1.426253 0.036697
v -0.349352 1.464071 0.012276
v -0.389207 1.419962 0.030088
v -0.296559 1.443146 -0.015593
v -0.396998 1.291756 0.044300
v -0.371484 1.458830 -0.055736
v 0.298718 3.602113 0.056701
v 0.182854 3.588390 0.116009
v 0.165042 3.605784 0.111057
v 0.190111 3.642498 0.061281
v 0.185263 3.573513 0.101447
v 0.165042 3.605784 0.111057
v 0.165993 3.592288 0.097604
v 0.299264 3.584015 0.044862
v 0.298718 3.602113 0.056701
v 0.189522 3.615148 0.059837
v 0.165993 3.592288 0.097604
v 0.165042 3.605784 0.111057
v 0.190111 3.642498 0.061281
v 0.189522 3.615148 0.059837
v 0.298718 3.602113 0.056701
v 0.298718 3.602113 0.056701
v 0.299264 3.584015 0.044862
v 0.029787 3.569553 0.175766
v 0.000000 3.505287 0.230838
v 0.000000 3.600207 0.152386
v 0.046077 3.633085 0.112490
v 0.042402 3.620604 0.094665
v 0.029833 3.552986 0.157994
v 0.066544 3.697070 0.070280
v 0.069130 3.707441 0.089219
v 0.000000 3.696404 0.112207
v 0.000000 3.748683 0.122957
v 0.072793 3.769758 0.092378
v 0.071517 3.768089 0.076836
v 0.000000 3.505287 0.230838
v 0.000000 3.490735 0.211252
v 0.000000 3.804423 0.153090
v 0.076455 3.835536 0.114921
v 0.000000 3.812466 0.119117
v 0.076490 3.842567 0.102776
v -0.069130 3.707441 0.089219
v -0.046077 3.633085 0.112490
v -0.072793 3.769758 0.092378
v -0.076455 3.835536 0.114921
v -0.076490 3.842567 0.102776
v -0.066544 3.697070 0.070280
v -0.042402 3.620604 0.094665
v -0.029787 3.569553 0.175766
v -0.029833 3.552986 0.157994
v -0.071517 3.768089 0.076836
v 0.000000 3.505287 0.230838
v 0.000000 3.490735 0.211252
v 0.120601 3.699056 0.049518
v 0.082700 3.652905 0.093169
v 0.087637 3.707825 0.070692
v 0.085469 3.767097 0.053284
v 0.085347 3.743375 0.032677
v 0.111600 3.684426 0.031532
v 0.152703 3.647810 0.072742
v 0.082700 3.652905 0.093169
v 0.065168 3.634007 0.103115
v 0.143118 3.608446 0.114455
v 0.092063 3.600656 0.130236
v 0.149080 3.624817 0.058437
v 0.149080 3.624817 0.058437
v 0.143452 3.588195 0.093919
v 0.092245 3.582047 0.108916
v 0.048925 3.582419 0.147605
v 0.049002 3.568622 0.126057
v 0.048925 3.582419 0.147605
v 0.049002 3.568622 0.126057
v 0.065168 3.634007 0.103115
v 0.048925 3.582419 0.147605
v 0.059631 3.604612 0.106347
v 0.082700 3.652905 0.093169
v 0.065168 3.634007 0.103115
v 0.079406 3.621920 0.088762
v 0.087637 3.707825 0.070692
v 0.082700 3.652905 0.093169
v 0.090511 3.678394 0.061682
v 0.085347 3.743375 0.032677
v 0.085469 3.767097 0.053284
v 0.082773 3.533059 0.232989
v 0.043849 3.473578 0.267948
v 0.039153 3.514203 0.249115
v 0.000000 3.445964 0.286366
v 0.000000 3.472485 0.276009
v 0.060394 3.571590 0.202757
v 0.000000 3.418737 0.269891
v 0.038308 3.450832 0.245294
v 0.054930 3.542522 0.173392
v 0.032527 3.491207 0.221350
v 0.000000 3.456294 0.261819
v 0.170014 3.570133 0.170625
v 0.162346 3.547084 0.140979
v 0.080244 3.511637 0.218765
v 0.200016 3.551194 0.175815
v 0.295175 3.592390 0.113480
v 0.317258 3.572606 0.118641
v 0.309204 3.556881 0.092209
v 0.285301 3.575359 0.083552
v 0.194724 3.534259 0.155487
v -0.032527 3.491207 0.221350
v -0.043849 3.473578 0.267948
v -0.039153 3.514203 0.249115
v -0.082773 3.533059 0.232989
v -0.060394 3.571590 0.202757
v -0.054930 3.542522 0.173392
v -0.170014 3.570133 0.170625
v -0.162346 3.547084 0.140979
v -0.038308 3.450832 0.245294
v -0.080244 3.511637 0.218765
v -0.200016 3.551194 0.175815
v -0.295175 3.592390 0.113480
v -0.317258 3.572606 0.118641
v -0.309204 3.556881 0.092209
v -0.285301 3.575359 0.083552
v -0.194724 3.534259 0.155487
v 0.101295 3.274370 0.207286
v 0.231898 3.310824 0.193732
v 0.221320 3.306452 0.153870
v 0.104904 3.281425 0.248289
v 0.343510 3.357526 0.103824
v 0.261115 3.348144 0.185264
v 0.341053 3.384879 0.105722
v 0.250807 3.392929 0.172323
v 0.322027 3.438357 0.102859
v 0.269950 3.471373 0.191006
v 0.328731 3.501042 0.132646
v 0.329937 3.538536 0.138169
v 0.304940 3.550357 0.093939
v 0.310666 3.443858 0.081189
v 0.204167 3.515474 0.187390
v 0.220453 3.502854 0.229325
v 0.325963 3.355836 0.065101
v 0.230628 3.428131 0.231288
v 0.170029 3.385422 0.254223
v 0.215445 3.359341 0.218837
v 0.172124 3.360071 0.244918
v 0.000000 3.318182 0.312531
v 0.000000 3.354588 0.327619
v 0.118486 3.489074 0.285130
v 0.110396 3.502495 0.245490
v 0.000000 3.378021 0.283124
v 0.000000 3.241926 0.297619
v 0.059362 3.213103 0.257887
v 0.057558 3.205599 0.224750
v 0.000000 3.151198 0.242214
v 0.000000 3.159152 0.277616
v -0.059362 3.213103 0.257887
v -0.057558 3.205599 0.224750
v -0.110396 3.502495 0.245490
v -0.118486 3.489074 0.285130
v -0.104904 3.281425 0.248289
v -0.101295 3.274370 0.207286
v -0.231898 3.310824 0.193732
v -0.221320 3.306452 0.153870
v -0.343510 3.357526 0.103824
v -0.261115 3.348144 0.185264
v -0.341053 3.384879 0.105722
v -0.250807 3.392929 0.172323
v -0.322027 3.438357 0.102859
v -0.269950 3.471373 0.191006
v -0.328731 3.501042 0.132646
v -0.329937 3.538536 0.138169
v -0.304940 3.550357 0.093939
v -0.310666 3.443858 0.081189
v -0.204167 3.515474 0.187390
v -0.220453 3.502854 0.229325
v -0.325963 3.355836 0.065101
v -0.230628 3.428131 0.231288
v -0.170029 3.385422 0.254223
v -0.215445 3.359341 0.218837
v -0.172124 3.360071 0.244918
v 0.163774 2.773018 -0.221045
v 0.204395 2.894643 -0.143831
v 0.133748 2.834153 -0.244381
v 0.229030 2.767549 -0.143522
v 0.244489 2.848946 0.019518
v 0.296899 2.730391 0.019957
v 0.206132 2.654151 0.130262
v 0.170113 2.713585 0.142012
v 0.120831 2.950723 -0.248618
v 0.129106 2.986216 -0.214311
v 0.059598 2.628662 0.191131
v 0.160080 2.593070 0.161807
v 0.155088 2.531788 0.199190
v 0.033595 2.559958 0.222760
v 0.085239 2.478076 0.221579
v 0.023561 2.527753 0.252570
v 0.048024 2.343728 0.288032
v 0.000000 2.511383 0.269741
v -0.048024 2.343728 0.288032
v -0.023561 2.527753 0.252570
v -0.085239 2.478076 0.221579
v -0.033595 2.559958 0.222760
v -0.155088 2.531788 0.199190
v -0.059598 2.628662 0.191131
v -0.160080 2.593070 0.161807
v -0.206132 2.654151 0.130262
v -0.170113 2.713585 0.142012
v -0.244489 2.848946 0.019518
v -0.296899 2.730391 0.019957
v -0.229030 2.767549 -0.143522
v -0.204395 2.894643 -0.143831
v -0.163774 2.773018 -0.221045
v -0.133748 2.834153 -0.244381
v -0.120831 2.950723 -0.248618
v -0.129106 2.986216 -0.214311
v 0.126395 2.980258 0.132054
v 0.083450 2.889363 0.168030
v 0.125894 3.022437 0.122493
v 0.200289 3.042799 0.034224
v 0.202577 3.071015 0.034162
v 0.238911 3.104032 -0.127832
v 0.065544 2.723300 0.202983
v 0.000000 2.653219 0.246221
v 0.000000 2.788858 0.207837
v 0.128188 2.829590 0.166205
v 0.083450 2.889363 0.168030
v 0.126395 2.980258 0.132054
v 0.224445 2.902906 0.034530
v 0.200289 3.042799 0.034224
v 0.242073 2.965479 -0.143615
v 0.238911 3.104032 -0.127832
v 0.170846 3.017422 -0.218972
v 0.154214 3.144517 -0.189759
v 0.098018 3.107459 -0.243320
v 0.086482 3.191255 -0.216504
v -0.065544 2.723300 0.202983
v -0.128188 2.829590 0.166205
v -0.083450 2.889363 0.168030
v -0.126395 2.980258 0.132054
v -0.224445 2.902906 0.034530
v -0.200289 3.042799 0.034224
v -0.242073 2.965479 -0.143615
v -0.238911 3.104032 -0.127832
v -0.170846 3.017422 -0.218972
v -0.154214 3.144517 -0.189759
v -0.098018 3.107459 -0.243320
v -0.086482 3.191255 -0.216504
v 0.267224 3.291154 0.033590
v 0.246718 3.140863 0.035992
v 0.241819 3.294092 0.110293
v 0.186461 3.102709 0.158215
v 0.166192 3.232834 0.191660
v 0.095478 3.020770 0.225192
v 0.093268 3.178113 0.235327
v 0.059781 3.080700 0.246499
v 0.289075 3.203010 -0.156228
v 0.320204 3.350611 -0.120603
v 0.184597 3.234283 -0.219139
v 0.187463 3.376288 -0.177753
v 0.092527 3.275073 -0.221983
v 0.106738 3.406369 -0.215206
v 0.032609 3.034261 0.253734
v 0.050583 2.940411 0.241954
v 0.000000 3.016873 0.257671
v 0.026467 2.911507 0.252082
v 0.000000 2.889592 0.263196
v -0.026467 2.911507 0.252082
v -0.050583 2.940411 0.241954
v -0.032609 3.034261 0.253734
v -0.095478 3.020770 0.225192
v -0.059781 3.080700 0.246499
v -0.093268 3.178113 0.235327
v -0.166192 3.232834 0.191660
v -0.186461 3.102709 0.158215
v -0.241819 3.294092 0.110293
v -0.246718 3.140863 0.035992
v -0.267224 3.291154 0.033590
v -0.289075 3.203010 -0.156228
v -0.320204 3.350611 -0.120603
v -0.184597 3.234283 -0.219139
v -0.187463 3.376288 -0.177753
v -0.092527 3.275073 -0.221983
v -0.106738 3.406369 -0.215206
v 0.362241 3.495959 0.032893
v 0.320204 3.350611 -0.120603
v 0.267224 3.291154 0.033590
v 0.388318 3.496072 -0.184699
v 0.447955 3.512436 -0.112572
v 0.370406 3.592032 0.000302
v 0.273171 3.602718 0.038617
v 0.223928 3.608034 0.081751
v 0.239235 3.453824 0.141510
v 0.400291 3.660457 -0.116908
v 0.336374 3.650419 -0.161845
v 0.159861 3.567578 -0.299891
v 0.187463 3.376288 -0.177753
v 0.316566 3.690442 -0.070247
v 0.105425 3.656611 0.030916
v 0.176249 3.705815 -0.087240
v 0.049640 3.760006 0.079824
v 0.000000 3.746206 0.115030
v 0.042753 3.819793 0.125691
v 0.000000 3.806148 0.163676
v 0.000000 3.662634 0.078759
v 0.064568 3.799171 -0.006544
v 0.054022 3.863630 0.031496
v 0.000000 3.832703 -0.098119
v 0.111012 3.697375 -0.180997
v 0.000000 3.575443 -0.303840
v 0.000000 3.720476 -0.181000
v 0.073297 3.584677 0.129529
v 0.000000 3.557470 0.170035
v 0.120489 3.430094 0.220415
v 0.000000 3.403880 0.262525
v -0.042753 3.819793 0.125691
v -0.111012 3.697375 -0.180997
v -0.159861 3.567578 -0.299891
v -0.073297 3.584677 0.129529
v -0.064568 3.799171 -0.006544
v -0.054022 3.863630 0.031496
v -0.049640 3.760006 0.079824
v -0.105425 3.656611 0.030916
v -0.176249 3.705815 -0.087240
v -0.316566 3.690442 -0.070247
v -0.273171 3.602718 0.038617
v -0.400291 3.660457 -0.116908
v -0.370406 3.592032 0.000302
v -0.362241 3.495959 0.032893
v -0.223928 3.608034 0.081751
v -0.239235 3.453824 0.141510
v -0.336374 3.650419 -0.161845
v -0.388318 3.496072 -0.184699
v -0.320204 3.350611 -0.120603
v -0.267224 3.291154 0.033590
v -0.187463 3.376288 -0.177753
v -0.447955 3.512436 -0.112572
v -0.106738 3.406369 -0.215206
v -0.056501 3.371755 -0.227980
v 0.000000 3.377076 -0.274472
v 0.056501 3.371755 -0.227980
v 0.000000 3.314792 -0.253667
v 0.106738 3.406369 -0.215206
v 0.000000 3.314792 -0.253667
v 0.092527 3.275073 -0.221983
v 0.106738 3.406369 -0.215206
v 0.086482 3.191255 -0.216504
v 0.184597 3.234283 -0.219139
v 0.154214 3.144517 -0.189759
v 0.289075 3.203010 -0.156228
v 0.238911 3.104032 -0.127832
v 0.202577 3.071015 0.034162
v 0.246718 3.140863 0.035992
v 0.125894 3.022437 0.122493
v 0.186461 3.102709 0.158215
v 0.095478 3.020770 0.225192
v 0.083450 2.889363 0.168030
v 0.050583 2.940411 0.241954
v 0.026467 2.911507 0.252082
v 0.049306 3.196681 -0.223827
v 0.000000 2.788858 0.207837
v 0.000000 2.889592 0.263196
v -0.026467 2.911507 0.252082
v -0.083450 2.889363 0.168030
v -0.050583 2.940411 0.241954
v -0.095478 3.020770 0.225192
v -0.125894 3.022437 0.122493
v -0.186461 3.102709 0.158215
v -0.246718 3.140863 0.035992
v -0.202577 3.071015 0.034162
v -0.289075 3.203010 -0.156228
v -0.238911 3.104032 -0.127832
v -0.154214 3.144517 -0.189759
v -0.184597 3.234283 -0.219139
v -0.086482 3.191255 -0.216504
v -0.092527 3.275073 -0.221983
v -0.049306 3.196681 -0.223827
v -0.077901 3.126967 -0.209995
v -0.086482 3.191255 -0.216504
v -0.098018 3.107459 -0.243320
v -0.077901 3.126967 -0.209995
v -0.084268 3.037133 -0.201960
v -0.170846 3.017422 -0.218972
v -0.084268 3.037133 -0.201960
v -0.119134 2.974822 -0.173481
v -0.171299 2.933364 -0.137900
v -0.242073 2.965479 -0.143615
v -0.224445 2.902906 0.034530
v -0.096830 2.993323 -0.190782
v -0.076829 3.013958 -0.202959
v -0.059337 2.997811 -0.207367
v -0.082300 2.928728 -0.208921
v -0.176905 2.902844 -0.138087
v -0.129106 2.986216 -0.214311
v -0.204395 2.894643 -0.143831
v -0.244489 2.848946 0.019518
v -0.201832 2.830799 0.014175
v -0.170113 2.713585 0.142012
v -0.171299 2.933364 -0.137900
v -0.136586 2.711046 0.119735
v -0.181178 2.845668 0.015598
v -0.103508 2.752873 0.107373
v -0.071870 2.701684 0.142382
v -0.171299 2.933364 -0.137900
v -0.059598 2.628662 0.191131
v -0.040760 2.638407 0.169712
v -0.033595 2.559958 0.222760
v -0.012582 2.564164 0.196964
v -0.065544 2.723300 0.202983
v -0.128188 2.829590 0.166205
v -0.029825 2.643392 0.172644
v 0.000000 2.623685 0.190163
v 0.000000 2.653219 0.246221
v 0.029825 2.643392 0.172644
v 0.012582 2.564164 0.196964
v 0.000000 2.551224 0.206333
v 0.033595 2.559958 0.222760
v 0.040760 2.638407 0.169712
v 0.059598 2.628662 0.191131
v 0.136586 2.711046 0.119735
v 0.170113 2.713585 0.142012
v 0.201832 2.830799 0.014175
v 0.181178 2.845668 0.015598
v 0.103508 2.752873 0.107373
v 0.071870 2.701684 0.142382
v 0.244489 2.848946 0.019518
v 0.176905 2.902844 -0.138087
v 0.204395 2.894643 -0.143831
v 0.129106 2.986216 -0.214311
v 0.096830 2.993323 -0.190782
v 0.171299 2.933364 -0.137900
v 0.171299 2.933364 -0.137900
v 0.224445 2.902906 0.034530
v 0.128188 2.829590 0.166205
v 0.119134 2.974822 -0.173481
v 0.084268 3.037133 -0.201960
v 0.076829 3.013958 -0.202959
v 0.059337 2.997811 -0.207367
v 0.082300 2.928728 -0.208921
v 0.170846 3.017422 -0.218972
v 0.171299 2.933364 -0.137900
v 0.242073 2.965479 -0.143615
v 0.098018 3.107459 -0.243320
v 0.120831 2.950723 -0.248618
v 0.083889 2.954223 -0.227217
v 0.094278 2.820341 -0.227459
v 0.133748 2.834153 -0.244381
v 0.079502 2.859689 -0.210474
v 0.066449 2.788504 -0.212277
v 0.156187 2.672208 -0.183835
v 0.050220 2.742615 -0.268193
v 0.000000 2.706879 -0.312938
v 0.000000 2.745816 -0.236646
v 0.129001 2.639964 -0.246006
v 0.103793 2.605764 -0.269770
v 0.111924 2.619802 -0.212699
v 0.200757 2.530434 -0.132533
v 0.066313 2.497038 -0.275019
v 0.000000 2.605931 -0.314556
v 0.000000 2.506502 -0.313427
v 0.000000 2.389401 -0.251634
v 0.057349 2.392494 -0.231039
v 0.000000 2.342904 -0.175588
v 0.060906 2.386639 -0.194101
v 0.000000 2.353515 -0.138343
v 0.066811 2.494367 -0.216725
v 0.113884 2.412608 -0.158943
v 0.236960 2.468203 -0.114550
v 0.241436 2.435007 0.072085
v 0.221367 2.507355 0.076861
v 0.099857 2.400047 0.096147
v 0.038774 2.363165 0.162781
v 0.174231 2.332988 0.079400
v 0.168651 2.290999 -0.006894
v 0.078390 2.347922 -0.010844
v 0.039852 2.315592 0.086119
v 0.000000 2.321766 -0.018556
v 0.175967 2.377711 -0.162462
v 0.045605 2.270607 0.096895
v 0.000000 2.206491 0.109196
v 0.031761 2.199244 0.169210
v 0.065941 2.346170 0.205013
v 0.048024 2.343728 0.288032
v 0.000000 2.110193 0.233237
v 0.000000 2.287969 0.362006
v 0.000000 2.110193 0.233237
v 0.085239 2.478076 0.221579
v 0.059422 2.454814 0.178569
v 0.155088 2.531788 0.199190
v 0.159368 2.528056 0.148740
v 0.157560 2.581183 0.110908
v 0.197732 2.634580 0.085001
v 0.241092 2.664763 0.024260
v 0.206132 2.654151 0.130262
v 0.296899 2.730391 0.019957
v 0.197122 2.757439 -0.143339
v 0.229030 2.767549 -0.143522
v 0.127614 2.761348 -0.213889
v 0.163774 2.773018 -0.221045
v 0.160080 2.593070 0.161807
v 0.082300 2.928728 -0.208921
v 0.083889 2.954223 -0.227217
v 0.076829 3.013958 -0.202959
v 0.362241 3.495959 0.032893
v 0.241819 3.294092 0.110293
v 0.239235 3.453824 0.141510
v 0.267224 3.291154 0.033590
v 0.120489 3.430094 0.220415
v 0.155107 3.262763 0.162837
v 0.000000 3.403880 0.262525
v 0.000000 3.287384 0.259231
v 0.074644 3.199398 0.207550
v 0.043735 3.108782 0.212932
v 0.023035 3.072660 0.217449
v 0.000000 3.056552 0.218315
v -0.023035 3.072660 0.217449
v -0.043735 3.108782 0.212932
v -0.074644 3.199398 0.207550
v -0.155107 3.262763 0.162837
v -0.120489 3.430094 0.220415
v -0.241819 3.294092 0.110293
v -0.239235 3.453824 0.141510
v -0.362241 3.495959 0.032893
v -0.267224 3.291154 0.033590
v 0.000000 3.832703 -0.098119
v 0.000000 3.903123 -0.071895
v 0.038718 2.813764 -0.220706
v 0.000000 2.745816 -0.236646
v 0.079502 2.859689 -0.210474
v 0.036438 2.833776 -0.247090
v 0.081484 2.870735 -0.221216
v 0.000000 2.928740 -0.279638
v 0.070454 2.924460 -0.228455
v 0.079502 2.859689 -0.210474
v 0.082300 2.928728 -0.208921
v 0.051147 2.966993 -0.246691
v 0.000000 2.932392 -0.209824
v 0.037998 2.979878 -0.208596
v 0.000000 2.769952 -0.273488
v -0.036438 2.833776 -0.247090
v -0.081484 2.870735 -0.221216
v -0.038718 2.813764 -0.220706
v -0.066449 2.788504 -0.212277
v -0.079502 2.859689 -0.210474
v -0.070454 2.924460 -0.228455
v -0.082300 2.928728 -0.208921
v -0.051147 2.966993 -0.246691
v -0.079502 2.859689 -0.210474
v 0.000000 2.932392 -0.209824
v -0.037998 2.979878 -0.208596
v -0.079502 2.859689 -0.210474
v -0.094278 2.820341 -0.227459
v -0.156187 2.672208 -0.183835
v -0.050220 2.742615 -0.268193
v 0.000000 2.745816 -0.236646
v -0.129001 2.639964 -0.246006
v -0.103793 2.605764 -0.269770
v -0.111924 2.619802 -0.212699
v -0.200757 2.530434 -0.132533
v -0.066313 2.497038 -0.275019
v -0.057349 2.392494 -0.231039
v -0.060906 2.386639 -0.194101
v -0.066811 2.494367 -0.216725
v -0.113884 2.412608 -0.158943
v -0.236960 2.468203 -0.114550
v -0.241436 2.435007 0.072085
v -0.221367 2.507355 0.076861
v -0.099857 2.400047 0.096147
v -0.038774 2.363165 0.162781
v -0.174231 2.332988 0.079400
v -0.168651 2.290999 -0.006894
v -0.078390 2.347922 -0.010844
v -0.039852 2.315592 0.086119
v -0.175967 2.377711 -0.162462
v -0.045605 2.270607 0.096895
v -0.031761 2.199244 0.169210
v -0.065941 2.346170 0.205013
v -0.048024 2.343728 0.288032
v 0.000000 2.110193 0.233237
v 0.000000 2.287969 0.362006
v 0.000000 2.110193 0.233237
v -0.085239 2.478076 0.221579
v -0.059422 2.454814 0.178569
v -0.155088 2.531788 0.199190
v -0.159368 2.528056 0.148740
v -0.157560 2.581183 0.110908
v -0.197732 2.634580 0.085001
v -0.241092 2.664763 0.024260
v -0.206132 2.654151 0.130262
v -0.296899 2.730391 0.019957
v -0.197122 2.757439 -0.143339
v -0.229030 2.767549 -0.143522
v -0.127614 2.761348 -0.213889
v -0.163774 2.773018 -0.221045
v -0.160080 2.593070 0.161807
v -0.133748 2.834153 -0.244381
v -0.120831 2.950723 -0.248618
v -0.083889 2.954223 -0.227217
v -0.082300 2.928728 -0.208921
v -0.083889 2.954223 -0.227217
v -0.076829 3.013958 -0.202959
v -0.083889 2.954223 -0.227217
v -0.076829 3.013958 -0.202959
v 0.000000 2.390928 0.305640
v 0.000000 2.511383 0.269741
v 0.000000 2.287969 0.362006
v 0.023561 2.527753 0.252570
v -0.023561 2.527753 0.252570
v 0.086482 3.191255 -0.216504
v 0.077901 3.126967 -0.209995
v 0.084268 3.037133 -0.201960
v 0.077901 3.126967 -0.209995
v 0.047472 3.166320 -0.230671
v 0.049306 3.196681 -0.223827
v 0.076197 3.080907 -0.237443
v 0.000000 3.136341 -0.212345
v 0.000000 3.130530 -0.292012
v 0.032243 3.021628 -0.256268
v 0.000000 3.136341 -0.212345
v 0.037998 2.979878 -0.208596
v 0.000000 2.956341 -0.275133
v -0.032243 3.021628 -0.256268
v -0.076197 3.080907 -0.237443
v -0.037998 2.979878 -0.208596
v -0.047472 3.166320 -0.230671
v -0.049306 3.196681 -0.223827
v 0.000000 3.136341 -0.212345
v 0.000000 3.172355 -0.283860
v 0.000000 3.136341 -0.212345
v -0.079917 3.267219 -0.243967
v 0.000000 3.311532 -0.300600
v -0.092527 3.275073 -0.221983
v -0.048369 3.356023 -0.240414
v 0.000000 3.314792 -0.253667
v 0.000000 3.314792 -0.253667
v 0.079917 3.267219 -0.243967
v 0.000000 3.136341 -0.212345
v 0.092527 3.275073 -0.221983
v 0.048369 3.356023 -0.240414
v 0.000000 3.314792 -0.253667
v -0.106738 3.406369 -0.215206
v 0.155107 3.262763 0.162837
v 0.093268 3.178113 0.235327
v 0.074644 3.199398 0.207550
v 0.166192 3.232834 0.191660
v 0.043735 3.108782 0.212932
v 0.059781 3.080700 0.246499
v 0.241819 3.294092 0.110293
v 0.023035 3.072660 0.217449
v 0.032609 3.034261 0.253734
v 0.000000 3.056552 0.218315
v 0.000000 3.016873 0.257671
v -0.032609 3.034261 0.253734
v -0.023035 3.072660 0.217449
v -0.059781 3.080700 0.246499
v -0.043735 3.108782 0.212932
v -0.093268 3.178113 0.235327
v -0.074644 3.199398 0.207550
v -0.155107 3.262763 0.162837
v -0.166192 3.232834 0.191660
v -0.241819 3.294092 0.110293
v 0.000000 2.321766 -0.018556
v 0.076829 3.013958 -0.202959
v 0.083889 2.954223 -0.227217
v 0.065544 2.723300 0.202983
v -0.298718 3.602113 0.056701
v -0.165042 3.605784 0.111057
v -0.182854 3.588390 0.116009
v -0.190111 3.642498 0.061281
v -0.165042 3.605784 0.111057
v -0.185263 3.573513 0.101447
v -0.165993 3.592288 0.097604
v -0.299264 3.584015 0.044862
v -0.298718 3.602113 0.056701
v -0.189522 3.615148 0.059837
v -0.165993 3.592288 0.097604
v -0.165042 3.605784 0.111057
v -0.190111 3.642498 0.061281
v -0.298718 3.602113 0.056701
v -0.189522 3.615148 0.059837
v -0.298718 3.602113 0.056701
v -0.299264 3.584015 0.044862
v -0.120601 3.699056 0.049518
v -0.087637 3.707825 0.070692
v -0.082700 3.652905 0.093169
v -0.085469 3.767097 0.053284
v -0.085347 3.743375 0.032677
v -0.111600 3.684426 0.031532
v -0.152703 3.647810 0.072742
v -0.082700 3.652905 0.093169
v -0.065168 3.634007 0.103115
v -0.143118 3.608446 0.114455
v -0.092063 3.600656 0.130236
v -0.149080 3.624817 0.058437
v -0.149080 3.624817 0.058437
v -0.143452 3.588195 0.093919
v -0.092245 3.582047 0.108916
v -0.048925 3.582419 0.147605
v -0.049002 3.568622 0.126057
v -0.048925 3.582419 0.147605
v -0.049002 3.568622 0.126057
v -0.065168 3.634007 0.103115
v -0.059631 3.604612 0.106347
v -0.048925 3.582419 0.147605
v -0.082700 3.652905 0.093169
v -0.079406 3.621920 0.088762
v -0.065168 3.634007 0.103115
v -0.087637 3.707825 0.070692
v -0.090511 3.678394 0.061682
v -0.082700 3.652905 0.093169
v -0.085347 3.743375 0.032677
v -0.085469 3.767097 0.053284
v -0.126395 2.980258 0.132054
v -0.125894 3.022437 0.122493
v -0.083450 2.889363 0.168030
v -0.200289 3.042799 0.034224
v -0.202577 3.071015 0.034162
v -0.238911 3.104032 -0.127832
v 0.000000 3.832703 -0.098119
v 0.000000 3.903123 -0.071895
v 0.000000 2.321766 -0.018556
v -0.120489 3.430094 0.220415
v -0.066293 3.906416 0.218617
v -0.077593 3.896415 0.181510
v -0.080182 3.912743 0.185525
v -0.075204 3.915445 0.181427
v -0.069073 3.892547 0.176568
v -0.061222 3.909771 0.216120
v -0.063631 3.878433 0.206353
v -0.059167 3.860235 0.214163
v -0.028718 3.886880 0.257129
v -0.058243 3.874863 0.201089
v -0.028718 3.886880 0.257129
v -0.054757 3.856702 0.208848
v -0.037706 3.845006 0.246638
v -0.028718 3.886880 0.257129
v -0.036520 3.841190 0.241782
v -0.017718 3.806046 0.260616
v -0.021520 3.808018 0.264613
v -0.013819 3.813271 0.280986
v -0.018187 3.852083 0.262981
v 0.000000 3.886952 0.281790
v 0.000000 3.853825 0.274385
v -0.036561 3.958626 0.281767
v 0.000000 3.943420 0.309162
v 0.000000 3.948477 0.301979
v -0.031400 3.961430 0.278647
v -0.057957 3.972828 0.241135
v -0.052175 3.975637 0.239664
v -0.065324 3.977867 0.208372
v -0.070831 3.975062 0.210613
v -0.076955 3.958138 0.186543
v -0.063662 3.940862 0.223594
v -0.083257 3.960442 0.191315
v 0.000000 3.814779 0.294038
v 0.000000 3.811550 0.288054
v -0.011198 3.810041 0.277389
v -0.017718 3.806046 0.260616
v 0.013819 3.813271 0.280986
v 0.018187 3.852083 0.262981
v 0.028718 3.886880 0.257129
v 0.037706 3.845006 0.246638
v 0.059167 3.860235 0.214163
v 0.054757 3.856702 0.208848
v 0.036520 3.841190 0.241782
v 0.021520 3.808018 0.264613
v 0.017718 3.806046 0.260616
v 0.011198 3.810041 0.277389
v 0.017718 3.806046 0.260616
v 0.058243 3.874863 0.201089
v 0.063631 3.878433 0.206353
v 0.066293 3.906416 0.218617
v 0.028718 3.886880 0.257129
v 0.036561 3.958626 0.281767
v 0.069073 3.892547 0.176568
v 0.077593 3.896415 0.181510
v 0.080182 3.912743 0.185525
v 0.075204 3.915445 0.181427
v 0.061222 3.909771 0.216120
v 0.031400 3.961430 0.278647
v 0.057957 3.972828 0.241135
v 0.052175 3.975637 0.239664
v 0.028718 3.886880 0.257129
v 0.065324 3.977867 0.208372
v 0.070831 3.975062 0.210613
v 0.076955 3.958138 0.186543
v 0.063662 3.940862 0.223594
v 0.083257 3.960442 0.191315
v 0.028718 3.886880 0.257129
v 0.023544 3.883792 0.252394
v 0.057603 3.937776 0.219808
v 0.028718 3.886880 0.257129
v 0.023544 3.883792 0.252394
v 0.076955 3.958138 0.186543
v 0.083257 3.960442 0.191315
v 0.076955 3.958138 0.186543
v 0.083257 3.960442 0.191315
v -0.028718 3.886880 0.257129
v -0.023544 3.883792 0.252394
v -0.057603 3.937776 0.219808
v -0.028718 3.886880 0.257129
v -0.023544 3.883792 0.252394
v -0.076955 3.958138 0.186543
v -0.083257 3.960442 0.191315
v -0.076955 3.958138 0.186543
v -0.083257 3.960442 0.191315
v -0.014810 3.675308 0.256465
v 0.000000 3.727139 0.282713
v 0.000000 3.670281 0.256536
v -0.012111 3.725977 0.277107
v 0.000000 3.764069 0.231942
v -0.017368 3.760909 0.231425
v -0.015271 3.682902 0.246559
v -0.014810 3.675308 0.256465
v 0.014810 3.675308 0.256465
v 0.012111 3.725977 0.277107
v 0.017368 3.760909 0.231425
v 0.015271 3.682902 0.246559
v 0.014810 3.675308 0.256465
v -0.000027 3.764470 0.162152
v -0.068851 3.777477 0.132002
v 0.000027 3.764509 0.162122
v -0.000033 3.764519 0.162109
v 0.081197 3.816435 0.125861
v 0.042377 3.710378 0.231549
v -0.118344 3.960217 -0.109120
v -0.123439 3.979338 -0.013072
v -0.147267 3.920241 -0.035729
v -0.071396 3.998479 -0.121384
v -0.062166 4.032679 -0.046344
v 0.000000 4.036763 -0.124346
v 0.000000 4.074412 -0.059145
v -0.072028 3.964196 -0.135906
v -0.083916 3.887709 -0.044475
v -0.142124 3.893079 0.030367
v -0.084461 3.859341 0.014950
v 0.000000 3.865264 0.019987
v -0.121154 3.866776 0.090569
v -0.107792 3.915656 0.136704
v -0.124210 3.957663 0.061982
v -0.081669 3.822854 0.064164
v 0.000000 3.838153 0.086477
v -0.090854 3.984036 -0.008366
v -0.066759 4.023119 -0.027614
v -0.092977 3.962361 0.066688
v -0.085224 3.925789 0.141410
v 0.000000 3.895641 -0.083196
v -0.071946 3.923447 -0.115059
v 0.000000 3.912923 -0.137138
v 0.000000 3.970728 -0.152497
v 0.000000 3.996667 -0.133992
v 0.072028 3.964196 -0.135906
v 0.071946 3.923447 -0.115059
v 0.118344 3.960217 -0.109120
v 0.071396 3.998479 -0.121384
v 0.123439 3.979338 -0.013072
v 0.147267 3.920241 -0.035729
v 0.062166 4.032679 -0.046344
v 0.083916 3.887709 -0.044475
v 0.142124 3.893079 0.030367
v 0.084461 3.859341 0.014950
v 0.121154 3.866776 0.090569
v 0.107792 3.915656 0.136704
v 0.124210 3.957663 0.061982
v 0.081669 3.822854 0.064164
v 0.090854 3.984036 -0.008366
v 0.066759 4.023119 -0.027614
v 0.092977 3.962361 0.066688
v 0.085224 3.925789 0.141410
v 0.000000 4.058947 -0.046732
v 0.000000 3.838153 0.086477
v -0.081669 3.822854 0.064164
v -0.121154 3.866776 0.090569
v -0.107792 3.915656 0.136704
v -0.085224 3.925789 0.141410
v 0.121154 3.866776 0.090569
v 0.081669 3.822854 0.064164
v 0.107792 3.915656 0.136704
v 0.085224 3.925789 0.141410
v -0.104974 4.021529 -0.008144
v -0.124210 3.957663 0.061982
v -0.122547 3.973082 -0.014153
v -0.089045 3.962543 -0.015641
v -0.073590 4.021884 -0.006271
v -0.107881 4.035010 0.026373
v -0.074793 4.037222 0.027980
v -0.111736 4.015611 0.088967
v -0.094142 4.012205 0.090574
v -0.098366 3.984015 0.081546
v -0.105372 3.945910 0.065972
v -0.124210 3.957663 0.061982
v -0.111736 4.015611 0.088967
v -0.094142 4.012205 0.090574
v -0.048344 4.072188 0.112848
v -0.076548 4.048023 0.013307
v -0.048317 4.073536 0.025951
v -0.089457 4.035376 0.094556
v -0.107618 3.961724 0.035261
v 0.000000 4.102490 0.036039
v 0.000000 4.100125 0.124892
v -0.040474 4.038841 0.199779
v 0.000000 4.063238 0.206476
v -0.050114 4.055423 -0.031022
v -0.091617 3.984787 -0.014315
v 0.000000 4.078473 -0.023926
v -0.071220 4.020608 0.141727
v -0.093193 3.996119 0.122877
v -0.081955 3.950317 0.168191
v -0.066185 3.989344 0.186683
v -0.057195 3.959832 0.226727
v -0.032382 4.001160 0.243836
v -0.019487 3.965153 0.282477
v -0.027827 3.939417 0.275019
v 0.000000 3.935443 0.278979
v 0.000000 3.975406 0.289153
v -0.028755 3.899256 0.237925
v -0.066300 3.924510 0.213000
v -0.057380 3.909565 0.206697
v -0.049861 3.858335 0.181265
v -0.030407 3.834528 0.232471
v -0.059069 3.873643 0.162403
v -0.027083 3.855147 0.174938
v -0.039506 3.865028 0.163084
v -0.054468 3.862038 0.133247
v -0.073807 3.867553 0.120391
v -0.103033 3.913797 0.115495
v -0.040821 3.852138 0.130923
v -0.061251 3.857953 0.119077
v -0.090633 3.916456 0.112110
v -0.025470 3.819193 0.168553
v -0.048123 3.825426 0.174595
v -0.027743 3.811131 0.205558
v -0.032880 3.803257 0.198970
v -0.018872 3.800562 0.193970
v -0.076398 3.919083 0.148373
v -0.104218 3.929666 0.105079
v -0.021633 3.804996 0.201691
v -0.023244 3.801609 0.219754
v -0.013752 3.795829 0.215248
v -0.018872 3.800562 0.193970
v 0.000000 3.828916 0.239426
v -0.027010 3.893738 0.256847
v 0.000000 3.889875 0.267181
v 0.000000 3.801508 0.233280
v 0.000000 3.797259 0.227505
v 0.027010 3.893738 0.256847
v 0.030407 3.834528 0.232471
v 0.023244 3.801609 0.219754
v 0.028755 3.899256 0.237925
v 0.049861 3.858335 0.181265
v 0.057380 3.909565 0.206697
v 0.059069 3.873643 0.162403
v 0.027083 3.855147 0.174938
v 0.039506 3.865028 0.163084
v 0.054468 3.862038 0.133247
v 0.073807 3.867553 0.120391
v 0.103033 3.913797 0.115495
v 0.040821 3.852138 0.130923
v 0.061251 3.857953 0.119077
v 0.090633 3.916456 0.112110
v 0.025470 3.819193 0.168553
v 0.048123 3.825426 0.174595
v 0.027743 3.811131 0.205558
v 0.032880 3.803257 0.198970
v 0.018872 3.798409 0.193970
v 0.076398 3.919083 0.148373
v 0.104218 3.929666 0.105079
v 0.093193 3.996119 0.122877
v 0.081955 3.950317 0.168191
v 0.071220 4.020608 0.141727
v 0.089457 4.035376 0.094556
v 0.066185 3.989344 0.186683
v 0.066300 3.924510 0.213000
v 0.057195 3.959832 0.226727
v 0.040474 4.038841 0.199779
v 0.032382 4.001160 0.243836
v 0.019487 3.965153 0.282477
v 0.027827 3.939417 0.275019
v 0.048344 4.072188 0.112848
v 0.076548 4.048023 0.013307
v 0.048317 4.073536 0.025951
v 0.107618 3.961724 0.035261
v 0.050114 4.055423 -0.031022
v 0.091617 3.984787 -0.014315
v 0.055745 4.024674 -0.040882
v 0.000000 4.054533 -0.051498
v -0.055745 4.024674 -0.040882
v 0.000000 4.012613 0.252417
v 0.000000 4.021072 0.256241
v -0.064161 4.044833 0.146357
v -0.098010 4.030871 0.085449
v -0.061855 4.068889 0.097509
v -0.082556 4.027692 0.138603
v -0.091473 4.013436 0.076050
v -0.044865 4.070377 0.091607
v -0.050847 4.040582 0.155262
v -0.074580 4.009087 0.143129
v 0.104974 4.021529 -0.008144
v 0.122547 3.973082 -0.014153
v 0.124210 3.957663 0.061982
v 0.089045 3.962543 -0.015641
v 0.073590 4.021884 -0.006271
v 0.107881 4.035010 0.026373
v 0.074793 4.037222 0.027980
v 0.111736 4.015611 0.088967
v 0.094142 4.012205 0.090574
v 0.098366 3.984015 0.081546
v 0.124210 3.957663 0.061982
v 0.105372 3.945910 0.065972
v 0.111736 4.015611 0.088967
v 0.094142 4.012205 0.090574
v 0.021633 3.804996 0.201691
v 0.013752 3.797982 0.215248
v 0.018872 3.798409 0.193970
v 0.064161 4.044833 0.146357
v 0.098010 4.030871 0.085449
v 0.082556 4.027692 0.138603
v 0.061855 4.068889 0.097509
v 0.091473 4.013436 0.076050
v 0.044865 4.070377 0.091607
v 0.050847 4.040582 0.155262
v 0.074580 4.009087 0.143129
v 0.000000 2.932392 -0.209824
v -0.037998 2.979878 -0.208596
v 0.000000 2.932392 -0.209824
v 0.000000 2.956341 -0.275133
v 0.000000 2.745816 -0.236646
v 0.000000 2.769952 -0.273488
v -0.077901 3.126967 -0.209995
v -0.084268 3.037133 -0.201960
v 0.000000 2.932392 -0.209824
v 0.000000 2.956341 -0.275133
v 0.000000 2.932392 -0.209824
v 0.037998 2.979878 -0.208596
v 0.000000 2.745816 -0.236646
v 0.000000 2.769952 -0.273488
v 0.077901 3.126967 -0.209995
v 0.084268 3.037133 -0.201960
v 0.439424 3.495614 -0.378523
v 0.308547 3.624756 -0.390632
v 0.336147 3.501123 -0.295849
v 0.348383 3.697121 -0.449707
v 0.275650 3.694885 -0.407558
v 0.407441 3.707865 -0.479440
v 0.407441 3.707865 -0.479440
v 0.420258 3.827473 -0.272292
v 0.348383 3.697121 -0.449707
v 0.296591 3.770887 -0.254854
v 0.319458 3.719627 -0.109885
v 0.392257 3.738831 -0.108996
v 0.275650 3.694885 -0.407558
v 0.308547 3.624756 -0.390632
v 0.275650 3.694885 -0.407558
v 0.355717 3.623993 -0.261935
v 0.336147 3.501123 -0.295849
v 0.358832 3.485800 -0.238590
v 0.362683 3.514594 -0.113766
v 0.339673 3.628033 -0.050521
v 0.296591 3.770887 -0.254854
v 0.319458 3.719627 -0.109885
v 0.336147 3.501123 -0.295849
v 0.451939 3.485798 -0.156608
v 0.439424 3.495614 -0.378523
v 0.358832 3.485800 -0.238590
v 0.362683 3.514594 -0.113766
v 0.374330 3.595523 0.059569
v 0.416706 3.558614 0.138725
v 0.384456 3.512496 0.023176
v 0.440737 3.608898 0.024734
v 0.445540 3.524634 -0.011282
v 0.450737 3.321103 0.012792
v 0.466797 3.309305 0.009106
v 0.425620 3.704260 0.005784
v 0.374373 3.719847 0.017826
v 0.407106 3.648970 0.140521
v 0.371729 3.738094 -0.192210
v 0.421463 3.713914 -0.177428
v 0.435594 3.581077 -0.210285
v 0.390108 3.578845 -0.230701
v 0.442971 3.396908 -0.197693
v 0.400598 3.430165 -0.216686
v 0.412128 3.491231 -0.381545
v 0.432315 3.483325 -0.386765
v 0.442971 3.396908 -0.197693
v 0.398262 3.599338 -0.420276
v 0.417145 3.594343 -0.427385
v 0.465856 3.745330 -0.199407
v 0.488280 3.729473 0.005058
v 0.514230 3.606069 0.045624
v 0.485424 3.658502 0.147644
v 0.478315 3.585505 -0.237310
v 0.442971 3.396908 -0.197693
v 0.484225 3.436369 -0.222867
v 0.451310 3.494268 -0.384775
v 0.442971 3.396908 -0.197693
v 0.422446 3.701448 -0.501207
v 0.446301 3.791909 0.152292
v 0.434674 3.843918 0.021051
v 0.424594 3.881654 -0.126198
v 0.420900 3.851714 0.024254
v 0.409310 3.889317 -0.111304
v 0.395119 3.878924 -0.127914
v 0.408528 3.842513 0.018631
v 0.422462 3.789368 0.149153
v 0.431335 3.806830 0.152831
v 0.436879 3.600922 -0.424156
v 0.384395 3.701318 -0.496676
v 0.375509 3.951597 -0.444332
v 0.401974 3.699234 -0.505675
v 0.389406 3.953888 -0.454114
v 0.380992 4.379353 -0.348886
v 0.397402 4.385647 -0.364926
v 0.377853 4.359536 -0.271068
v 0.393833 3.978751 -0.169257
v 0.407582 3.953103 -0.448724
v 0.415673 4.379203 -0.357159
v 0.425254 4.356550 -0.274914
v 0.402123 4.362992 -0.278011
v 0.415540 3.978208 -0.171615
v 0.405108 3.970134 -0.150824
v 0.405108 3.970134 -0.150824
v 0.519142 3.522934 0.009565
v 0.493550 3.570673 0.138143
v 0.481862 3.321752 0.009224
v 0.481754 3.458112 0.140848
v 0.481862 3.321752 0.009224
v 0.466797 3.309305 0.009106
v 0.466797 3.309305 0.009106
v 0.469221 3.436933 0.141934
v 0.466797 3.309305 0.009106
v 0.455039 3.455579 0.142994
v 0.466797 3.309305 0.009106
v 0.481862 3.321752 0.009224
v 0.393833 3.978751 -0.169257
v 0.412849 4.308547 -0.077784
v 0.405108 3.970134 -0.150824
v 0.412849 4.308547 -0.077784
v 0.398157 4.310831 -0.098050
v 0.402123 4.362992 -0.278011
v 0.425254 4.356550 -0.274914
v 0.424125 4.308438 -0.099200
v 0.415540 3.978208 -0.171615
v 0.405108 3.970134 -0.150824
v 0.377853 4.359536 -0.271068
v 0.405108 3.970134 -0.150824
v 0.412849 4.308547 -0.077784
v 0.459467 3.626085 0.273195
v 0.459001 3.497300 0.215116
v 0.445347 3.626080 0.258805
v 0.471299 3.486770 0.227193
v 0.443864 3.764752 0.288525
v 0.443864 3.764752 0.288525
v 0.435394 3.753752 0.269685
v 0.480344 3.499483 0.211264
v 0.473326 3.631237 0.252470
v 0.471299 3.486770 0.227193
v 0.443864 3.764752 0.288525
v 0.443864 3.764752 0.288525
v 0.453713 3.756533 0.266320
v 0.459001 3.497300 0.215116
v 0.469221 3.436933 0.141934
v 0.455039 3.455579 0.142994
v 0.471299 3.486770 0.227193
v 0.416706 3.558614 0.138725
v 0.445347 3.626080 0.258805
v 0.407106 3.648970 0.140521
v 0.435394 3.753752 0.269685
v 0.422462 3.789368 0.149153
v 0.431335 3.806830 0.152831
v 0.443864 3.764752 0.288525
v 0.480344 3.499483 0.211264
v 0.471299 3.486770 0.227193
v 0.481754 3.458112 0.140848
v 0.493550 3.570673 0.138143
v 0.473326 3.631237 0.252470
v 0.485424 3.658502 0.147644
v 0.453713 3.756533 0.266320
v 0.443864 3.764752 0.288525
v 0.446301 3.791909 0.152292
v -0.439424 3.495614 -0.378523
v -0.336147 3.501123 -0.295849
v -0.308547 3.624756 -0.390632
v -0.348383 3.697121 -0.449707
v -0.275650 3.694885 -0.407558
v -0.407441 3.707865 -0.479440
v -0.407441 3.707865 -0.479440
v -0.348383 3.697121 -0.449707
v -0.420258 3.827473 -0.272292
v -0.296591 3.770887 -0.254854
v -0.319458 3.719627 -0.109885
v -0.392257 3.738831 -0.108996
v -0.275650 3.694885 -0.407558
v -0.308547 3.624756 -0.390632
v -0.355717 3.623993 -0.261935
v -0.275650 3.694885 -0.407558
v -0.336147 3.501123 -0.295849
v -0.358832 3.485800 -0.238590
v -0.362683 3.514594 -0.113766
v -0.339673 3.628033 -0.050521
v -0.296591 3.770887 -0.254854
v -0.319458 3.719627 -0.109885
v -0.336147 3.501123 -0.295849
v -0.439424 3.495614 -0.378523
v -0.451939 3.485798 -0.156608
v -0.358832 3.485800 -0.238590
v -0.362683 3.514594 -0.113766
v -0.374330 3.595523 0.059569
v -0.384456 3.512496 0.023176
v -0.416706 3.558614 0.138725
v -0.440737 3.608898 0.024734
v -0.445540 3.524634 -0.011282
v -0.450737 3.321103 0.012792
v -0.466797 3.309305 0.009106
v -0.425620 3.704260 0.005784
v -0.374373 3.719847 0.017826
v -0.407106 3.648970 0.140521
v -0.371729 3.738094 -0.192210
v -0.421463 3.713914 -0.177428
v -0.435594 3.581077 -0.210285
v -0.390108 3.578845 -0.230701
v -0.442971 3.396908 -0.197693
v -0.400598 3.430165 -0.216686
v -0.412128 3.491231 -0.381545
v -0.432315 3.483325 -0.386765
v -0.442971 3.396908 -0.197693
v -0.398262 3.599338 -0.420276
v -0.417145 3.594343 -0.427385
v -0.465856 3.745330 -0.199407
v -0.488280 3.729473 0.005058
v -0.514230 3.606069 0.045624
v -0.485424 3.658502 0.147644
v -0.519142 3.522934 0.009565
v -0.493550 3.570673 0.138143
v -0.481862 3.321752 0.009224
v -0.481754 3.458112 0.140848
v -0.446301 3.791909 0.152292
v -0.434674 3.843918 0.021051
v -0.424594 3.881654 -0.126198
v -0.420900 3.851714 0.024254
v -0.409310 3.889317 -0.111304
v -0.395119 3.878924 -0.127914
v -0.408528 3.842513 0.018631
v -0.422462 3.789368 0.149153
v -0.431335 3.806830 0.152831
v -0.384395 3.701318 -0.496676
v -0.375509 3.951597 -0.444332
v -0.401974 3.699234 -0.505675
v -0.389406 3.953888 -0.454114
v -0.380992 4.379353 -0.348886
v -0.397402 4.385647 -0.364926
v -0.377853 4.359536 -0.271068
v -0.393833 3.978751 -0.169257
v -0.422446 3.701448 -0.501207
v -0.407582 3.953103 -0.448724
v -0.478315 3.585505 -0.237310
v -0.442971 3.396908 -0.197693
v -0.484225 3.436369 -0.222867
v -0.451310 3.494268 -0.384775
v -0.442971 3.396908 -0.197693
v -0.436879 3.600922 -0.424156
v -0.415673 4.379203 -0.357159
v -0.415540 3.978208 -0.171615
v -0.425254 4.356550 -0.274914
v -0.402123 4.362992 -0.278011
v -0.405108 3.970134 -0.150824
v -0.405108 3.970134 -0.150824
v -0.481862 3.321752 0.009224
v -0.466797 3.309305 0.009106
v -0.455039 3.455579 0.142994
v -0.466797 3.309305 0.009106
v -0.469221 3.436933 0.141934
v -0.466797 3.309305 0.009106
v -0.466797 3.309305 0.009106
v -0.481862 3.321752 0.009224
v -0.393833 3.978751 -0.169257
v -0.412849 4.308547 -0.077784
v -0.398157 4.310831 -0.098050
v -0.402123 4.362992 -0.278011
v -0.425254 4.356550 -0.274914
v -0.424125 4.308438 -0.099200
v -0.415540 3.978208 -0.171615
v -0.405108 3.970134 -0.150824
v -0.377853 4.359536 -0.271068
v -0.412849 4.308547 -0.077784
v -0.405108 3.970134 -0.150824
v -0.405108 3.970134 -0.150824
v -0.412849 4.308547 -0.077784
v -0.459467 3.626085 0.273195
v -0.459001 3.497300 0.215116
v -0.471299 3.486770 0.227193
v -0.445347 3.626080 0.258805
v -0.443864 3.764752 0.288525
v -0.443864 3.764752 0.288525
v -0.435394 3.753752 0.269685
v -0.480344 3.499483 0.211264
v -0.471299 3.486770 0.227193
v -0.473326 3.631237 0.252470
v -0.443864 3.764752 0.288525
v -0.443864 3.764752 0.288525
v -0.453713 3.756533 0.266320
v -0.459001 3.497300 0.215116
v -0.469221 3.436933 0.141934
v -0.471299 3.486770 0.227193
v -0.455039 3.455579 0.142994
v -0.416706 3.558614 0.138725
v -0.445347 3.626080 0.258805
v -0.407106 3.648970 0.140521
v -0.435394 3.753752 0.269685
v -0.422462 3.789368 0.149153
v -0.431335 3.806830 0.152831
v -0.443864 3.764752 0.288525
v -0.480344 3.499483 0.211264
v -0.481754 3.458112 0.140848
v -0.471299 3.486770 0.227193
v -0.493550 3.570673 0.138143
v -0.473326 3.631237 0.252470
v -0.485424 3.658502 0.147644
v -0.453713 3.756533 0.266320
v -0.443864 3.764752 0.288525
v -0.446301 3.791909 0.152292
v 0.356638 3.648079 -0.096083
v 0.347637 3.560818 0.015789
v 0.373287 3.639588 0.043834
v 0.368560 3.747162 -0.087304
v 0.378071 3.665251 -0.234652
v 0.351993 3.582828 -0.221394
v 0.368560 3.747162 -0.087304
v 0.373287 3.639588 0.043834
v 0.291121 3.766790 -0.086810
v 0.269028 3.671507 0.016295
v 0.254644 3.623881 0.013302
v 0.347637 3.560818 0.015789
v 0.168949 3.663693 -0.002585
v 0.170248 3.695722 0.001255
v 0.207467 3.783130 -0.086698
v 0.168949 3.663693 -0.002585
v 0.378071 3.665251 -0.234652
v 0.173519 3.713217 -0.189405
v 0.272844 3.691953 -0.205298
v 0.258630 3.644521 -0.210995
v 0.351993 3.582828 -0.221394
v 0.172275 3.681005 -0.191176
v 0.172275 3.681005 -0.191176
v -0.356636 3.648079 -0.096083
v -0.373285 3.639588 0.043834
v -0.347634 3.560818 0.015789
v -0.368557 3.747162 -0.087304
v -0.378069 3.665251 -0.234652
v -0.351991 3.582828 -0.221394
v -0.368557 3.747162 -0.087304
v -0.291118 3.766790 -0.086810
v -0.373285 3.639588 0.043834
v -0.269026 3.671507 0.016295
v -0.254641 3.623881 0.013302
v -0.347634 3.560818 0.015789
v -0.168947 3.663693 -0.002585
v -0.170245 3.695722 0.001255
v -0.207465 3.783130 -0.086698
v -0.168947 3.663693 -0.002585
v -0.378069 3.665251 -0.234652
v -0.173517 3.713217 -0.189405
v -0.272842 3.691953 -0.205298
v -0.258628 3.644521 -0.210995
v -0.351991 3.582828 -0.221394
v -0.172273 3.681005 -0.191176
v -0.172273 3.681005 -0.191176
v 0.083586 3.664731 -0.378503
v 0.000001 3.720728 -0.458497
v 0.000001 3.659471 -0.437493
v 0.090920 3.734132 -0.395369
v 0.164403 3.762568 -0.258617
v 0.090162 3.788445 -0.242413
v 0.186370 3.782815 -0.105544
v 0.095369 3.821251 -0.104863
v 0.050872 3.760140 -0.363670
v 0.145679 3.683373 -0.239398
v 0.216825 3.670383 -0.129582
v 0.228270 3.675245 -0.061934
v 0.228346 3.767642 -0.051689
v 0.055321 3.580176 -0.327145
v 0.112744 3.603803 -0.230409
v 0.233829 3.675605 -0.022177
v 0.116614 3.737021 -0.028187
v 0.042374 3.794851 -0.385959
v 0.069252 3.838279 -0.258148
v 0.000001 3.784509 -0.422466
v 0.000001 3.829801 -0.432466
v 0.067106 3.882395 -0.118577
v 0.083138 3.508751 -0.227291
v 0.045673 3.456523 -0.270904
v 0.021769 3.443928 -0.311370
v 0.027792 3.486885 -0.341254
v 0.000001 3.398891 -0.233009
v 0.000001 3.933007 -0.134746
v 0.000001 3.885063 -0.267166
v 0.000001 3.870668 -0.359562
v 0.000001 3.427393 -0.311912
v 0.021769 3.443928 -0.311370
v -0.069249 3.838279 -0.258148
v -0.042372 3.794851 -0.385959
v -0.090160 3.788445 -0.242412
v -0.050869 3.760140 -0.363670
v -0.090918 3.734132 -0.395369
v -0.164400 3.762568 -0.258617
v -0.186367 3.782815 -0.105544
v -0.095366 3.821251 -0.104863
v -0.083584 3.664731 -0.378503
v -0.157766 3.683373 -0.239398
v -0.216822 3.670383 -0.129582
v -0.228268 3.675245 -0.061934
v -0.228343 3.767642 -0.051689
v -0.055319 3.580176 -0.327145
v -0.124833 3.603803 -0.230409
v -0.233827 3.675605 -0.022177
v -0.116611 3.737021 -0.028187
v -0.083136 3.508751 -0.227291
v -0.045670 3.456523 -0.270904
v -0.021766 3.443927 -0.311370
v -0.027789 3.486885 -0.341254
v 0.000001 3.604060 -0.393870
v 0.000001 3.494478 -0.372189
v 0.027792 3.486885 -0.341254
v 0.000001 3.494478 -0.372189
v -0.027789 3.486885 -0.341254
v -0.021766 3.443927 -0.311370
v -0.121128 3.830000 -0.071346
v -0.095366 3.821251 -0.104863
v 0.095369 3.821251 -0.104863
v 0.121130 3.830000 -0.071346
v 0.116614 3.737021 -0.028187
v 0.108917 3.694969 -0.067530
v 0.121130 3.830000 -0.071346
v 0.108710 3.695563 -0.026153
v 0.073691 3.686840 -0.113646
v 0.095369 3.821251 -0.104863
v 0.000001 3.663996 -0.129843
v 0.095369 3.821251 -0.104863
v 0.000001 3.840575 -0.101259
v -0.095366 3.821251 -0.104863
v -0.073689 3.686840 -0.113646
v 0.067106 3.882395 -0.118577
v 0.095369 3.821251 -0.104863
v 0.000001 3.890772 -0.113982
v 0.000001 3.933007 -0.134746
v -0.067103 3.882395 -0.118577
v -0.095366 3.821251 -0.104863
v -0.121128 3.830000 -0.071346
v -0.108915 3.694969 -0.067530
v -0.116611 3.737021 -0.028187
v -0.108707 3.695563 -0.026153
v -0.095366 3.821251 -0.104863
v 0.095369 3.821251 -0.104863
v 0.021769 3.443928 -0.311370
v 0.000001 3.553047 -0.279198
v 0.000001 3.427393 -0.311912
v -0.021766 3.443927 -0.311370
v 0.000001 3.553047 -0.279198
v 0.027792 3.486885 -0.341254
v 0.000001 3.553047 -0.279198
v 0.021769 3.443928 -0.311370
v 0.000001 3.750032 -0.385078
v 0.000001 3.494478 -0.372189
v 0.000001 3.553047 -0.279198
v 0.027792 3.486885 -0.341254
v -0.067103 3.882395 -0.118577
v -0.095366 3.821251 -0.104863
v -0.027789 3.486885 -0.341254
v -0.021766 3.443927 -0.311370
v 0.000001 3.553047 -0.279198
v 0.000001 3.494478 -0.372189
v -0.027789 3.486885 -0.341254
v 0.000001 3.553047 -0.279198
v -0.219457 3.446318 -0.153688
v -0.170814 3.423957 -0.208606
v -0.225348 3.489647 -0.315639
v -0.225348 3.489647 -0.315639
v -0.109871 3.522896 -0.337099
v -0.225348 3.489647 -0.315639
v -0.292095 3.419345 -0.161854
v -0.339791 3.525540 -0.295266
v -0.362891 3.496693 -0.149128
v -0.339791 3.525540 -0.295266
v -0.350663 3.643081 -0.137469
v -0.332305 3.614328 -0.302721
v -0.214065 3.688580 -0.141669
v -0.215288 3.647893 -0.327793
v -0.216118 3.629806 -0.311879
v -0.318176 3.601317 -0.295525
v -0.339791 3.525540 -0.295266
v -0.339791 3.525540 -0.295266
v -0.323295 3.528347 -0.280187
v -0.223360 3.504321 -0.299362
v -0.225348 3.489647 -0.315639
v -0.339791 3.525540 -0.295266
v -0.225348 3.489647 -0.315639
v -0.125365 3.528071 -0.318278
v -0.109871 3.522896 -0.337099
v -0.112140 3.612167 -0.343550
v -0.109871 3.522896 -0.337099
v -0.128219 3.603514 -0.324416
v -0.112140 3.612167 -0.343550
v -0.216118 3.629806 -0.311879
v -0.215288 3.647893 -0.327793
v -0.112140 3.612167 -0.343550
v -0.214065 3.688580 -0.141669
v -0.215288 3.647893 -0.327793
v -0.083018 3.637704 -0.152144
v -0.112140 3.612167 -0.343550
v -0.085142 3.501009 -0.168774
v -0.109871 3.522896 -0.337099
v -0.109871 3.522896 -0.337099
v -0.128219 3.603514 -0.324416
v -0.223360 3.504321 -0.299362
v -0.125365 3.528071 -0.318278
v -0.216118 3.629806 -0.311879
v -0.318176 3.601317 -0.295525
v -0.323295 3.528347 -0.280187
v 0.219459 3.446318 -0.153688
v 0.225350 3.489647 -0.315639
v 0.170817 3.423957 -0.208606
v 0.225350 3.489647 -0.315639
v 0.109873 3.522896 -0.337099
v 0.225350 3.489647 -0.315639
v 0.292097 3.419345 -0.161854
v 0.339794 3.525540 -0.295266
v 0.362893 3.496693 -0.149128
v 0.350665 3.643081 -0.137469
v 0.339794 3.525540 -0.295266
v 0.332307 3.614328 -0.302721
v 0.214067 3.688580 -0.141669
v 0.215291 3.647893 -0.327793
v 0.216121 3.629806 -0.311879
v 0.318179 3.601317 -0.295525
v 0.339794 3.525540 -0.295266
v 0.339794 3.525540 -0.295266
v 0.323297 3.528347 -0.280187
v 0.223363 3.504321 -0.299362
v 0.339794 3.525540 -0.295266
v 0.225350 3.489647 -0.315639
v 0.125367 3.528071 -0.318278
v 0.225350 3.489647 -0.315639
v 0.109873 3.522896 -0.337099
v 0.112142 3.612166 -0.343550
v 0.128221 3.603514 -0.324416
v 0.109873 3.522896 -0.337099
v 0.216121 3.629806 -0.311879
v 0.112142 3.612166 -0.343550
v 0.215291 3.647893 -0.327793
v 0.112142 3.612166 -0.343550
v 0.214067 3.688580 -0.141669
v 0.083020 3.637704 -0.152144
v 0.215291 3.647893 -0.327793
v 0.085144 3.501009 -0.168774
v 0.112142 3.612166 -0.343550
v 0.109873 3.522896 -0.337099
v 0.109873 3.522896 -0.337099
v 0.128221 3.603514 -0.324416
v 0.223363 3.504321 -0.299362
v 0.216121 3.629806 -0.311879
v 0.125367 3.528071 -0.318278
v 0.318179 3.601317 -0.295525
v 0.323297 3.528347 -0.280187
v -0.050102 3.816772 0.167698
v -0.081197 3.816435 0.125861
v -0.053879 3.852209 0.131384
v -0.075642 3.860621 0.119045
v -0.050961 3.854075 0.175972
v -0.058760 3.864476 0.163632
v -0.029116 3.855841 0.175645
v -0.024115 3.818538 0.167372
v -0.073248 3.862386 0.118720
v -0.035985 3.853974 0.131057
v -0.085932 3.922328 0.106084
v -0.108488 3.917388 0.114186
v -0.092385 3.839983 0.103188
v -0.081197 3.816435 0.125861
v -0.068851 3.777477 0.132002
v -0.118481 3.877387 0.072642
v -0.038390 3.866241 0.163307
v -0.068851 3.777477 0.132002
v -0.058887 3.717563 0.200949
v -0.000033 3.764519 0.162109
v -0.042377 3.710378 0.231549
v -0.068851 3.777477 0.132002
v -0.081197 3.816435 0.125861
v 0.000000 3.835151 0.088146
v -0.081197 3.816435 0.125861
v -0.092385 3.839983 0.103188
v -0.118481 3.877387 0.072642
v -0.042377 3.710378 0.231549
v -0.000027 3.764470 0.162152
v 0.000000 3.670038 0.249319
v -0.020261 3.679570 0.249336
v 0.068851 3.777477 0.132002
v 0.068851 3.777477 0.132002
v 0.058887 3.717563 0.200949
v 0.042377 3.710378 0.231549
v 0.042377 3.710378 0.231549
v 0.020261 3.679570 0.249336
v 0.000027 3.764509 0.162122
v 0.081197 3.816435 0.125861
v 0.092385 3.839983 0.103188
v 0.118481 3.877387 0.072642
v -0.020136 3.755139 0.244025
v -0.042377 3.710378 0.231549
v -0.058887 3.717563 0.200949
v -0.020983 3.792878 0.217893
v -0.025279 3.803055 0.203665
v -0.034655 3.795030 0.194009
v -0.068851 3.777477 0.132002
v -0.011862 3.803121 0.202028
v -0.009795 3.795078 0.214945
v -0.015857 3.797568 0.229457
v -0.011289 3.797345 0.223088
v 0.000000 3.795125 0.230594
v 0.000000 3.797742 0.225015
v -0.020261 3.679570 0.249336
v -0.018872 3.800562 0.193970
v -0.018872 3.800562 0.193970
v 0.000000 3.761063 0.244984
v -0.020261 3.679570 0.249336
v 0.000000 3.670038 0.249319
v 0.011289 3.797345 0.223088
v 0.015857 3.797568 0.229457
v 0.009795 3.795078 0.214945
v 0.020983 3.792878 0.217893
v 0.011862 3.803121 0.202028
v 0.025279 3.803055 0.203665
v 0.058887 3.717563 0.200949
v 0.020136 3.755139 0.244025
v 0.042377 3.710378 0.231549
v 0.034655 3.795030 0.194009
v 0.068851 3.777477 0.132002
v 0.020261 3.679570 0.249336
v 0.020261 3.679570 0.249336
v 0.018872 3.798409 0.193970
v 0.068851 3.777477 0.132002
v 0.050102 3.816772 0.167698
v 0.024115 3.818538 0.167372
v 0.018872 3.798409 0.193970
v -0.068851 3.777477 0.132002
v -0.050102 3.816772 0.167698
v -0.024115 3.818538 0.167372
v -0.018872 3.800562 0.193970
v 0.050102 3.816772 0.167698
v 0.081197 3.816435 0.125861
v 0.068851 3.777477 0.132002
v 0.081197 3.816435 0.125861
v 0.053879 3.852209 0.131384
v 0.075642 3.860621 0.119045
v 0.092385 3.839983 0.103188
v 0.108488 3.917388 0.114186
v 0.118481 3.877387 0.072642
v 0.050961 3.854075 0.175972
v 0.058760 3.864476 0.163632
v 0.029116 3.855841 0.175645
v 0.024115 3.818538 0.167372
v 0.073248 3.862386 0.118720
v 0.035985 3.853974 0.131057
v 0.085932 3.922328 0.106084
v 0.038390 3.866241 0.163307
v 0.081197 3.816435 0.125861
v 0.068851 3.777477 0.132002
vt 0.8246 0.5789
vt 0.8246 0.5371
vt 0.8592 0.5789
vt 0.8588 0.5462
vt 0.8708 0.5273
vt 0.8708 0.4829
vt 0.8246 0.4829
vt 0.8707 0.4704
vt 0.8246 0.4829
vt 0.8707 0.5273
vt 0.8820 0.5271
vt 0.8707 0.4830
vt 0.8820 0.4830
vt 0.8246 0.4829
vt 0.8246 0.5371
vt 0.8588 0.5462
vt 0.8592 0.5789
vt 0.8246 0.5789
vt 0.8707 0.5468
vt 0.8820 0.5468
vt 0.8707 0.5781
vt 0.8820 0.5781
vt 0.0234 0.5586
vt 0.0159 0.5965
vt 0.0255 0.6048
vt 0.0348 0.6002
vt 0.0091 0.5545
vt 0.0190 0.5373
vt 0.0368 0.5518
vt 0.0137 0.5368
vt 0.0348 0.6002
vt 0.0242 0.5356
vt 0.0368 0.5518
vt 0.0329 0.5811
vt 0.0227 0.5828
vt 0.0268 0.5787
vt 0.0386 0.5683
vt 0.0257 0.5689
vt 0.0127 0.5716
vt 0.0267 0.5383
vt 0.0160 0.5363
vt 0.0324 0.5347
vt 0.0127 0.5716
vt 0.0160 0.5363
vt 0.8246 0.5789
vt 0.8592 0.5789
vt 0.8246 0.5371
vt 0.8588 0.5462
vt 0.8708 0.5273
vt 0.8708 0.4829
vt 0.8246 0.4829
vt 0.8707 0.4704
vt 0.8246 0.4829
vt 0.8707 0.5273
vt 0.8707 0.4830
vt 0.8820 0.5271
vt 0.8820 0.4830
vt 0.8246 0.4829
vt 0.8246 0.5371
vt 0.8588 0.5462
vt 0.8592 0.5789
vt 0.8246 0.5789
vt 0.8707 0.5468
vt 0.8820 0.5468
vt 0.8707 0.5781
vt 0.8820 0.5781
vt 0.0159 0.5965
vt 0.0234 0.5586
vt 0.0255 0.6048
vt 0.0348 0.6002
vt 0.0091 0.5545
vt 0.0190 0.5373
vt 0.0368 0.5518
vt 0.0137 0.5368
vt 0.0348 0.6002
vt 0.0242 0.5356
vt 0.0368 0.5518
vt 0.0329 0.5811
vt 0.0227 0.5828
vt 0.0268 0.5787
vt 0.0386 0.5683
vt 0.0257 0.5689
vt 0.0127 0.5716
vt 0.0267 0.5383
vt 0.0160 0.5363
vt 0.0324 0.5347
vt 0.0160 0.5363
vt 0.0127 0.5716
vt 0.4141 0.6590
vt 0.4253 0.6760
vt 0.3869 0.6735
vt 0.3947 0.6815
vt 0.3844 0.6871
vt 0.3772 0.6806
vt 0.3796 0.6927
vt 0.3876 0.7000
vt 0.3813 0.6999
vt 0.3995 0.6997
vt 0.4300 0.6994
vt 0.3957 0.7183
vt 0.3850 0.7127
vt 0.3789 0.7191
vt 0.3891 0.7261
vt 0.4256 0.7234
vt 0.4160 0.7391
vt 0.4259 0.6530
vt 0.4087 0.7497
vt 0.4196 0.7546
vt 0.4257 0.7432
vt 0.4534 0.7258
vt 0.3819 0.7341
vt 0.3718 0.7253
vt 0.3633 0.7096
vt 0.3725 0.7076
vt 0.3800 0.7068
vt 0.3622 0.6929
vt 0.3718 0.6921
vt 0.3678 0.6777
vt 0.3785 0.6669
vt 0.4056 0.6476
vt 0.3761 0.6996
vt 0.4176 0.6410
vt 0.4296 0.6344
vt 0.4367 0.6475
vt 0.4534 0.6406
vt 0.4491 0.6284
vt 0.4534 0.6517
vt 0.4534 0.6709
vt 0.4534 0.6994
vt 0.4534 0.7443
vt 0.4385 0.7486
vt 0.4534 0.7558
vt 0.4471 0.7676
vt 0.4305 0.7594
vt 0.7749 0.5816
vt 0.7796 0.5732
vt 0.7915 0.5928
vt 0.7969 0.5848
vt 0.7886 0.5977
vt 0.7714 0.5861
vt 0.7671 0.5905
vt 0.7861 0.6029
vt 0.7633 0.5982
vt 0.7796 0.6093
vt 0.7682 0.6087
vt 0.7830 0.5688
vt 0.8000 0.5803
vt 0.7864 0.5643
vt 0.8032 0.5757
vt 0.7952 0.5536
vt 0.8110 0.5643
vt 0.8125 0.5593
vt 0.7998 0.5507
vt 0.8109 0.5542
vt 0.8052 0.5503
vt 0.5347 0.7903
vt 0.5000 0.7993
vt 0.5122 0.7678
vt 0.5288 0.8052
vt 0.5282 0.8248
vt 0.5012 0.8412
vt 0.5443 0.7672
vt 0.5324 0.7443
vt 0.5542 0.7928
vt 0.5597 0.7738
vt 0.5328 0.8479
vt 0.5494 0.8250
vt 0.5520 0.8418
vt 0.5165 0.8662
vt 0.5512 0.8074
vt 0.5767 0.8109
vt 0.5795 0.7995
vt 0.5767 0.8249
vt 0.5832 0.8471
vt 0.5576 0.8480
vt 0.5891 0.7782
vt 0.5642 0.7663
vt 0.4801 0.6635
vt 0.5004 0.6666
vt 0.4814 0.6790
vt 0.5074 0.6824
vt 0.4637 0.6793
vt 0.4958 0.7176
vt 0.4637 0.7122
vt 0.4949 0.7315
vt 0.5194 0.7136
vt 0.5260 0.7327
vt 0.4637 0.7285
vt 0.4637 0.6647
vt 0.4637 0.6561
vt 0.4779 0.6573
vt 0.4950 0.7425
vt 0.5216 0.7473
vt 0.5031 0.7710
vt 0.4824 0.7718
vt 0.4637 0.7428
vt 0.4637 0.7721
vt 0.4811 0.7857
vt 0.4637 0.7865
vt 0.4637 0.7931
vt 0.4797 0.7912
vt 0.4942 0.7834
vt 0.7730 0.5026
vt 0.7751 0.4928
vt 0.7980 0.5078
vt 0.7999 0.4988
vt 0.7974 0.5123
vt 0.7716 0.5070
vt 0.7758 0.4877
vt 0.8016 0.4929
vt 0.7771 0.4788
vt 0.8035 0.4854
vt 0.8015 0.4697
vt 0.7951 0.4660
vt 0.7883 0.4654
vt 0.7974 0.5173
vt 0.7699 0.5116
vt 0.7952 0.5264
vt 0.7686 0.5207
vt 0.7732 0.5384
vt 0.7893 0.5397
vt 0.7812 0.5390
vt 0.7442 0.3275
vt 0.7272 0.3300
vt 0.7433 0.3471
vt 0.7269 0.3437
vt 0.7570 0.3508
vt 0.7246 0.3126
vt 0.7420 0.3008
vt 0.7542 0.2936
vt 0.7577 0.3276
vt 0.7570 0.3508
vt 0.7542 0.2936
vt 0.7441 0.3058
vt 0.7264 0.3172
vt 0.7577 0.3276
vt 0.7442 0.3275
vt 0.7570 0.3508
vt 0.7272 0.3300
vt 0.7562 0.3155
vt 0.3947 0.6815
vt 0.4253 0.6760
vt 0.3869 0.6735
vt 0.4141 0.6590
vt 0.3844 0.6871
vt 0.3772 0.6806
vt 0.3796 0.6927
vt 0.3876 0.7000
vt 0.3813 0.6999
vt 0.3995 0.6997
vt 0.4300 0.6994
vt 0.3957 0.7183
vt 0.3850 0.7127
vt 0.3789 0.7191
vt 0.3891 0.7261
vt 0.4256 0.7234
vt 0.4160 0.7391
vt 0.4259 0.6530
vt 0.4087 0.7497
vt 0.4196 0.7546
vt 0.4257 0.7432
vt 0.4534 0.7258
vt 0.3819 0.7341
vt 0.3718 0.7253
vt 0.3633 0.7096
vt 0.3725 0.7076
vt 0.3800 0.7068
vt 0.3622 0.6929
vt 0.3718 0.6921
vt 0.3678 0.6777
vt 0.3785 0.6669
vt 0.4056 0.6476
vt 0.3761 0.6996
vt 0.4176 0.6410
vt 0.4296 0.6344
vt 0.4367 0.6475
vt 0.4534 0.6406
vt 0.4491 0.6284
vt 0.4534 0.6517
vt 0.4534 0.6709
vt 0.4534 0.6994
vt 0.4385 0.7486
vt 0.4534 0.7443
vt 0.4534 0.7558
vt 0.4471 0.7676
vt 0.4305 0.7594
vt 0.7969 0.5848
vt 0.7796 0.5732
vt 0.7915 0.5928
vt 0.7749 0.5816
vt 0.7886 0.5977
vt 0.7714 0.5861
vt 0.7671 0.5905
vt 0.7861 0.6029
vt 0.7633 0.5982
vt 0.7796 0.6093
vt 0.7682 0.6087
vt 0.7830 0.5688
vt 0.8000 0.5803
vt 0.7864 0.5643
vt 0.8032 0.5757
vt 0.7952 0.5536
vt 0.8110 0.5643
vt 0.8125 0.5593
vt 0.7998 0.5507
vt 0.8109 0.5542
vt 0.8052 0.5503
vt 0.5347 0.7903
vt 0.5122 0.7678
vt 0.5000 0.7993
vt 0.5288 0.8052
vt 0.5282 0.8248
vt 0.5012 0.8412
vt 0.5443 0.7672
vt 0.5324 0.7443
vt 0.5542 0.7928
vt 0.5597 0.7738
vt 0.5328 0.8479
vt 0.5494 0.8250
vt 0.5520 0.8418
vt 0.5165 0.8662
vt 0.5512 0.8074
vt 0.5767 0.8109
vt 0.5795 0.7995
vt 0.5767 0.8249
vt 0.5832 0.8471
vt 0.5576 0.8480
vt 0.5891 0.7782
vt 0.5642 0.7663
vt 0.5074 0.6824
vt 0.5004 0.6666
vt 0.4814 0.6790
vt 0.4801 0.6635
vt 0.4637 0.6793
vt 0.4958 0.7176
vt 0.4637 0.7122
vt 0.4949 0.7315
vt 0.5194 0.7136
vt 0.5260 0.7327
vt 0.4637 0.7285
vt 0.4637 0.6647
vt 0.4637 0.6561
vt 0.4779 0.6573
vt 0.4950 0.7425
vt 0.5216 0.7473
vt 0.5031 0.7710
vt 0.4824 0.7718
vt 0.4637 0.7428
vt 0.4637 0.7721
vt 0.4811 0.7857
vt 0.4637 0.7865
vt 0.4637 0.7931
vt 0.4797 0.7912
vt 0.4942 0.7834
vt 0.7999 0.4988
vt 0.7751 0.4928
vt 0.7980 0.5078
vt 0.7730 0.5026
vt 0.7974 0.5123
vt 0.7716 0.5070
vt 0.7758 0.4877
vt 0.8016 0.4929
vt 0.7771 0.4788
vt 0.8035 0.4854
vt 0.8015 0.4697
vt 0.7951 0.4660
vt 0.7883 0.4654
vt 0.7974 0.5173
vt 0.7699 0.5116
vt 0.7952 0.5264
vt 0.7686 0.5207
vt 0.7732 0.5384
vt 0.7893 0.5397
vt 0.7812 0.5390
vt 0.7269 0.3437
vt 0.7272 0.3300
vt 0.7433 0.3471
vt 0.7442 0.3275
vt 0.7570 0.3508
vt 0.7246 0.3126
vt 0.7420 0.3008
vt 0.7542 0.2936
vt 0.7577 0.3276
vt 0.7570 0.3508
vt 0.7542 0.2936
vt 0.7441 0.3058
vt 0.7264 0.3172
vt 0.7577 0.3276
vt 0.7442 0.3275
vt 0.7570 0.3508
vt 0.7272 0.3300
vt 0.7562 0.3155
vt 0.8922 0.2164
vt 0.8928 0.2437
vt 0.9219 0.2164
vt 0.9216 0.2485
vt 0.8931 0.2063
vt 0.8582 0.2063
vt 0.8578 0.2164
vt 0.9219 0.2063
vt 0.8238 0.2063
vt 0.8230 0.2294
vt 0.8594 0.2382
vt 0.8597 0.2947
vt 0.8233 0.2861
vt 0.8244 0.3093
vt 0.7966 0.2831
vt 0.7968 0.3051
vt 0.7706 0.2853
vt 0.7706 0.3042
vt 0.8604 0.3163
vt 0.7973 0.2347
vt 0.8019 0.2063
vt 0.7707 0.2164
vt 0.7707 0.2431
vt 0.8941 0.2968
vt 0.8947 0.3166
vt 0.9219 0.3117
vt 0.9218 0.2931
vt 0.7707 0.2063
vt 0.7969 0.3270
vt 0.7707 0.3231
vt 0.7927 0.3555
vt 0.7705 0.3568
vt 0.7695 0.3819
vt 0.7779 0.3789
vt 0.8261 0.3577
vt 0.8242 0.3784
vt 0.8441 0.3701
vt 0.8294 0.3821
vt 0.8210 0.3935
vt 0.7763 0.4213
vt 0.8622 0.3576
vt 0.8666 0.3789
vt 0.9088 0.3789
vt 0.8996 0.3555
vt 0.9239 0.3818
vt 0.9220 0.3549
vt 0.9147 0.4100
vt 0.8729 0.4051
vt 0.9054 0.4409
vt 0.8654 0.4360
vt 0.8803 0.4607
vt 0.8482 0.4447
vt 0.8465 0.4283
vt 0.8272 0.4343
vt 0.8247 0.4655
vt 0.7954 0.4499
vt 0.8245 0.4110
vt 0.8662 0.4092
vt 0.8650 0.3933
vt 0.8575 0.3822
vt 0.5963 0.3447
vt 0.5799 0.3457
vt 0.5879 0.3366
vt 0.5884 0.3671
vt 0.6050 0.3628
vt 0.6029 0.3794
vt 0.5884 0.3883
vt 0.5737 0.3800
vt 0.5708 0.3619
vt 0.6084 0.3597
vt 0.6068 0.3808
vt 0.5891 0.3926
vt 0.5708 0.3821
vt 0.5664 0.3619
vt 0.5756 0.3442
vt 0.5887 0.3321
vt 0.5991 0.3420
vt 0.9386 0.2653
vt 0.9834 0.2364
vt 0.9319 0.2586
vt 0.9811 0.2311
vt 0.9322 0.2465
vt 0.9807 0.2296
vt 0.9789 0.2138
vt 0.9324 0.2349
vt 0.9306 0.2279
vt 0.9620 0.2100
vt 0.9871 0.2452
vt 0.9403 0.2702
vt 0.9918 0.2579
vt 0.9938 0.2757
vt 0.9403 0.2774
vt 0.9391 0.2832
vt 0.9764 0.2850
vt 0.8254 0.3325
vt 0.8611 0.3378
vt 0.8954 0.3364
vt 0.9219 0.3303
vt 0.9216 0.2485
vt 0.8928 0.2437
vt 0.9219 0.2164
vt 0.8922 0.2164
vt 0.8931 0.2063
vt 0.8582 0.2063
vt 0.8578 0.2164
vt 0.9219 0.2063
vt 0.8238 0.2063
vt 0.8230 0.2294
vt 0.8594 0.2382
vt 0.8597 0.2947
vt 0.8233 0.2861
vt 0.8244 0.3093
vt 0.7966 0.2831
vt 0.7968 0.3051
vt 0.7706 0.2853
vt 0.7706 0.3042
vt 0.8604 0.3163
vt 0.7973 0.2347
vt 0.8019 0.2063
vt 0.7707 0.2164
vt 0.7707 0.2431
vt 0.8941 0.2968
vt 0.8947 0.3166
vt 0.9219 0.3117
vt 0.9218 0.2931
vt 0.7707 0.2063
vt 0.7969 0.3270
vt 0.7707 0.3231
vt 0.7927 0.3555
vt 0.7705 0.3568
vt 0.7695 0.3819
vt 0.7779 0.3789
vt 0.8261 0.3577
vt 0.8242 0.3784
vt 0.8441 0.3701
vt 0.8294 0.3821
vt 0.8210 0.3935
vt 0.7763 0.4213
vt 0.8622 0.3576
vt 0.8666 0.3789
vt 0.9088 0.3789
vt 0.8996 0.3555
vt 0.9239 0.3818
vt 0.9220 0.3549
vt 0.9147 0.4100
vt 0.8729 0.4051
vt 0.9054 0.4409
vt 0.8654 0.4360
vt 0.8803 0.4607
vt 0.8482 0.4447
vt 0.8465 0.4283
vt 0.8272 0.4343
vt 0.8247 0.4655
vt 0.7954 0.4499
vt 0.8245 0.4110
vt 0.8662 0.4092
vt 0.8650 0.3933
vt 0.8575 0.3822
vt 0.5799 0.3457
vt 0.5963 0.3447
vt 0.5879 0.3366
vt 0.5884 0.3671
vt 0.6050 0.3628
vt 0.6029 0.3794
vt 0.5884 0.3883
vt 0.5737 0.3800
vt 0.5708 0.3619
vt 0.6084 0.3597
vt 0.6068 0.3808
vt 0.5891 0.3926
vt 0.5708 0.3821
vt 0.5664 0.3619
vt 0.5756 0.3442
vt 0.5887 0.3321
vt 0.5991 0.3420
vt 0.9834 0.2364
vt 0.9386 0.2653
vt 0.9319 0.2586
vt 0.9811 0.2311
vt 0.9322 0.2465
vt 0.9807 0.2296
vt 0.9789 0.2138
vt 0.9324 0.2349
vt 0.9306 0.2279
vt 0.9620 0.2100
vt 0.9871 0.2452
vt 0.9403 0.2702
vt 0.9918 0.2579
vt 0.9938 0.2757
vt 0.9403 0.2774
vt 0.9391 0.2832
vt 0.9764 0.2850
vt 0.8254 0.3325
vt 0.8611 0.3378
vt 0.8954 0.3364
vt 0.9219 0.3303
vt 0.7207 0.2498
vt 0.7198 0.2900
vt 0.7076 0.2510
vt 0.7155 0.2954
vt 0.6854 0.2618
vt 0.7018 0.1866
vt 0.7280 0.1928
vt 0.6997 0.1567
vt 0.6699 0.1585
vt 0.6986 0.1264
vt 0.6670 0.1240
vt 0.7289 0.1531
vt 0.7291 0.1201
vt 0.6747 0.1912
vt 0.6728 0.2332
vt 0.6233 0.2282
vt 0.6235 0.2713
vt 0.6556 0.2783
vt 0.6587 0.2817
vt 0.6262 0.2993
vt 0.6008 0.2785
vt 0.5992 0.2248
vt 0.6016 0.3039
vt 0.6000 0.3314
vt 0.5865 0.3237
vt 0.5746 0.2789
vt 0.5704 0.3144
vt 0.5748 0.2234
vt 0.5491 0.2691
vt 0.5532 0.2163
vt 0.5578 0.3091
vt 0.5764 0.2060
vt 0.5221 0.2521
vt 0.5221 0.2941
vt 0.5443 0.3033
vt 0.5221 0.2081
vt 0.5623 0.1665
vt 0.5222 0.1595
vt 0.5818 0.1640
vt 0.5992 0.1720
vt 0.5520 0.1413
vt 0.5525 0.1124
vt 0.5361 0.1093
vt 0.5507 0.0659
vt 0.5793 0.0656
vt 0.5825 0.1194
vt 0.6049 0.0623
vt 0.6062 0.1182
vt 0.5509 0.0321
vt 0.6091 0.1543
vt 0.6318 0.1248
vt 0.5221 0.1131
vt 0.6318 0.0949
vt 0.6208 0.0627
vt 0.6712 0.0715
vt 0.6290 0.1797
vt 0.6302 0.0630
vt 0.6589 0.0208
vt 0.6307 0.0314
vt 0.6040 0.0394
vt 0.5726 0.0466
vt 0.5331 0.0228
vt 0.5226 0.0373
vt 0.5221 0.0620
vt 0.5221 0.0834
vt 0.6403 0.3464
vt 0.6800 0.3387
vt 0.6408 0.3506
vt 0.6812 0.3429
vt 0.7019 0.3209
vt 0.7008 0.3179
vt 0.6112 0.3383
vt 0.6279 0.3064
vt 0.6000 0.3314
vt 0.6340 0.3001
vt 0.6143 0.3507
vt 0.5996 0.9086
vt 0.5892 0.8986
vt 0.6087 0.8818
vt 0.6161 0.9155
vt 0.6319 0.9059
vt 0.6412 0.8875
vt 0.5863 0.8958
vt 0.5994 0.8619
vt 0.5929 0.8789
vt 0.6168 0.8630
vt 0.6258 0.8635
vt 0.6343 0.8640
vt 0.6380 0.8767
vt 0.6343 0.8640
vt 0.7575 0.0692
vt 0.7258 0.0709
vt 0.7464 0.0534
vt 0.7570 0.0468
vt 0.7575 0.0882
vt 0.7575 0.1147
vt 0.7567 0.1560
vt 0.7575 0.1945
vt 0.7340 0.2440
vt 0.7386 0.2793
vt 0.7575 0.2685
vt 0.7575 0.2287
vt 0.7258 0.0709
vt 0.6965 0.0912
vt 0.6965 0.0912
vt 0.6712 0.0715
vt 0.9632 0.4278
vt 0.9713 0.4288
vt 0.9670 0.4392
vt 0.9852 0.4239
vt 0.9713 0.4288
vt 0.9795 0.4201
vt 0.9891 0.4265
vt 0.9713 0.4288
vt 0.9761 0.4384
vt 0.9835 0.4359
vt 0.9713 0.4288
vt 0.9872 0.4281
vt 0.9713 0.4288
vt 0.9848 0.4346
vt 0.9670 0.4392
vt 0.9713 0.4288
vt 0.9761 0.4384
vt 0.9702 0.4124
vt 0.9713 0.4288
vt 0.9620 0.4111
vt 0.9713 0.4288
vt 0.9632 0.4278
vt 0.9713 0.4288
vt 0.9795 0.4201
vt 0.9748 0.4161
vt 0.9795 0.4201
vt 0.9702 0.4124
vt 0.5704 0.3144
vt 0.7590 0.0508
vt 0.7402 0.0464
vt 0.7416 0.0604
vt 0.7335 0.0526
vt 0.7481 0.0493
vt 0.7198 0.2900
vt 0.7207 0.2498
vt 0.7076 0.2510
vt 0.7155 0.2954
vt 0.6854 0.2618
vt 0.7018 0.1866
vt 0.7280 0.1928
vt 0.6997 0.1567
vt 0.6699 0.1585
vt 0.6986 0.1264
vt 0.6670 0.1240
vt 0.7289 0.1531
vt 0.7291 0.1201
vt 0.6747 0.1912
vt 0.6728 0.2332
vt 0.6233 0.2282
vt 0.6235 0.2713
vt 0.6556 0.2783
vt 0.6587 0.2817
vt 0.6262 0.2993
vt 0.6008 0.2785
vt 0.5992 0.2248
vt 0.6016 0.3039
vt 0.6000 0.3314
vt 0.5865 0.3237
vt 0.5746 0.2789
vt 0.5704 0.3144
vt 0.5748 0.2234
vt 0.5491 0.2691
vt 0.5532 0.2163
vt 0.5578 0.3091
vt 0.5764 0.2060
vt 0.5221 0.2521
vt 0.5221 0.2941
vt 0.5443 0.3033
vt 0.5221 0.2081
vt 0.5623 0.1665
vt 0.5222 0.1595
vt 0.5818 0.1640
vt 0.5992 0.1720
vt 0.5520 0.1413
vt 0.5525 0.1124
vt 0.5361 0.1093
vt 0.5507 0.0659
vt 0.5793 0.0656
vt 0.5825 0.1194
vt 0.6049 0.0623
vt 0.6062 0.1182
vt 0.5509 0.0321
vt 0.6091 0.1543
vt 0.6318 0.1248
vt 0.5221 0.1131
vt 0.6318 0.0949
vt 0.6208 0.0627
vt 0.6712 0.0715
vt 0.6290 0.1797
vt 0.6302 0.0630
vt 0.6307 0.0314
vt 0.6589 0.0208
vt 0.6040 0.0394
vt 0.5726 0.0466
vt 0.5331 0.0228
vt 0.5226 0.0373
vt 0.5221 0.0620
vt 0.5221 0.0834
vt 0.6812 0.3429
vt 0.6800 0.3387
vt 0.6408 0.3506
vt 0.6403 0.3464
vt 0.7019 0.3209
vt 0.7008 0.3179
vt 0.6112 0.3383
vt 0.6279 0.3064
vt 0.6000 0.3314
vt 0.6340 0.3001
vt 0.6143 0.3507
vt 0.5892 0.8986
vt 0.5996 0.9086
vt 0.6087 0.8818
vt 0.6161 0.9155
vt 0.6319 0.9059
vt 0.6412 0.8875
vt 0.5863 0.8958
vt 0.5994 0.8619
vt 0.5929 0.8789
vt 0.6168 0.8630
vt 0.6258 0.8635
vt 0.6343 0.8640
vt 0.6380 0.8767
vt 0.6343 0.8640
vt 0.7258 0.0709
vt 0.7575 0.0692
vt 0.7464 0.0534
vt 0.7570 0.0468
vt 0.7575 0.0882
vt 0.7575 0.1147
vt 0.7567 0.1560
vt 0.7575 0.1945
vt 0.7340 0.2440
vt 0.7386 0.2793
vt 0.7575 0.2685
vt 0.7575 0.2287
vt 0.6965 0.0912
vt 0.7258 0.0709
vt 0.6965 0.0912
vt 0.6712 0.0715
vt 0.9713 0.4288
vt 0.9632 0.4278
vt 0.9670 0.4392
vt 0.9713 0.4288
vt 0.9852 0.4239
vt 0.9795 0.4201
vt 0.9713 0.4288
vt 0.9891 0.4265
vt 0.9761 0.4384
vt 0.9835 0.4359
vt 0.9713 0.4288
vt 0.9872 0.4281
vt 0.9713 0.4288
vt 0.9848 0.4346
vt 0.9713 0.4288
vt 0.9670 0.4392
vt 0.9761 0.4384
vt 0.9713 0.4288
vt 0.9702 0.4124
vt 0.9620 0.4111
vt 0.9713 0.4288
vt 0.9632 0.4278
vt 0.9713 0.4288
vt 0.9795 0.4201
vt 0.9748 0.4161
vt 0.9702 0.4124
vt 0.9795 0.4201
vt 0.5704 0.3144
vt 0.7402 0.0464
vt 0.7590 0.0508
vt 0.7416 0.0604
vt 0.7335 0.0526
vt 0.7481 0.0493
vt 0.6968 0.0444
vt 0.6711 0.0337
vt 0.7008 0.0260
vt 0.7342 0.0388
vt 0.7600 0.0267
vt 0.6689 0.0253
vt 0.7008 0.0260
vt 0.6719 0.0166
vt 0.6989 0.0071
vt 0.7008 0.0260
vt 0.7359 0.0151
vt 0.7600 0.0267
vt 0.8166 0.9452
vt 0.8275 0.9609
vt 0.8162 0.9615
vt 0.7808 0.9452
vt 0.7888 0.9247
vt 0.8178 0.9288
vt 0.7681 0.9263
vt 0.7815 0.9604
vt 0.8160 0.9736
vt 0.7841 0.9756
vt 0.7626 0.9729
vt 0.7377 0.9439
vt 0.7369 0.9558
vt 0.6926 0.9458
vt 0.6925 0.9564
vt 0.6671 0.9576
vt 0.6678 0.9463
vt 0.6850 0.9693
vt 0.6674 0.9714
vt 0.6429 0.9550
vt 0.6546 0.9399
vt 0.6691 0.9334
vt 0.7387 0.9285
vt 0.6919 0.9315
vt 0.6912 0.9176
vt 0.6663 0.9208
vt 0.6541 0.9309
vt 0.7375 0.9135
vt 0.6904 0.9077
vt 0.7363 0.9018
vt 0.7855 0.8911
vt 0.7810 0.9066
vt 0.8151 0.8868
vt 0.8168 0.9001
vt 0.8120 0.8742
vt 0.7839 0.8756
vt 0.7594 0.8805
vt 0.7332 0.8892
vt 0.6926 0.8955
vt 0.7898 0.9241
vt 0.8389 0.8983
vt 0.8299 0.8790
vt 0.8103 0.8515
vt 0.8306 0.8577
vt 0.7796 0.8536
vt 0.7530 0.8632
vt 0.7291 0.8763
vt 0.6965 0.8826
vt 0.6823 0.8844
vt 0.6851 0.8760
vt 0.6624 0.8825
vt 0.6638 0.8965
vt 0.6742 0.8976
vt 0.6622 0.8721
vt 0.6653 0.9088
vt 0.6431 0.9011
vt 0.6341 0.9147
vt 0.6414 0.9246
vt 0.6602 0.8890
vt 0.8184 0.9890
vt 0.8371 0.9777
vt 0.7889 0.9946
vt 0.7624 0.9872
vt 0.7376 0.9768
vt 0.7375 0.9654
vt 0.6984 0.9675
vt 0.7044 0.9771
vt 0.6895 0.9792
vt 0.6948 0.9863
vt 0.6729 0.9947
vt 0.6695 0.9851
vt 0.6655 0.9797
vt 0.6517 0.9734
vt 0.4660 0.6308
vt 0.4669 0.6389
vt 0.4786 0.6323
vt 0.4771 0.6439
vt 0.4669 0.6389
vt 0.4660 0.6308
vt 0.4581 0.6084
vt 0.4581 0.6084
vt 0.4898 0.0174
vt 0.4941 0.0332
vt 0.4788 0.0338
vt 0.5024 0.0148
vt 0.4898 0.0174
vt 0.5112 0.0274
vt 0.5085 0.0459
vt 0.4840 0.0523
vt 0.4788 0.0338
vt 0.8366 0.9604
vt 0.8398 0.9371
vt 0.8366 0.9604
vt 0.8343 0.9279
vt 0.8498 0.9196
vt 0.8358 0.9200
vt 0.8346 0.9124
vt 0.8398 0.9371
vt 0.8176 0.9176
vt 0.8389 0.8983
vt 0.6711 0.0337
vt 0.6968 0.0444
vt 0.7008 0.0260
vt 0.7342 0.0388
vt 0.7600 0.0267
vt 0.6689 0.0253
vt 0.7008 0.0260
vt 0.6719 0.0166
vt 0.6989 0.0071
vt 0.7008 0.0260
vt 0.7359 0.0151
vt 0.7600 0.0267
vt 0.8275 0.9609
vt 0.8166 0.9452
vt 0.8162 0.9615
vt 0.7808 0.9452
vt 0.7888 0.9247
vt 0.8178 0.9288
vt 0.7681 0.9263
vt 0.7815 0.9604
vt 0.8160 0.9736
vt 0.7841 0.9756
vt 0.7626 0.9729
vt 0.7377 0.9439
vt 0.7369 0.9558
vt 0.6926 0.9458
vt 0.6925 0.9564
vt 0.6671 0.9576
vt 0.6678 0.9463
vt 0.6850 0.9693
vt 0.6674 0.9714
vt 0.6429 0.9550
vt 0.6546 0.9399
vt 0.6691 0.9334
vt 0.7387 0.9285
vt 0.6919 0.9315
vt 0.6912 0.9176
vt 0.6663 0.9208
vt 0.6541 0.9309
vt 0.7375 0.9135
vt 0.6904 0.9077
vt 0.7363 0.9018
vt 0.7855 0.8911
vt 0.7810 0.9066
vt 0.8151 0.8868
vt 0.8168 0.9001
vt 0.8120 0.8742
vt 0.7839 0.8756
vt 0.7594 0.8805
vt 0.7332 0.8892
vt 0.6926 0.8955
vt 0.7898 0.9241
vt 0.8389 0.8983
vt 0.8299 0.8790
vt 0.8103 0.8515
vt 0.8306 0.8577
vt 0.7796 0.8536
vt 0.7530 0.8632
vt 0.7291 0.8763
vt 0.6965 0.8826
vt 0.6823 0.8844
vt 0.6851 0.8760
vt 0.6624 0.8825
vt 0.6638 0.8965
vt 0.6742 0.8976
vt 0.6622 0.8721
vt 0.6653 0.9088
vt 0.6431 0.9011
vt 0.6341 0.9147
vt 0.6414 0.9246
vt 0.6602 0.8890
vt 0.8184 0.9890
vt 0.8371 0.9777
vt 0.7889 0.9946
vt 0.7624 0.9872
vt 0.7376 0.9768
vt 0.7375 0.9654
vt 0.6984 0.9675
vt 0.7044 0.9771
vt 0.6895 0.9792
vt 0.6948 0.9863
vt 0.6729 0.9947
vt 0.6695 0.9851
vt 0.6655 0.9797
vt 0.6517 0.9734
vt 0.4771 0.6439
vt 0.4669 0.6389
vt 0.4786 0.6323
vt 0.4660 0.6308
vt 0.4669 0.6389
vt 0.4660 0.6308
vt 0.4581 0.6084
vt 0.4581 0.6084
vt 0.4941 0.0332
vt 0.4898 0.0174
vt 0.4788 0.0338
vt 0.5024 0.0148
vt 0.4898 0.0174
vt 0.5112 0.0274
vt 0.5085 0.0459
vt 0.4840 0.0523
vt 0.4788 0.0338
vt 0.8366 0.9604
vt 0.8398 0.9371
vt 0.8366 0.9604
vt 0.8343 0.9279
vt 0.8498 0.9196
vt 0.8358 0.9200
vt 0.8346 0.9124
vt 0.8398 0.9371
vt 0.8389 0.8983
vt 0.8176 0.9176
vt 0.8337 0.7051
vt 0.8366 0.7145
vt 0.8078 0.7574
vt 0.8074 0.7108
vt 0.8337 0.7051
vt 0.8424 0.7197
vt 0.8417 0.7076
vt 0.8076 0.7622
vt 0.8078 0.7574
vt 0.8312 0.6981
vt 0.8110 0.7003
vt 0.8074 0.7108
vt 0.8337 0.7051
vt 0.8078 0.7574
vt 0.7974 0.7154
vt 0.8076 0.7622
vt 0.8078 0.7574
vt 0.6006 0.6383
vt 0.6044 0.6104
vt 0.6109 0.6273
vt 0.6143 0.6561
vt 0.6214 0.6547
vt 0.6180 0.6253
vt 0.6241 0.6679
vt 0.6176 0.6687
vt 0.5934 0.6703
vt 0.5887 0.6831
vt 0.6129 0.6874
vt 0.6173 0.6883
vt 0.6044 0.6104
vt 0.6120 0.6080
vt 0.5840 0.6959
vt 0.6083 0.7062
vt 0.5841 0.7016
vt 0.6106 0.7086
vt 0.6176 0.6687
vt 0.6143 0.6561
vt 0.6129 0.6874
vt 0.6083 0.7062
vt 0.6106 0.7086
vt 0.6241 0.6679
vt 0.6214 0.6547
vt 0.6109 0.6273
vt 0.6180 0.6253
vt 0.6173 0.6883
vt 0.6044 0.6104
vt 0.6120 0.6080
vt 0.9764 0.3206
vt 0.9759 0.3461
vt 0.9585 0.3194
vt 0.9777 0.2964
vt 0.9773 0.2982
vt 0.9491 0.3134
vt 0.9433 0.3426
vt 0.9759 0.3461
vt 0.9791 0.3572
vt 0.9470 0.3661
vt 0.9668 0.3745
vt 0.9318 0.3407
vt 0.9322 0.3490
vt 0.9385 0.3723
vt 0.9612 0.3852
vt 0.9835 0.3849
vt 0.9862 0.3884
vt 0.9835 0.3849
vt 0.9835 0.3849
vt 0.9791 0.3572
vt 0.9862 0.3884
vt 0.9848 0.3683
vt 0.9791 0.3572
vt 0.9759 0.3461
vt 0.9852 0.3563
vt 0.9759 0.3461
vt 0.9764 0.3206
vt 0.9861 0.3299
vt 0.9773 0.2982
vt 0.9777 0.2964
vt 0.3340 0.5272
vt 0.3269 0.5058
vt 0.3556 0.5170
vt 0.3001 0.4988
vt 0.3054 0.5127
vt 0.3542 0.5429
vt 0.3005 0.4823
vt 0.3280 0.4899
vt 0.3505 0.5614
vt 0.3225 0.5428
vt 0.2986 0.5211
vt 0.4096 0.5390
vt 0.4108 0.5592
vt 0.3578 0.5039
vt 0.4221 0.5252
vt 0.4784 0.5446
vt 0.4860 0.5369
vt 0.4945 0.5350
vt 0.4855 0.5578
vt 0.4260 0.5120
vt 0.3225 0.5428
vt 0.3269 0.5058
vt 0.3340 0.5272
vt 0.3556 0.5170
vt 0.3542 0.5429
vt 0.3505 0.5614
vt 0.4096 0.5390
vt 0.4108 0.5592
vt 0.3280 0.4899
vt 0.3578 0.5039
vt 0.4221 0.5252
vt 0.4784 0.5446
vt 0.4860 0.5369
vt 0.4945 0.5350
vt 0.4855 0.5578
vt 0.4260 0.5120
vt 0.7263 0.7253
vt 0.7226 0.7420
vt 0.6659 0.7338
vt 0.6610 0.7520
vt 0.7799 0.7539
vt 0.7418 0.7583
vt 0.7830 0.7616
vt 0.7492 0.7763
vt 0.7885 0.7838
vt 0.7563 0.8153
vt 0.7909 0.8134
vt 0.7959 0.8258
vt 0.8097 0.8339
vt 0.8003 0.7824
vt 0.7555 0.8474
vt 0.7431 0.8352
vt 0.7898 0.7406
vt 0.7351 0.8028
vt 0.7027 0.7938
vt 0.7211 0.7720
vt 0.7012 0.7812
vt 0.6206 0.7974
vt 0.6315 0.8347
vt 0.6957 0.8461
vt 0.7048 0.8627
vt 0.6405 0.8582
vt 0.6106 0.7652
vt 0.6320 0.7400
vt 0.6364 0.7260
vt 0.6030 0.7160
vt 0.5976 0.7307
vt 0.6320 0.7400
vt 0.6364 0.7260
vt 0.7048 0.8627
vt 0.6957 0.8461
vt 0.6610 0.7520
vt 0.6659 0.7338
vt 0.7226 0.7420
vt 0.7263 0.7253
vt 0.7799 0.7539
vt 0.7418 0.7583
vt 0.7830 0.7616
vt 0.7492 0.7763
vt 0.7885 0.7838
vt 0.7563 0.8153
vt 0.7909 0.8134
vt 0.7959 0.8258
vt 0.8097 0.8339
vt 0.8003 0.7824
vt 0.7555 0.8474
vt 0.7431 0.8352
vt 0.7898 0.7406
vt 0.7351 0.8028
vt 0.7027 0.7938
vt 0.7211 0.7720
vt 0.7012 0.7812
vt 0.1328 0.2613
vt 0.1857 0.2904
vt 0.1439 0.2553
vt 0.1868 0.2457
vt 0.2704 0.2777
vt 0.2709 0.2359
vt 0.3090 0.2213
vt 0.3595 0.2585
vt 0.1313 0.2796
vt 0.1426 0.2862
vt 0.3996 0.2347
vt 0.3280 0.2141
vt 0.3471 0.2067
vt 0.4398 0.2109
vt 0.4197 0.1643
vt 0.4626 0.1674
vt 0.4523 0.1322
vt 0.4443 0.1599
vt 0.4626 0.1674
vt 0.4523 0.1322
vt 0.4197 0.1643
vt 0.4398 0.2109
vt 0.3471 0.2067
vt 0.3996 0.2347
vt 0.3280 0.2141
vt 0.3090 0.2213
vt 0.3595 0.2585
vt 0.2704 0.2777
vt 0.2709 0.2359
vt 0.1868 0.2457
vt 0.1857 0.2904
vt 0.1439 0.2553
vt 0.1328 0.2613
vt 0.1313 0.2796
vt 0.1426 0.2862
vt 0.2215 0.5217
vt 0.2576 0.5079
vt 0.2251 0.5159
vt 0.1744 0.5260
vt 0.1737 0.5279
vt 0.1106 0.5376
vt 0.4976 0.3453
vt 0.4882 0.2985
vt 0.4446 0.3164
vt 0.3993 0.3350
vt 0.4317 0.3558
vt 0.3778 0.3691
vt 0.2992 0.3703
vt 0.2935 0.3858
vt 0.1909 0.3880
vt 0.1877 0.4050
vt 0.1467 0.3831
vt 0.1384 0.3998
vt 0.1048 0.3784
vt 0.0983 0.3928
vt 0.4446 0.3164
vt 0.3993 0.3350
vt 0.4317 0.3558
vt 0.3778 0.3691
vt 0.2992 0.3703
vt 0.2935 0.3858
vt 0.1909 0.3880
vt 0.1877 0.4050
vt 0.1467 0.3831
vt 0.1384 0.3998
vt 0.1048 0.3784
vt 0.0983 0.3928
vt 0.3430 0.4398
vt 0.2915 0.4352
vt 0.2912 0.4507
vt 0.3982 0.4152
vt 0.4041 0.4256
vt 0.4531 0.4089
vt 0.4610 0.4211
vt 0.4835 0.4220
vt 0.2012 0.4541
vt 0.1986 0.4732
vt 0.1477 0.4521
vt 0.1455 0.4808
vt 0.1020 0.4501
vt 0.1065 0.4793
vt 0.4946 0.4224
vt 0.4785 0.4094
vt 0.5060 0.4228
vt 0.4938 0.4097
vt 0.5106 0.4100
vt 0.4938 0.4097
vt 0.4785 0.4094
vt 0.4946 0.4224
vt 0.4531 0.4089
vt 0.4835 0.4220
vt 0.4610 0.4211
vt 0.4041 0.4256
vt 0.3982 0.4152
vt 0.3430 0.4398
vt 0.2915 0.4352
vt 0.2912 0.4507
vt 0.2012 0.4541
vt 0.1986 0.4732
vt 0.1477 0.4521
vt 0.1455 0.4808
vt 0.1020 0.4501
vt 0.1065 0.4793
vt 0.2943 0.4597
vt 0.1990 0.4802
vt 0.2873 0.5278
vt 0.2003 0.5470
vt 0.2260 0.5586
vt 0.2787 0.5785
vt 0.3052 0.5887
vt 0.3409 0.5946
vt 0.3457 0.5712
vt 0.2322 0.5887
vt 0.2191 0.6083
vt 0.1356 0.5740
vt 0.1457 0.4861
vt 0.2536 0.6068
vt 0.3349 0.6327
vt 0.2577 0.6342
vt 0.3204 0.6765
vt 0.3540 0.6815
vt 0.3187 0.6998
vt 0.3482 0.6998
vt 0.3670 0.6453
vt 0.2541 0.6793
vt 0.2579 0.6998
vt 0.2105 0.6834
vt 0.1959 0.6461
vt 0.1084 0.5915
vt 0.1718 0.6598
vt 0.3906 0.6130
vt 0.4362 0.6007
vt 0.4088 0.5848
vt 0.4841 0.5901
vt 0.3187 0.6998
vt 0.1959 0.6461
vt 0.1356 0.5740
vt 0.3906 0.6130
vt 0.2541 0.6793
vt 0.2579 0.6998
vt 0.3204 0.6765
vt 0.3349 0.6327
vt 0.2577 0.6342
vt 0.2536 0.6068
vt 0.3052 0.5887
vt 0.2322 0.5887
vt 0.2787 0.5785
vt 0.2873 0.5278
vt 0.3409 0.5946
vt 0.3457 0.5712
vt 0.2191 0.6083
vt 0.2003 0.5470
vt 0.1990 0.4802
vt 0.2943 0.4597
vt 0.1457 0.4861
vt 0.2260 0.5586
vt 0.1009 0.4985
vt 0.0799 0.4995
vt 0.0525 0.5312
vt 0.0799 0.4995
vt 0.0195 0.5098
vt 0.1009 0.4985
vt 0.0195 0.5098
vt 0.0925 0.4833
vt 0.0928 0.4444
vt 0.1471 0.4453
vt 0.0957 0.3997
vt 0.1343 0.4053
vt 0.2012 0.4471
vt 0.1886 0.4131
vt 0.2924 0.3943
vt 0.2896 0.4251
vt 0.3729 0.3848
vt 0.3962 0.4105
vt 0.4496 0.4050
vt 0.4348 0.3613
vt 0.4777 0.4048
vt 0.4947 0.4047
vt 0.0781 0.4077
vt 0.5003 0.3500
vt 0.5134 0.4045
vt 0.4947 0.4047
vt 0.4348 0.3613
vt 0.4777 0.4048
vt 0.4496 0.4050
vt 0.3729 0.3848
vt 0.3962 0.4105
vt 0.2896 0.4251
vt 0.2924 0.3943
vt 0.2012 0.4471
vt 0.1886 0.4131
vt 0.1343 0.4053
vt 0.1471 0.4453
vt 0.0957 0.3997
vt 0.0928 0.4444
vt 0.0781 0.4077
vt 0.0896 0.3891
vt 0.0910 0.3590
vt 0.0910 0.3590
vt 0.1012 0.3704
vt 0.1000 0.3197
vt 0.1000 0.3197
vt 0.1463 0.3763
vt 0.1421 0.3243
vt 0.1848 0.3294
vt 0.1913 0.3822
vt 0.2973 0.3656
vt 0.1295 0.3106
vt 0.0980 0.3034
vt 0.0717 0.2940
vt 0.0751 0.2614
vt 0.1847 0.3110
vt 0.1397 0.2923
vt 0.1857 0.2934
vt 0.2719 0.2831
vt 0.2813 0.3007
vt 0.3607 0.2639
vt 0.1848 0.3294
vt 0.3743 0.2813
vt 0.2846 0.3224
vt 0.3825 0.3001
vt 0.4068 0.2899
vt 0.1848 0.3294
vt 0.4032 0.2402
vt 0.4214 0.2628
vt 0.4457 0.2165
vt 0.4564 0.2490
vt 0.4448 0.3101
vt 0.3977 0.3303
vt 0.4497 0.2719
vt 0.4746 0.2615
vt 0.4902 0.2907
vt 0.4497 0.2719
vt 0.4564 0.2490
vt 0.4684 0.2443
vt 0.4457 0.2165
vt 0.4214 0.2628
vt 0.4032 0.2402
vt 0.3743 0.2813
vt 0.3607 0.2639
vt 0.2813 0.3007
vt 0.2846 0.3224
vt 0.3825 0.3001
vt 0.4068 0.2899
vt 0.2719 0.2831
vt 0.1847 0.3110
vt 0.1857 0.2934
vt 0.1397 0.2923
vt 0.1295 0.3106
vt 0.1848 0.3294
vt 0.1848 0.3294
vt 0.2973 0.3656
vt 0.3977 0.3303
vt 0.1421 0.3243
vt 0.1000 0.3197
vt 0.0980 0.3034
vt 0.0717 0.2940
vt 0.0751 0.2614
vt 0.1463 0.3763
vt 0.1848 0.3294
vt 0.1913 0.3822
vt 0.1012 0.3704
vt 0.1273 0.2772
vt 0.1080 0.2877
vt 0.1086 0.2424
vt 0.1316 0.2562
vt 0.0786 0.2288
vt 0.0937 0.2003
vt 0.1485 0.1713
vt 0.0856 0.1703
vt 0.0578 0.1221
vt 0.0402 0.1785
vt 0.1249 0.1557
vt 0.1142 0.1158
vt 0.1325 0.1253
vt 0.1873 0.1428
vt 0.1188 0.0719
vt 0.0610 0.0892
vt 0.0813 0.0573
vt 0.1110 0.0287
vt 0.1351 0.0365
vt 0.1413 0.0127
vt 0.1686 0.0414
vt 0.1977 0.0127
vt 0.1431 0.0711
vt 0.1848 0.0653
vt 0.1938 0.1180
vt 0.2826 0.1210
vt 0.2943 0.1490
vt 0.3143 0.0806
vt 0.3775 0.1163
vt 0.2920 0.1002
vt 0.2624 0.0611
vt 0.2617 0.0431
vt 0.3335 0.0573
vt 0.2789 0.0127
vt 0.1905 0.0863
vt 0.3473 0.0443
vt 0.3609 0.0127
vt 0.3930 0.0396
vt 0.4017 0.1162
vt 0.4517 0.1259
vt 0.4351 0.0127
vt 0.5046 0.1043
vt 0.4351 0.0127
vt 0.4156 0.1573
vt 0.3831 0.1519
vt 0.3453 0.1989
vt 0.3541 0.1717
vt 0.3284 0.1892
vt 0.2965 0.2023
vt 0.2646 0.2154
vt 0.3081 0.2143
vt 0.2709 0.2297
vt 0.1676 0.2239
vt 0.1865 0.2362
vt 0.1226 0.2329
vt 0.1433 0.2488
vt 0.3266 0.2066
vt 0.1080 0.2877
vt 0.0751 0.2614
vt 0.0980 0.3034
vt 0.8727 0.7477
vt 0.8727 0.7187
vt 0.8374 0.7438
vt 0.8601 0.7144
vt 0.8986 0.7465
vt 0.8914 0.7153
vt 0.9219 0.7434
vt 0.9235 0.7225
vt 0.9087 0.7053
vt 0.9144 0.6894
vt 0.9194 0.6801
vt 0.9242 0.6774
vt 0.9194 0.6801
vt 0.9144 0.6894
vt 0.9087 0.7053
vt 0.8914 0.7153
vt 0.8986 0.7465
vt 0.8727 0.7187
vt 0.8727 0.7477
vt 0.8374 0.7438
vt 0.8601 0.7144
vt 0.2299 0.7033
vt 0.2105 0.6834
vt 0.0402 0.1785
vt 0.0563 0.2091
vt 0.0786 0.2288
vt 0.0374 0.2209
vt 0.0564 0.2318
vt 0.0198 0.2437
vt 0.0523 0.2503
vt 0.0786 0.2288
vt 0.0751 0.2614
vt 0.0481 0.2670
vt 0.0195 0.2739
vt 0.0456 0.2839
vt 0.0195 0.2103
vt 0.0374 0.2209
vt 0.0564 0.2318
vt 0.0563 0.2091
vt 0.0937 0.2003
vt 0.0786 0.2288
vt 0.0523 0.2503
vt 0.0751 0.2614
vt 0.0481 0.2670
vt 0.0786 0.2288
vt 0.0195 0.2739
vt 0.0456 0.2839
vt 0.1086 0.2424
vt 0.0786 0.2288
vt 0.1485 0.1713
vt 0.0856 0.1703
vt 0.0402 0.1785
vt 0.1249 0.1557
vt 0.1142 0.1158
vt 0.1325 0.1253
vt 0.1873 0.1428
vt 0.1188 0.0719
vt 0.1351 0.0365
vt 0.1686 0.0414
vt 0.1431 0.0711
vt 0.1848 0.0653
vt 0.1938 0.1180
vt 0.2826 0.1210
vt 0.2943 0.1490
vt 0.3143 0.0806
vt 0.3775 0.1163
vt 0.2920 0.1002
vt 0.2624 0.0611
vt 0.2617 0.0431
vt 0.3335 0.0573
vt 0.1905 0.0863
vt 0.3473 0.0443
vt 0.3930 0.0396
vt 0.4017 0.1162
vt 0.4517 0.1259
vt 0.4351 0.0127
vt 0.5046 0.1043
vt 0.4351 0.0127
vt 0.4156 0.1573
vt 0.3831 0.1519
vt 0.3453 0.1989
vt 0.3541 0.1717
vt 0.3284 0.1892
vt 0.2965 0.2023
vt 0.2646 0.2154
vt 0.3081 0.2143
vt 0.2709 0.2297
vt 0.1676 0.2239
vt 0.1865 0.2362
vt 0.1226 0.2329
vt 0.1433 0.2488
vt 0.3266 0.2066
vt 0.1316 0.2562
vt 0.1273 0.2772
vt 0.1080 0.2877
vt 0.1080 0.2877
vt 0.0751 0.2614
vt 0.0980 0.3034
vt 0.0980 0.3034
vt 0.1080 0.2877
vt 0.4771 0.1551
vt 0.4874 0.1360
vt 0.5046 0.1043
vt 0.4703 0.1684
vt 0.4703 0.1684
vt 0.0910 0.3590
vt 0.0896 0.3891
vt 0.1000 0.3197
vt 0.0910 0.3590
vt 0.0787 0.4105
vt 0.0607 0.3789
vt 0.0664 0.3423
vt 0.0257 0.3981
vt 0.0211 0.3650
vt 0.0432 0.3103
vt 0.0257 0.3981
vt 0.0456 0.2839
vt 0.0195 0.3053
vt 0.0432 0.3103
vt 0.0664 0.3423
vt 0.0456 0.2839
vt 0.0607 0.3789
vt 0.0787 0.4105
vt 0.0257 0.3981
vt 0.0257 0.3981
vt 0.0210 0.4377
vt 0.0683 0.4481
vt 0.0225 0.4796
vt 0.0928 0.4417
vt 0.0690 0.4905
vt 0.0195 0.5098
vt 0.0195 0.5098
vt 0.0683 0.4481
vt 0.0257 0.3981
vt 0.0928 0.4417
vt 0.0690 0.4905
vt 0.0195 0.5098
vt 0.0925 0.4833
vt 0.4693 0.4408
vt 0.4621 0.4266
vt 0.4091 0.4413
vt 0.4041 0.4291
vt 0.4854 0.4408
vt 0.4839 0.4266
vt 0.3441 0.4449
vt 0.4938 0.4408
vt 0.4946 0.4266
vt 0.5015 0.4408
vt 0.5056 0.4267
vt 0.4946 0.4266
vt 0.4938 0.4408
vt 0.4839 0.4266
vt 0.4854 0.4408
vt 0.4621 0.4266
vt 0.4693 0.4408
vt 0.4091 0.4413
vt 0.4041 0.4291
vt 0.3441 0.4449
vt 0.2789 0.0127
vt 0.1080 0.2877
vt 0.0980 0.3034
vt 0.4448 0.3101
vt 0.8366 0.7145
vt 0.8337 0.7051
vt 0.8078 0.7574
vt 0.8074 0.7108
vt 0.8424 0.7197
vt 0.8337 0.7051
vt 0.8417 0.7076
vt 0.8076 0.7622
vt 0.8078 0.7574
vt 0.8312 0.6981
vt 0.8110 0.7003
vt 0.8074 0.7108
vt 0.8337 0.7051
vt 0.7974 0.7154
vt 0.8078 0.7574
vt 0.8076 0.7622
vt 0.8078 0.7574
vt 0.9759 0.3461
vt 0.9764 0.3206
vt 0.9585 0.3194
vt 0.9777 0.2964
vt 0.9773 0.2982
vt 0.9491 0.3134
vt 0.9433 0.3426
vt 0.9759 0.3461
vt 0.9791 0.3572
vt 0.9470 0.3661
vt 0.9668 0.3745
vt 0.9318 0.3407
vt 0.9322 0.3490
vt 0.9385 0.3723
vt 0.9612 0.3852
vt 0.9835 0.3849
vt 0.9862 0.3884
vt 0.9835 0.3849
vt 0.9848 0.3683
vt 0.9791 0.3572
vt 0.9862 0.3884
vt 0.9835 0.3849
vt 0.9852 0.3563
vt 0.9759 0.3461
vt 0.9791 0.3572
vt 0.9861 0.3299
vt 0.9764 0.3206
vt 0.9759 0.3461
vt 0.9773 0.2982
vt 0.9777 0.2964
vt 0.2576 0.5079
vt 0.2215 0.5217
vt 0.2251 0.5159
vt 0.1744 0.5260
vt 0.1737 0.5279
vt 0.1106 0.5376
vt 0.2299 0.7033
vt 0.2105 0.6834
vt 0.2789 0.0127
vt 0.4088 0.5848
vt 0.2366 0.8056
vt 0.2108 0.8090
vt 0.2321 0.8318
vt 0.2389 0.8034
vt 0.2080 0.8073
vt 0.2358 0.8325
vt 0.2050 0.8254
vt 0.2032 0.8306
vt 0.2250 0.8545
vt 0.2014 0.8231
vt 0.2250 0.8545
vt 0.1993 0.8282
vt 0.1893 0.8570
vt 0.2250 0.8545
vt 0.1864 0.8547
vt 0.1706 0.8703
vt 0.1729 0.8725
vt 0.1770 0.8859
vt 0.1966 0.8757
vt 0.2229 0.8940
vt 0.1979 0.8921
vt 0.2609 0.8728
vt 0.2535 0.9022
vt 0.2584 0.9001
vt 0.2645 0.8737
vt 0.2691 0.8380
vt 0.2731 0.8380
vt 0.2759 0.8103
vt 0.2725 0.8115
vt 0.2562 0.8034
vt 0.2487 0.8270
vt 0.2575 0.8066
vt 0.1776 0.8981
vt 0.1750 0.8970
vt 0.1744 0.8848
vt 0.1698 0.8718
vt 0.1770 0.8859
vt 0.1966 0.8757
vt 0.2250 0.8545
vt 0.1893 0.8570
vt 0.2032 0.8306
vt 0.1993 0.8282
vt 0.1864 0.8547
vt 0.1729 0.8725
vt 0.1706 0.8703
vt 0.1744 0.8848
vt 0.1698 0.8718
vt 0.2014 0.8231
vt 0.2050 0.8254
vt 0.2321 0.8318
vt 0.2250 0.8545
vt 0.2609 0.8728
vt 0.2080 0.8073
vt 0.2108 0.8090
vt 0.2366 0.8056
vt 0.2389 0.8034
vt 0.2358 0.8325
vt 0.2645 0.8737
vt 0.2691 0.8380
vt 0.2731 0.8380
vt 0.2250 0.8545
vt 0.2759 0.8103
vt 0.2725 0.8115
vt 0.2562 0.8034
vt 0.2487 0.8270
vt 0.2575 0.8066
vt 0.2240 0.8540
vt 0.2250 0.8545
vt 0.2250 0.8545
vt 0.2447 0.8250
vt 0.2240 0.8540
vt 0.2562 0.8034
vt 0.2575 0.8066
vt 0.2575 0.8066
vt 0.2562 0.8034
vt 0.2240 0.8540
vt 0.2250 0.8545
vt 0.2240 0.8540
vt 0.2250 0.8545
vt 0.2447 0.8250
vt 0.2562 0.8034
vt 0.2575 0.8066
vt 0.2575 0.8066
vt 0.2562 0.8034
vt 0.2747 0.7914
vt 0.2750 0.7742
vt 0.2656 0.7914
vt 0.2675 0.7741
vt 0.2751 0.7414
vt 0.2644 0.7404
vt 0.2547 0.7752
vt 0.2526 0.7829
vt 0.2656 0.7914
vt 0.2675 0.7741
vt 0.2644 0.7404
vt 0.2547 0.7752
vt 0.2526 0.7829
vt 0.0349 0.9895
vt 0.0296 0.9701
vt 0.0349 0.9895
vt 0.0219 0.9678
vt 0.0349 0.9895
vt 0.0504 0.9839
vt 0.3512 0.8286
vt 0.3641 0.8646
vt 0.3919 0.8156
vt 0.4187 0.8155
vt 0.4246 0.8619
vt 0.4574 0.8079
vt 0.4670 0.8531
vt 0.4172 0.8004
vt 0.3534 0.7920
vt 0.3189 0.8279
vt 0.3158 0.7893
vt 0.3271 0.7393
vt 0.2846 0.8244
vt 0.2740 0.8695
vt 0.3190 0.8680
vt 0.2864 0.7867
vt 0.2876 0.7356
vt 0.3609 0.8835
vt 0.4255 0.8808
vt 0.3172 0.8851
vt 0.2718 0.8823
vt 0.3893 0.7506
vt 0.3854 0.7911
vt 0.4124 0.7640
vt 0.4414 0.7807
vt 0.4491 0.7937
vt 0.4172 0.8004
vt 0.3854 0.7911
vt 0.3919 0.8156
vt 0.4187 0.8155
vt 0.3641 0.8646
vt 0.3512 0.8286
vt 0.4246 0.8619
vt 0.3534 0.7920
vt 0.3189 0.8279
vt 0.3158 0.7893
vt 0.2846 0.8244
vt 0.2740 0.8695
vt 0.3190 0.8680
vt 0.2864 0.7867
vt 0.3609 0.8835
vt 0.4255 0.8808
vt 0.3172 0.8851
vt 0.2718 0.8823
vt 0.4667 0.8800
vt 0.5348 0.3623
vt 0.5100 0.3443
vt 0.5017 0.2983
vt 0.5678 0.3384
vt 0.5677 0.3264
vt 0.5100 0.3443
vt 0.5348 0.3623
vt 0.5678 0.3384
vt 0.5677 0.3264
vt 0.2607 0.9307
vt 0.2648 0.9810
vt 0.2885 0.9328
vt 0.2605 0.9157
vt 0.2959 0.9215
vt 0.2964 0.9463
vt 0.3092 0.9383
vt 0.2991 0.9818
vt 0.3116 0.9805
vt 0.5098 0.1950
vt 0.4974 0.1852
vt 0.4832 0.2386
vt 0.5091 0.2647
vt 0.4926 0.2667
vt 0.1709 0.9622
vt 0.1739 0.9427
vt 0.1281 0.9663
vt 0.1339 0.9407
vt 0.1564 0.8970
vt 0.1711 0.9907
vt 0.1243 0.9953
vt 0.0817 0.9626
vt 0.0778 0.9861
vt 0.1978 0.9498
vt 0.1847 0.9082
vt 0.2063 0.9771
vt 0.1090 0.9426
vt 0.1161 0.9253
vt 0.0863 0.9131
vt 0.0831 0.9351
vt 0.0594 0.9292
vt 0.0532 0.9541
vt 0.0303 0.9445
vt 0.0308 0.9310
vt 0.0162 0.9335
vt 0.0239 0.9525
vt 0.0376 0.9043
vt 0.0611 0.9103
vt 0.0589 0.8994
vt 0.0556 0.8704
vt 0.0250 0.8746
vt 0.0709 0.8731
vt 0.0597 0.8580
vt 0.0650 0.8639
vt 0.0807 0.8597
vt 0.0920 0.8629
vt 0.1095 0.8856
vt 0.0761 0.8520
vt 0.0889 0.8553
vt 0.1124 0.8803
vt 0.0470 0.8457
vt 0.0466 0.8571
vt 0.0282 0.8567
vt 0.0309 0.8526
vt 0.0265 0.8436
vt 0.0897 0.8936
vt 0.1172 0.8902
vt 0.0263 0.8517
vt 0.0197 0.8576
vt 0.0166 0.8529
vt 0.0265 0.8436
vt 0.0088 0.8748
vt 0.0282 0.9069
vt 0.0113 0.9089
vt 0.0070 0.8608
vt 0.0078 0.8570
vt 0.0282 0.9069
vt 0.0250 0.8746
vt 0.0197 0.8576
vt 0.0376 0.9043
vt 0.0556 0.8704
vt 0.0589 0.8994
vt 0.0709 0.8731
vt 0.0597 0.8580
vt 0.0650 0.8639
vt 0.0807 0.8597
vt 0.0920 0.8629
vt 0.1095 0.8856
vt 0.0761 0.8520
vt 0.0889 0.8553
vt 0.1124 0.8803
vt 0.0470 0.8457
vt 0.0466 0.8571
vt 0.0282 0.8567
vt 0.0309 0.8526
vt 0.0265 0.8436
vt 0.0897 0.8936
vt 0.1172 0.8902
vt 0.1161 0.9253
vt 0.0863 0.9131
vt 0.1090 0.9426
vt 0.1339 0.9407
vt 0.0831 0.9351
vt 0.0611 0.9103
vt 0.0594 0.9292
vt 0.0817 0.9626
vt 0.0532 0.9541
vt 0.0303 0.9445
vt 0.0308 0.9310
vt 0.1281 0.9663
vt 0.1739 0.9427
vt 0.1709 0.9622
vt 0.1564 0.8970
vt 0.1978 0.9498
vt 0.1847 0.9082
vt 0.2038 0.9347
vt 0.2198 0.9650
vt 0.2038 0.9347
vt 0.0443 0.9676
vt 0.0428 0.9664
vt 0.2404 0.9152
vt 0.2124 0.9199
vt 0.2405 0.9432
vt 0.2259 0.9443
vt 0.2060 0.9163
vt 0.2461 0.9093
vt 0.2468 0.9487
vt 0.2219 0.9522
vt 0.2648 0.9810
vt 0.2607 0.9307
vt 0.2885 0.9328
vt 0.2605 0.9157
vt 0.2959 0.9215
vt 0.2964 0.9463
vt 0.3092 0.9383
vt 0.2991 0.9818
vt 0.3116 0.9805
vt 0.4974 0.1852
vt 0.5098 0.1950
vt 0.4832 0.2386
vt 0.5091 0.2647
vt 0.4926 0.2667
vt 0.0166 0.8529
vt 0.0263 0.8517
vt 0.0265 0.8436
vt 0.2259 0.9443
vt 0.2124 0.9199
vt 0.2405 0.9432
vt 0.2404 0.9152
vt 0.2060 0.9163
vt 0.2461 0.9093
vt 0.2468 0.9487
vt 0.2219 0.9522
vt 0.0456 0.2839
vt 0.0195 0.2739
vt 0.0195 0.3053
vt 0.0195 0.2739
vt 0.0195 0.2103
vt 0.0402 0.1785
vt 0.1000 0.3197
vt 0.0910 0.3590
vt 0.0195 0.3053
vt 0.0195 0.2739
vt 0.0456 0.2839
vt 0.0195 0.2739
vt 0.0195 0.2103
vt 0.0402 0.1785
vt 0.1000 0.3197
vt 0.0910 0.3590
vt 0.9371 0.6394
vt 0.9384 0.6113
vt 0.9208 0.6339
vt 0.9299 0.5905
vt 0.9407 0.5914
vt 0.9185 0.5896
vt 0.6172 0.4436
vt 0.6124 0.3905
vt 0.6033 0.4435
vt 0.6318 0.3928
vt 0.6359 0.3810
vt 0.6269 0.3760
vt 0.6303 0.4437
vt 0.6210 0.0149
vt 0.6124 0.0085
vt 0.6124 0.0141
vt 0.6159 0.0212
vt 0.6209 0.0217
vt 0.6272 0.0214
vt 0.6312 0.0164
vt 0.6239 0.0057
vt 0.6293 0.0102
vt 0.5513 0.0236
vt 0.5924 0.0242
vt 0.5596 0.0072
vt 0.5781 0.0102
vt 0.6018 0.0104
vt 0.5647 0.6451
vt 0.5363 0.6209
vt 0.5590 0.6138
vt 0.5797 0.6187
vt 0.5841 0.6516
vt 0.5558 0.6979
vt 0.5526 0.7166
vt 0.5826 0.5975
vt 0.5805 0.5756
vt 0.5407 0.5899
vt 0.6565 0.5853
vt 0.6347 0.6041
vt 0.6401 0.6459
vt 0.6595 0.6448
vt 0.6280 0.7066
vt 0.6499 0.6920
vt 0.6980 0.6899
vt 0.7109 0.7045
vt 0.6280 0.7066
vt 0.7124 0.6551
vt 0.7262 0.6663
vt 0.6565 0.5853
vt 0.5805 0.5756
vt 0.5590 0.6138
vt 0.5407 0.5899
vt 0.6595 0.6448
vt 0.6280 0.7066
vt 0.6499 0.6920
vt 0.6980 0.6899
vt 0.6280 0.7066
vt 0.7350 0.6263
vt 0.5436 0.5438
vt 0.5904 0.5400
vt 0.6443 0.5412
vt 0.5904 0.5281
vt 0.6276 0.5274
vt 0.6443 0.5412
vt 0.5904 0.5400
vt 0.5436 0.5438
vt 0.5435 0.5293
vt 0.7124 0.6551
vt 0.7350 0.6263
vt 0.7363 0.5438
vt 0.7527 0.6331
vt 0.7524 0.5433
vt 0.7359 0.3827
vt 0.7514 0.3631
vt 0.7181 0.3825
vt 0.6615 0.5145
vt 0.7363 0.5438
vt 0.7359 0.3827
vt 0.7181 0.3825
vt 0.7181 0.3628
vt 0.6615 0.5141
vt 0.6443 0.5020
vt 0.6443 0.5020
vt 0.5363 0.6209
vt 0.5647 0.6451
vt 0.5557 0.6982
vt 0.5326 0.6533
vt 0.5526 0.7166
vt 0.5557 0.6982
vt 0.5181 0.6751
vt 0.5526 0.7166
vt 0.5326 0.6533
vt 0.5526 0.7166
vt 0.5557 0.6982
vt 0.5526 0.7166
vt 0.6422 0.4697
vt 0.6437 0.3643
vt 0.6585 0.4727
vt 0.6612 0.3767
vt 0.6437 0.3643
vt 0.7129 0.3639
vt 0.7061 0.3766
vt 0.6612 0.3767
vt 0.6585 0.4727
vt 0.6422 0.4697
vt 0.7061 0.3766
vt 0.6437 0.3643
vt 0.6422 0.4697
vt 0.0349 0.1113
vt 0.0213 0.1754
vt 0.0275 0.1099
vt 0.0151 0.1788
vt 0.0151 0.0426
vt 0.0273 0.0485
vt 0.0151 0.0426
vt 0.0349 0.1113
vt 0.0213 0.1754
vt 0.0151 0.1788
vt 0.0151 0.0426
vt 0.0273 0.0485
vt 0.0151 0.0426
vt 0.5222 0.6466
vt 0.5114 0.6659
vt 0.4927 0.6366
vt 0.4927 0.6370
vt 0.5265 0.6190
vt 0.5002 0.5872
vt 0.5331 0.5897
vt 0.5039 0.5416
vt 0.5340 0.5442
vt 0.5361 0.5300
vt 0.5055 0.5274
vt 0.4927 0.6370
vt 0.4927 0.6366
vt 0.5222 0.6466
vt 0.5265 0.6190
vt 0.5002 0.5872
vt 0.5331 0.5897
vt 0.5039 0.5416
vt 0.5055 0.5274
vt 0.5340 0.5442
vt 0.9384 0.6113
vt 0.9371 0.6394
vt 0.9208 0.6339
vt 0.9299 0.5905
vt 0.9407 0.5914
vt 0.9185 0.5896
vt 0.6124 0.3905
vt 0.6172 0.4436
vt 0.6033 0.4435
vt 0.6318 0.3928
vt 0.6359 0.3810
vt 0.6269 0.3760
vt 0.6303 0.4437
vt 0.6124 0.0085
vt 0.6210 0.0149
vt 0.6124 0.0141
vt 0.6159 0.0212
vt 0.6209 0.0217
vt 0.6272 0.0214
vt 0.6312 0.0164
vt 0.6239 0.0057
vt 0.6293 0.0102
vt 0.5924 0.0242
vt 0.5513 0.0236
vt 0.5596 0.0072
vt 0.5781 0.0102
vt 0.6018 0.0104
vt 0.5363 0.6209
vt 0.5647 0.6451
vt 0.5590 0.6138
vt 0.5797 0.6187
vt 0.5841 0.6516
vt 0.5558 0.6979
vt 0.5526 0.7166
vt 0.5826 0.5975
vt 0.5805 0.5756
vt 0.5407 0.5899
vt 0.6565 0.5853
vt 0.6347 0.6041
vt 0.6401 0.6459
vt 0.6595 0.6448
vt 0.6280 0.7066
vt 0.6499 0.6920
vt 0.6980 0.6899
vt 0.7109 0.7045
vt 0.6280 0.7066
vt 0.7124 0.6551
vt 0.7262 0.6663
vt 0.6565 0.5853
vt 0.5805 0.5756
vt 0.5590 0.6138
vt 0.5407 0.5899
vt 0.5647 0.6451
vt 0.5363 0.6209
vt 0.5557 0.6982
vt 0.5326 0.6533
vt 0.5436 0.5438
vt 0.5904 0.5400
vt 0.6443 0.5412
vt 0.5904 0.5281
vt 0.6276 0.5274
vt 0.6443 0.5412
vt 0.5904 0.5400
vt 0.5436 0.5438
vt 0.5435 0.5293
vt 0.7350 0.6263
vt 0.7363 0.5438
vt 0.7527 0.6331
vt 0.7524 0.5433
vt 0.7359 0.3827
vt 0.7514 0.3631
vt 0.7181 0.3825
vt 0.6615 0.5145
vt 0.7350 0.6263
vt 0.7363 0.5438
vt 0.6595 0.6448
vt 0.6280 0.7066
vt 0.6499 0.6920
vt 0.6980 0.6899
vt 0.6280 0.7066
vt 0.7124 0.6551
vt 0.7359 0.3827
vt 0.6615 0.5141
vt 0.7181 0.3825
vt 0.7181 0.3628
vt 0.6443 0.5020
vt 0.6443 0.5020
vt 0.5526 0.7166
vt 0.5557 0.6982
vt 0.5181 0.6751
vt 0.5526 0.7166
vt 0.5326 0.6533
vt 0.5526 0.7166
vt 0.5557 0.6982
vt 0.5526 0.7166
vt 0.6612 0.3767
vt 0.6437 0.3643
vt 0.6585 0.4727
vt 0.7129 0.3639
vt 0.7061 0.3766
vt 0.6612 0.3767
vt 0.6585 0.4727
vt 0.6422 0.4697
vt 0.7061 0.3766
vt 0.6422 0.4697
vt 0.6437 0.3643
vt 0.6437 0.3643
vt 0.6422 0.4697
vt 0.0151 0.1788
vt 0.0213 0.1754
vt 0.0275 0.1099
vt 0.0349 0.1113
vt 0.0151 0.0426
vt 0.0273 0.0485
vt 0.0151 0.0426
vt 0.0151 0.1788
vt 0.0213 0.1754
vt 0.0349 0.1113
vt 0.0151 0.0426
vt 0.0273 0.0485
vt 0.0151 0.0426
vt 0.4927 0.6370
vt 0.5114 0.6659
vt 0.4927 0.6366
vt 0.5222 0.6466
vt 0.5265 0.6190
vt 0.5002 0.5872
vt 0.5331 0.5897
vt 0.5039 0.5416
vt 0.5340 0.5442
vt 0.5361 0.5300
vt 0.5055 0.5274
vt 0.5222 0.6466
vt 0.4927 0.6366
vt 0.4927 0.6370
vt 0.5265 0.6190
vt 0.5002 0.5872
vt 0.5331 0.5897
vt 0.5039 0.5416
vt 0.5055 0.5274
vt 0.5340 0.5442
vt 0.1815 0.9546
vt 0.1676 0.9842
vt 0.2166 0.9832
vt 0.2295 0.9561
vt 0.1815 0.9546
vt 0.1676 0.9842
vt 0.5279 0.9912
vt 0.4737 0.8867
vt 0.4466 0.9868
vt 0.5467 0.9184
vt 0.5547 0.9010
vt 0.4890 0.8595
vt 0.6163 0.9245
vt 0.6090 0.9387
vt 0.6293 0.9824
vt 0.6242 0.9308
vt 0.4737 0.8867
vt 0.6090 0.9387
vt 0.5467 0.9184
vt 0.5547 0.9010
vt 0.4890 0.8595
vt 0.6163 0.9245
vt 0.6242 0.9308
vt 0.1676 0.9842
vt 0.1815 0.9546
vt 0.2166 0.9832
vt 0.2295 0.9561
vt 0.1815 0.9546
vt 0.1676 0.9842
vt 0.4737 0.8867
vt 0.5279 0.9912
vt 0.4466 0.9868
vt 0.5467 0.9184
vt 0.5547 0.9010
vt 0.4890 0.8595
vt 0.6163 0.9245
vt 0.6090 0.9387
vt 0.6293 0.9824
vt 0.6242 0.9308
vt 0.4737 0.8867
vt 0.6090 0.9387
vt 0.5467 0.9184
vt 0.5547 0.9010
vt 0.4890 0.8595
vt 0.6163 0.9245
vt 0.6242 0.9308
vt 0.0149 0.7309
vt 0.0149 0.7970
vt 0.0500 0.7217
vt 0.0521 0.7779
vt 0.1228 0.7606
vt 0.1226 0.7938
vt 0.1845 0.7510
vt 0.1836 0.7936
vt 0.0678 0.7936
vt 0.1227 0.7055
vt 0.1754 0.7030
vt 0.2096 0.7040
vt 0.2148 0.7470
vt 0.0690 0.6705
vt 0.1241 0.6746
vt 0.2255 0.7349
vt 0.2449 0.7582
vt 0.0614 0.8156
vt 0.1198 0.8190
vt 0.0317 0.8191
vt 0.0590 0.8333
vt 0.1746 0.8309
vt 0.1012 0.6353
vt 0.0594 0.6241
vt 0.0422 0.6304
vt 0.0387 0.6489
vt 0.0518 0.6004
vt 0.1650 0.8673
vt 0.1086 0.8531
vt 0.0854 0.8438
vt 0.0327 0.6211
vt 0.0422 0.6304
vt 0.1198 0.8190
vt 0.0614 0.8156
vt 0.1226 0.7938
vt 0.0678 0.7936
vt 0.0521 0.7779
vt 0.1228 0.7606
vt 0.1845 0.7510
vt 0.1836 0.7936
vt 0.0500 0.7217
vt 0.1227 0.7055
vt 0.1754 0.7030
vt 0.2096 0.7040
vt 0.2148 0.7470
vt 0.0690 0.6705
vt 0.1241 0.6746
vt 0.2255 0.7349
vt 0.2449 0.7582
vt 0.1012 0.6353
vt 0.0594 0.6241
vt 0.0422 0.6304
vt 0.0387 0.6489
vt 0.0149 0.6933
vt 0.0149 0.6556
vt 0.0387 0.6489
vt 0.0149 0.6556
vt 0.0387 0.6489
vt 0.0422 0.6304
vt 0.2218 0.7857
vt 0.1836 0.7936
vt 0.2218 0.7857
vt 0.1836 0.7936
vt 0.9467 0.6599
vt 0.9590 0.6911
vt 0.9426 0.6784
vt 0.9490 0.6931
vt 0.9733 0.6903
vt 0.9669 0.6561
vt 0.9669 0.6561
vt 0.9899 0.6943
vt 0.9899 0.6562
vt 0.9669 0.6561
vt 0.9733 0.6903
vt 0.9669 0.6561
vt 0.9740 0.6388
vt 0.9899 0.6400
vt 0.9899 0.6268
vt 0.9740 0.6388
vt 0.9669 0.6561
vt 0.9590 0.6911
vt 0.9467 0.6599
vt 0.9426 0.6784
vt 0.9490 0.6931
vt 0.9669 0.6561
vt 0.1836 0.7936
vt 0.2500 0.7464
vt 0.2274 0.7179
vt 0.2539 0.7374
vt 0.2274 0.7179
vt 0.2539 0.7374
vt 0.2539 0.7374
vt 0.2274 0.7179
vt 0.2574 0.7237
vt 0.0564 0.7943
vt 0.2574 0.7237
vt 0.2274 0.7179
vt 0.2630 0.7103
vt 0.1746 0.8309
vt 0.1836 0.7936
vt 0.2274 0.7179
vt 0.2539 0.7374
vt 0.2574 0.7237
vt 0.2274 0.7179
vt 0.2574 0.7237
vt 0.2630 0.7103
vt 0.9208 0.5679
vt 0.9625 0.6117
vt 0.9737 0.5915
vt 0.8862 0.6025
vt 0.9208 0.5679
vt 0.9780 0.5682
vt 0.9208 0.5679
vt 0.9410 0.5231
vt 0.9873 0.5182
vt 0.9784 0.4783
vt 0.9410 0.5231
vt 0.9342 0.4913
vt 0.9404 0.4218
vt 0.9013 0.4670
vt 0.8936 0.4806
vt 0.9257 0.5014
vt 0.9410 0.5231
vt 0.9297 0.5234
vt 0.9410 0.5231
vt 0.9208 0.5679
vt 0.9116 0.5608
vt 0.9410 0.5231
vt 0.8819 0.5910
vt 0.9208 0.5679
vt 0.8862 0.6025
vt 0.8862 0.6025
vt 0.8628 0.6126
vt 0.8591 0.6007
vt 0.8202 0.6037
vt 0.8628 0.6126
vt 0.8195 0.6162
vt 0.8195 0.6162
vt 0.8188 0.6850
vt 0.8628 0.6126
vt 0.8964 0.6802
vt 0.9397 0.6530
vt 0.8628 0.6126
vt 0.8862 0.6025
vt 0.8862 0.6025
vt 0.7726 0.6238
vt 0.7536 0.6648
vt 0.7944 0.6240
vt 0.8049 0.6633
vt 0.7903 0.7052
vt 0.7631 0.7061
vt 0.9625 0.6117
vt 0.9208 0.5679
vt 0.9737 0.5915
vt 0.8862 0.6025
vt 0.9208 0.5679
vt 0.9780 0.5682
vt 0.9208 0.5679
vt 0.9410 0.5231
vt 0.9873 0.5182
vt 0.9410 0.5231
vt 0.9784 0.4783
vt 0.9342 0.4913
vt 0.9404 0.4218
vt 0.9013 0.4670
vt 0.8936 0.4806
vt 0.9257 0.5014
vt 0.9410 0.5231
vt 0.9297 0.5234
vt 0.9410 0.5231
vt 0.9410 0.5231
vt 0.9116 0.5608
vt 0.9208 0.5679
vt 0.9208 0.5679
vt 0.8819 0.5910
vt 0.8862 0.6025
vt 0.8591 0.6007
vt 0.8628 0.6126
vt 0.8862 0.6025
vt 0.8628 0.6126
vt 0.8202 0.6037
vt 0.8195 0.6162
vt 0.8964 0.6802
vt 0.8188 0.6850
vt 0.8628 0.6126
vt 0.8195 0.6162
vt 0.8628 0.6126
vt 0.9397 0.6530
vt 0.8862 0.6025
vt 0.8862 0.6025
vt 0.8049 0.6633
vt 0.7536 0.6648
vt 0.7944 0.6240
vt 0.7726 0.6238
vt 0.7903 0.7052
vt 0.7631 0.7061
vt 0.4114 0.9351
vt 0.4367 0.9338
vt 0.4236 0.9071
vt 0.4174 0.9525
vt 0.4038 0.9094
vt 0.4029 0.9171
vt 0.3955 0.9004
vt 0.4185 0.8903
vt 0.4049 0.9517
vt 0.4006 0.9345
vt 0.3871 0.9765
vt 0.3955 0.9878
vt 0.4351 0.9564
vt 0.4367 0.9338
vt 0.4502 0.9206
vt 0.4322 0.9893
vt 0.3930 0.9154
vt 0.0349 0.9895
vt 0.0457 0.9776
vt 0.0296 0.9701
vt 0.0504 0.9839
vt 0.0219 0.9678
vt 0.0296 0.9701
vt 0.0219 0.9678
vt 0.0093 0.9848
vt 0.0153 0.9620
vt 0.0058 0.9528
vt 0.0349 0.9895
vt 0.0504 0.9839
vt 0.0599 0.9964
vt 0.0611 0.9919
vt 0.0296 0.9701
vt 0.0457 0.9776
vt 0.0296 0.9701
vt 0.0504 0.9839
vt 0.0611 0.9919
vt 0.0504 0.9839
vt 0.0349 0.9895
vt 0.0219 0.9678
vt 0.0153 0.9620
vt 0.0058 0.9528
vt 0.3238 0.9526
vt 0.3280 0.9319
vt 0.3446 0.9161
vt 0.3648 0.9413
vt 0.3663 0.9515
vt 0.3602 0.9588
vt 0.3340 0.9930
vt 0.3736 0.9500
vt 0.3720 0.9412
vt 0.3679 0.9344
vt 0.3712 0.9361
vt 0.3733 0.9274
vt 0.3755 0.9303
vt 0.3147 0.9009
vt 0.3725 0.9557
vt 0.3725 0.9557
vt 0.3507 0.9068
vt 0.3147 0.9009
vt 0.3203 0.8906
vt 0.3712 0.9361
vt 0.3679 0.9344
vt 0.3720 0.9412
vt 0.3648 0.9413
vt 0.3736 0.9500
vt 0.3663 0.9515
vt 0.3238 0.9526
vt 0.3446 0.9161
vt 0.3280 0.9319
vt 0.3602 0.9588
vt 0.3340 0.9930
vt 0.3147 0.9009
vt 0.3147 0.9009
vt 0.3725 0.9557
vt 0.3611 0.9815
vt 0.3340 0.9930
vt 0.3750 0.9752
vt 0.3725 0.9557
vt 0.3611 0.9815
vt 0.3340 0.9930
vt 0.3750 0.9752
vt 0.3725 0.9557
vt 0.4502 0.9206
vt 0.4367 0.9338
vt 0.4236 0.9071
vt 0.4114 0.9351
vt 0.4367 0.9338
vt 0.4174 0.9525
vt 0.4351 0.9564
vt 0.3955 0.9878
vt 0.4322 0.9893
vt 0.4038 0.9094
vt 0.4029 0.9171
vt 0.3955 0.9004
vt 0.4185 0.8903
vt 0.4049 0.9517
vt 0.4006 0.9345
vt 0.3871 0.9765
vt 0.3930 0.9154
vt 0.0296 0.9701
vt 0.0219 0.9678
vn -0.9051 -0.2305 0.3573
vn -0.9137 -0.2192 0.3421
vn -0.9919 0.1245 0.0236
vn -0.8042 0.3524 -0.4786
vn -0.7210 0.2954 -0.6269
vn -0.8748 0.3976 0.2767
vn -0.5746 0.3390 0.7450
vn 0.2173 0.9211 -0.3231
vn -0.8748 0.3977 0.2767
vn 0.7869 0.3508 0.5077
vn 0.7499 0.3023 -0.5884
vn 0.9221 0.3403 0.1842
vn 0.9962 0.0285 -0.0829
vn 0.3822 0.3245 -0.8652
vn 0.5802 0.5423 -0.6077
vn 0.9954 -0.0094 -0.0951
vn 0.3822 0.3246 -0.8652
vn -0.9920 0.1244 0.0235
vn -0.9493 -0.1890 0.2513
vn -0.6842 0.0115 -0.7292
vn -0.9568 -0.2024 0.2087
vn -0.2084 -0.2288 0.9509
vn -0.0811 0.2875 -0.9543
vn -0.9095 0.0907 0.4056
vn -0.3086 -0.2970 0.9036
vn -0.1709 0.9852 -0.0096
vn 0.2827 -0.2148 0.9349
vn 0.3968 0.6003 0.6944
vn -0.9095 0.0908 0.4056
vn 0.0385 -0.1941 0.9802
vn -0.1708 0.9853 -0.0095
vn 0.7998 0.5584 -0.2202
vn 0.9736 0.2186 -0.0652
vn 0.7534 0.0033 0.6575
vn 0.8674 0.2207 -0.4459
vn 0.7005 -0.0905 0.7079
vn 0.9051 -0.2305 0.3573
vn 0.9919 0.1245 0.0236
vn 0.9137 -0.2191 0.3421
vn 0.8042 0.3524 -0.4786
vn 0.7210 0.2954 -0.6269
vn 0.8748 0.3976 0.2767
vn 0.5746 0.3390 0.7450
vn 0.8748 0.3977 0.2767
vn -0.2173 0.9211 -0.3231
vn -0.7869 0.3508 0.5077
vn -0.7499 0.3023 -0.5884
vn -0.9221 0.3403 0.1842
vn -0.9962 0.0285 -0.0829
vn -0.3822 0.3245 -0.8652
vn -0.5802 0.5423 -0.6077
vn -0.9954 -0.0094 -0.0951
vn 0.9920 0.1244 0.0235
vn 0.6842 0.0115 -0.7292
vn 0.9493 -0.1890 0.2513
vn 0.9568 -0.2024 0.2087
vn 0.2084 -0.2288 0.9509
vn 0.0811 0.2875 -0.9543
vn 0.9095 0.0907 0.4056
vn 0.3086 -0.2970 0.9036
vn 0.1709 0.9852 -0.0096
vn -0.2827 -0.2148 0.9349
vn -0.3968 0.6003 0.6944
vn -0.0385 -0.1941 0.9802
vn 0.9095 0.0908 0.4056
vn 0.1708 0.9853 -0.0095
vn -0.7998 0.5584 -0.2202
vn -0.9736 0.2186 -0.0652
vn -0.7534 0.0033 0.6575
vn -0.8674 0.2207 -0.4459
vn -0.7005 -0.0904 0.7079
vn 0.9681 -0.0158 -0.2500
vn 0.8275 0.5607 -0.0275
vn 0.9928 0.0967 -0.0709
vn 0.7457 0.6605 -0.0876
vn 0.8973 0.4252 0.1185
vn 0.9547 -0.1362 0.2647
vn 0.7833 0.2360 0.5751
vn 0.1937 0.9592 0.2061
vn 0.1446 0.6234 0.7684
vn 0.0942 0.9885 0.1182
vn 0.1517 0.9037 0.4003
vn -0.7013 0.5845 0.4082
vn -0.5549 0.5277 0.6431
vn -0.6347 -0.1205 0.7633
vn -0.8860 -0.0350 0.4623
vn -0.7381 0.5255 0.4232
vn -0.9535 -0.0348 0.2994
vn 0.9707 0.0455 -0.2361
vn -0.6637 -0.7435 0.0813
vn -0.7146 -0.6941 -0.0868
vn -0.9243 -0.0068 0.3817
vn -0.8115 0.5621 0.1594
vn -0.5626 -0.7665 0.3096
vn -0.4357 -0.7828 0.4442
vn -0.1336 -0.7121 0.6893
vn -0.0006 -0.3411 0.9400
vn -0.2599 0.0638 0.9635
vn 0.4301 -0.5506 0.7154
vn 0.6383 -0.3230 0.6987
vn 0.5676 -0.7900 0.2317
vn 0.6382 -0.7694 -0.0272
vn 0.3963 -0.8101 -0.4321
vn 0.3039 -0.1437 0.9418
vn 0.5380 -0.7353 -0.4123
vn 0.6802 -0.6678 -0.3023
vn 0.9342 -0.0008 -0.3568
vn 0.5237 0.0754 -0.8486
vn 0.0206 -0.4443 -0.8957
vn 0.2378 0.5090 -0.8273
vn 0.6044 0.6755 -0.4223
vn -0.0081 0.9994 0.0346
vn -0.7310 0.5628 -0.3859
vn -0.9253 0.0097 0.3790
vn -0.7604 0.2289 -0.6077
vn -0.7107 -0.6996 -0.0742
vn -0.6190 -0.7604 0.1965
vn 0.0206 -0.4443 -0.8956
vn -0.7106 -0.6996 -0.0742
vn -0.6190 -0.7604 0.1966
vn 0.5236 0.0754 -0.8486
vn 0.2378 0.5089 -0.8273
vn -0.7310 0.5627 -0.3860
vn -0.8116 0.5621 0.1594
vn -0.0082 0.9994 0.0346
vn 0.5379 -0.7353 -0.4123
vn -0.5626 -0.7666 0.3096
vn 0.5676 -0.7900 0.2318
vn -0.1336 -0.7120 0.6893
vn 0.4302 -0.5506 0.7154
vn -0.5245 0.1432 0.8393
vn 0.2569 0.1102 0.9601
vn -0.6376 0.0006 0.7704
vn 0.3590 0.3749 0.8547
vn 0.8146 0.3334 0.4747
vn 0.8935 0.2171 0.3931
vn -0.6765 0.1016 0.7294
vn -0.7087 -0.0382 0.7045
vn -0.6369 0.4196 0.6468
vn -0.7727 0.3302 0.5422
vn 0.8898 0.3312 0.3140
vn 0.7560 0.5757 0.3116
vn 0.8723 0.4826 0.0785
vn 0.9468 0.1681 0.2743
vn 0.0722 0.7290 0.6807
vn -0.2077 0.8127 0.5444
vn -0.7111 0.4753 0.5181
vn 0.7240 0.6685 0.1698
vn 0.9041 0.4264 -0.0269
vn 0.9257 0.3538 -0.1341
vn -0.8186 0.2991 0.4903
vn -0.8323 0.2803 0.4782
vn -0.6727 0.1437 0.7259
vn -0.3216 0.4982 0.8052
vn -0.9845 0.0173 0.1744
vn -0.7414 0.5462 0.3899
vn -0.5936 -0.8023 0.0624
vn -0.9395 0.0813 -0.3328
vn -0.7013 -0.4029 -0.5881
vn -0.2587 0.1577 -0.9530
vn -0.5388 0.8149 0.2137
vn -0.0448 0.6943 -0.7183
vn -0.1137 -0.7509 -0.6505
vn -0.5113 -0.8384 0.1888
vn -0.3375 -0.3369 0.8790
vn -0.0666 0.6555 0.7522
vn 0.5475 0.1946 -0.8138
vn 0.5453 0.8382 -0.0098
vn 0.7739 0.6131 0.1584
vn 0.8898 0.0300 -0.4553
vn 0.4988 -0.4489 -0.7414
vn 0.7641 -0.5894 -0.2622
vn 0.9552 0.2820 0.0897
vn 0.5207 -0.8422 -0.1399
vn 0.7561 -0.6244 0.1961
vn 0.6175 0.3304 0.7138
vn 0.6472 0.2703 0.7127
vn -0.0665 0.6555 0.7522
vn 0.7561 -0.6244 0.1962
vn 0.9552 0.2820 0.0898
vn -0.6727 0.1437 0.7258
vn 0.5207 -0.8422 -0.1400
vn -0.7013 -0.4029 -0.5882
vn 0.6472 0.2703 0.7128
vn 0.7740 0.6131 0.1584
vn 0.5453 0.8382 -0.0097
vn -0.0449 0.6942 -0.7184
vn -0.9867 0.0771 0.1434
vn -0.9864 0.1383 -0.0888
vn -0.4458 0.1984 -0.8729
vn 0.3466 0.3425 -0.8732
vn -0.1362 -0.6968 -0.7042
vn -0.3466 0.3235 0.8805
vn -0.2172 0.3389 0.9154
vn -0.5284 -0.5417 0.6537
vn -0.6682 -0.7419 0.0553
vn -0.6650 -0.7016 -0.2559
vn 0.6346 -0.4660 0.6165
vn 0.8174 0.3461 0.4605
vn 0.8717 0.3636 0.3286
vn 0.7784 -0.5494 -0.3038
vn 0.9044 0.1574 -0.3965
vn 0.2124 -0.7208 -0.6598
vn 0.9301 0.2695 -0.2497
vn -0.1361 -0.6968 -0.7042
vn -0.0074 -0.9999 -0.0140
vn -0.7457 0.6605 -0.0876
vn -0.8275 0.5607 -0.0275
vn -0.9928 0.0967 -0.0709
vn -0.9681 -0.0158 -0.2500
vn -0.8973 0.4252 0.1185
vn -0.9547 -0.1362 0.2647
vn -0.7833 0.2360 0.5751
vn -0.1937 0.9592 0.2061
vn -0.1447 0.6234 0.7684
vn -0.0942 0.9885 0.1182
vn -0.1517 0.9037 0.4003
vn 0.7013 0.5845 0.4082
vn 0.5549 0.5277 0.6431
vn 0.6347 -0.1205 0.7633
vn 0.8860 -0.0350 0.4623
vn 0.7381 0.5255 0.4232
vn 0.9535 -0.0348 0.2994
vn -0.9707 0.0455 -0.2361
vn 0.6637 -0.7435 0.0813
vn 0.7146 -0.6941 -0.0868
vn 0.9243 -0.0068 0.3817
vn 0.8115 0.5621 0.1594
vn 0.5626 -0.7665 0.3096
vn 0.4357 -0.7828 0.4442
vn 0.1336 -0.7121 0.6893
vn 0.0006 -0.3411 0.9400
vn 0.2591 0.0638 0.9637
vn -0.4301 -0.5506 0.7154
vn -0.6383 -0.3230 0.6987
vn -0.5676 -0.7900 0.2317
vn -0.6382 -0.7694 -0.0272
vn -0.3963 -0.8101 -0.4321
vn -0.3039 -0.1437 0.9418
vn -0.5380 -0.7353 -0.4123
vn -0.6802 -0.6678 -0.3023
vn -0.9342 -0.0008 -0.3568
vn -0.5237 0.0754 -0.8486
vn -0.0206 -0.4443 -0.8957
vn -0.2378 0.5090 -0.8273
vn -0.6044 0.6755 -0.4223
vn 0.0081 0.9994 0.0346
vn 0.9253 0.0097 0.3790
vn 0.7310 0.5628 -0.3859
vn 0.7604 0.2289 -0.6077
vn 0.7107 -0.6996 -0.0742
vn 0.6190 -0.7604 0.1965
vn 0.6190 -0.7604 0.1966
vn 0.7106 -0.6996 -0.0742
vn -0.0206 -0.4443 -0.8956
vn -0.5236 0.0754 -0.8486
vn -0.2378 0.5089 -0.8273
vn 0.7310 0.5627 -0.3860
vn 0.8116 0.5621 0.1594
vn 0.0082 0.9994 0.0346
vn -0.5379 -0.7353 -0.4123
vn 0.5626 -0.7666 0.3096
vn -0.5676 -0.7900 0.2318
vn 0.1336 -0.7120 0.6893
vn -0.4302 -0.5506 0.7154
vn 0.5245 0.1432 0.8393
vn 0.6376 0.0006 0.7704
vn -0.2569 0.1102 0.9601
vn -0.3590 0.3749 0.8547
vn -0.8146 0.3334 0.4747
vn -0.8935 0.2171 0.3932
vn 0.6765 0.1016 0.7294
vn 0.7087 -0.0382 0.7045
vn 0.6369 0.4196 0.6468
vn 0.7728 0.3299 0.5421
vn -0.8898 0.3312 0.3140
vn -0.7560 0.5757 0.3116
vn -0.8723 0.4826 0.0785
vn -0.9468 0.1681 0.2743
vn -0.0722 0.7290 0.6807
vn 0.2077 0.8127 0.5444
vn 0.7111 0.4753 0.5181
vn -0.7240 0.6685 0.1698
vn -0.9041 0.4264 -0.0269
vn -0.9257 0.3538 -0.1341
vn 0.8186 0.2991 0.4903
vn 0.8323 0.2803 0.4782
vn 0.7414 0.5462 0.3899
vn 0.3216 0.4982 0.8052
vn 0.9845 0.0173 0.1744
vn 0.6727 0.1437 0.7259
vn 0.5936 -0.8023 0.0624
vn 0.9395 0.0813 -0.3328
vn 0.7013 -0.4029 -0.5881
vn 0.2587 0.1577 -0.9530
vn 0.5388 0.8149 0.2137
vn 0.0448 0.6943 -0.7183
vn 0.1137 -0.7509 -0.6505
vn 0.5113 -0.8384 0.1888
vn 0.3375 -0.3369 0.8790
vn 0.0666 0.6555 0.7522
vn -0.5475 0.1946 -0.8138
vn -0.5453 0.8382 -0.0098
vn -0.7739 0.6131 0.1584
vn -0.8898 0.0300 -0.4553
vn -0.4988 -0.4489 -0.7414
vn -0.7641 -0.5894 -0.2622
vn -0.9552 0.2820 0.0897
vn -0.5207 -0.8422 -0.1399
vn -0.7561 -0.6244 0.1961
vn -0.6175 0.3304 0.7138
vn -0.6472 0.2703 0.7127
vn -0.7561 -0.6244 0.1962
vn 0.0665 0.6555 0.7522
vn -0.9552 0.2820 0.0898
vn 0.6727 0.1437 0.7258
vn -0.5207 -0.8422 -0.1400
vn 0.7013 -0.4029 -0.5882
vn -0.6472 0.2703 0.7128
vn -0.7740 0.6131 0.1584
vn -0.5453 0.8382 -0.0097
vn 0.0449 0.6943 -0.7183
vn -0.3466 0.3425 -0.8732
vn 0.9864 0.1383 -0.0888
vn 0.4458 0.1984 -0.8729
vn 0.9867 0.0771 0.1434
vn 0.1362 -0.6968 -0.7042
vn 0.3466 0.3235 0.8805
vn 0.2172 0.3389 0.9154
vn 0.5284 -0.5417 0.6537
vn 0.6682 -0.7419 0.0553
vn 0.6650 -0.7016 -0.2559
vn -0.6346 -0.4660 0.6165
vn -0.8174 0.3461 0.4605
vn -0.8717 0.3636 0.3286
vn -0.7784 -0.5494 -0.3038
vn -0.9044 0.1574 -0.3965
vn -0.2124 -0.7208 -0.6598
vn -0.9300 0.2696 -0.2496
vn 0.0074 -0.9999 -0.0140
vn 0.1361 -0.6968 -0.7042
vn 0.1190 0.0327 -0.9924
vn 0.3866 -0.1832 -0.9039
vn 0.9656 -0.2444 -0.0888
vn 0.9360 -0.3468 0.0603
vn 0.5832 -0.0428 -0.8112
vn -0.7330 0.2944 -0.6133
vn -0.8800 0.2747 -0.3874
vn 0.9840 -0.1776 0.0144
vn -0.7486 0.2796 0.6012
vn -0.7538 0.1307 0.6440
vn -0.8029 0.0694 -0.5920
vn -0.9821 0.0327 -0.1856
vn -0.6821 -0.0037 0.7312
vn -0.7548 0.0299 0.6553
vn 0.3087 -0.2277 0.9235
vn 0.3369 -0.1297 0.9325
vn 0.9622 -0.2718 -0.0178
vn 0.9913 -0.1316 0.0083
vn -0.8681 0.1012 -0.4860
vn 0.3140 -0.2063 0.9267
vn 0.3761 -0.0688 0.9240
vn 0.9656 -0.2444 -0.0887
vn 0.9360 -0.3469 0.0602
vn 0.2496 -0.1689 -0.9535
vn 0.3985 -0.0477 -0.9159
vn 0.9913 -0.1317 0.0083
vn 0.9622 -0.2718 -0.0177
vn 0.9840 -0.1776 0.0145
vn 0.3640 -0.0318 0.9308
vn 0.9941 -0.0863 -0.0654
vn 0.5864 -0.1109 0.8024
vn 0.9532 -0.3005 -0.0327
vn 0.9137 -0.4049 -0.0337
vn 0.2302 -0.3387 0.9123
vn -0.7495 -0.0600 0.6593
vn -0.7431 -0.2399 0.6247
vn -0.8350 -0.5215 0.1753
vn -0.4822 -0.5563 0.6767
vn -0.2889 -0.1998 0.9363
vn -0.0632 0.0084 0.9980
vn -0.7572 -0.0426 -0.6518
vn -0.7943 -0.1332 -0.5928
vn 0.2569 -0.3309 -0.9080
vn 0.5674 -0.0687 -0.8206
vn -0.0090 0.0061 -0.9999
vn -0.7971 0.2447 -0.5521
vn 0.0498 0.6675 -0.7429
vn -0.5141 0.7528 -0.4111
vn 0.0494 0.9984 0.0261
vn -0.5667 0.8235 -0.0259
vn -0.7263 0.6794 -0.1041
vn -0.4874 0.7365 0.4691
vn 0.0230 0.5367 0.8435
vn -0.3425 0.4739 0.8113
vn -0.5789 0.2742 -0.7679
vn -0.6517 -0.2727 -0.7078
vn -0.5019 -0.4541 -0.7361
vn -0.6974 -0.4740 0.5376
vn -0.6868 -0.4035 -0.6045
vn -0.5022 -0.7598 -0.4129
vn -0.9995 0.0249 0.0183
vn -0.5610 -0.3368 0.7562
vn -0.6072 0.2826 0.7426
vn -0.6475 0.7567 0.0904
vn -0.6211 0.4994 -0.6040
vn -0.5214 -0.1662 -0.8370
vn -0.2889 -0.1997 0.9363
vn -0.7264 0.6794 -0.1041
vn -0.5789 0.2741 -0.7679
vn 0.3499 0.8244 -0.4450
vn 0.2841 0.8270 0.4851
vn 0.3549 -0.0527 0.9334
vn 0.5615 -0.7295 0.3906
vn 0.6195 -0.7849 -0.0131
vn 0.9138 -0.4049 -0.0337
vn 0.0497 0.6676 -0.7429
vn 0.3989 0.0763 -0.9138
vn 0.2569 -0.3310 -0.9080
vn 0.4355 -0.6316 -0.6414
vn -0.7605 0.0649 0.6461
vn -0.8681 0.0901 -0.4882
vn 0.2213 0.0196 -0.9750
vn 0.9941 -0.0863 -0.0655
vn -0.9360 -0.3468 0.0603
vn -0.3866 -0.1832 -0.9039
vn -0.9656 -0.2444 -0.0888
vn -0.1190 0.0327 -0.9924
vn -0.5832 -0.0428 -0.8112
vn 0.7330 0.2944 -0.6133
vn 0.8800 0.2747 -0.3874
vn -0.9840 -0.1776 0.0144
vn 0.7486 0.2796 0.6012
vn 0.7538 0.1307 0.6440
vn 0.8029 0.0694 -0.5920
vn 0.9821 0.0327 -0.1856
vn 0.6821 -0.0037 0.7312
vn 0.7548 0.0299 0.6553
vn -0.3087 -0.2277 0.9235
vn -0.3370 -0.1297 0.9325
vn -0.9622 -0.2718 -0.0178
vn -0.9913 -0.1316 0.0083
vn 0.8681 0.1012 -0.4860
vn -0.3140 -0.2063 0.9267
vn -0.3761 -0.0688 0.9240
vn -0.9656 -0.2444 -0.0887
vn -0.9360 -0.3469 0.0602
vn -0.2496 -0.1689 -0.9535
vn -0.3985 -0.0477 -0.9159
vn -0.9913 -0.1317 0.0083
vn -0.9622 -0.2718 -0.0177
vn -0.9840 -0.1776 0.0145
vn -0.3640 -0.0318 0.9308
vn -0.9941 -0.0863 -0.0654
vn -0.5864 -0.1109 0.8024
vn -0.9532 -0.3005 -0.0327
vn -0.9137 -0.4049 -0.0337
vn -0.2302 -0.3387 0.9123
vn 0.7495 -0.0600 0.6593
vn 0.7431 -0.2399 0.6247
vn 0.8350 -0.5215 0.1753
vn 0.4822 -0.5563 0.6767
vn 0.2889 -0.1998 0.9363
vn 0.0632 0.0084 0.9980
vn 0.7572 -0.0426 -0.6518
vn 0.7943 -0.1332 -0.5928
vn -0.2569 -0.3309 -0.9080
vn -0.5674 -0.0687 -0.8206
vn 0.0090 0.0061 -0.9999
vn 0.7971 0.2446 -0.5521
vn -0.0498 0.6675 -0.7429
vn 0.5142 0.7528 -0.4111
vn -0.0494 0.9984 0.0261
vn 0.5667 0.8235 -0.0259
vn 0.7263 0.6794 -0.1041
vn 0.4874 0.7365 0.4691
vn -0.0230 0.5367 0.8435
vn 0.3425 0.4739 0.8113
vn 0.5789 0.2742 -0.7679
vn 0.6517 -0.2727 -0.7078
vn 0.5019 -0.4541 -0.7361
vn 0.6868 -0.4035 -0.6045
vn 0.6974 -0.4740 0.5376
vn 0.5022 -0.7598 -0.4129
vn 0.9995 0.0249 0.0183
vn 0.5610 -0.3368 0.7562
vn 0.6072 0.2826 0.7426
vn 0.6475 0.7567 0.0904
vn 0.6211 0.4994 -0.6040
vn 0.5214 -0.1662 -0.8370
vn 0.2889 -0.1997 0.9363
vn 0.7264 0.6794 -0.1041
vn 0.5789 0.2741 -0.7679
vn -0.3499 0.8244 -0.4450
vn -0.2841 0.8270 0.4851
vn -0.3549 -0.0527 0.9334
vn -0.5615 -0.7295 0.3906
vn -0.6195 -0.7849 -0.0131
vn -0.9137 -0.4051 -0.0338
vn -0.0497 0.6676 -0.7429
vn -0.3989 0.0763 -0.9138
vn -0.2569 -0.3310 -0.9080
vn -0.4355 -0.6316 -0.6414
vn 0.7605 0.0649 0.6461
vn 0.8681 0.0901 -0.4882
vn -0.2213 0.0196 -0.9750
vn -0.9941 -0.0863 -0.0655
vn -0.7695 -0.2544 -0.5858
vn -0.7789 0.4049 -0.4789
vn -0.0710 -0.1464 -0.9867
vn -0.6139 0.2030 -0.7629
vn 0.4449 -0.0163 -0.8955
vn 0.0189 -0.2640 -0.9643
vn -0.8293 -0.2633 -0.4928
vn -0.2264 -0.2138 -0.9503
vn 0.6748 -0.0763 -0.7341
vn -0.0999 0.0025 -0.9950
vn 0.6897 0.1135 -0.7151
vn -0.7160 -0.1486 -0.6821
vn -0.8041 -0.0956 -0.5868
vn 0.7771 -0.0655 -0.6260
vn 0.8400 -0.1715 -0.5148
vn 0.9910 -0.0162 0.1327
vn 0.9788 0.1258 0.1616
vn 0.9701 -0.1552 0.1867
vn 0.9468 -0.3218 -0.0012
vn 0.6691 -0.2956 0.6819
vn 0.6340 0.0725 0.7699
vn 0.6940 0.0204 0.7197
vn 0.6645 0.2203 0.7141
vn 0.2945 0.1070 0.9496
vn 0.5255 0.1209 0.8422
vn 0.1198 0.0210 0.9926
vn -0.0464 0.4236 0.9047
vn -0.0085 -0.0896 0.9959
vn -0.5707 -0.2387 0.7857
vn -0.6137 -0.1738 0.7701
vn -0.6176 0.3674 0.6954
vn 0.1659 -0.0110 0.9861
vn -0.8626 -0.2805 0.4211
vn -0.9722 0.1589 0.1720
vn -0.9044 0.2400 0.3529
vn -0.9372 -0.1846 0.2959
vn -0.6008 -0.1428 0.7865
vn -0.9601 -0.2030 0.1922
vn 0.1171 -0.0415 0.9923
vn 0.8057 0.1020 0.5835
vn -0.6297 -0.2492 0.7358
vn -0.6345 -0.2247 0.7395
vn -0.6665 -0.2424 0.7050
vn -0.6803 -0.3126 0.6630
vn 0.0062 -0.4140 0.9103
vn 0.5893 -0.1298 0.7974
vn 0.8827 -0.0874 0.4618
vn 0.9393 0.0283 0.3419
vn -0.5083 -0.4479 0.7355
vn 0.9009 0.0501 0.4311
vn 0.9952 0.0501 -0.0841
vn -0.9143 -0.3121 0.2582
vn 0.9967 0.0305 0.0759
vn 0.8363 -0.0855 0.5415
vn 0.8368 0.1086 -0.5366
vn 0.9888 -0.0071 0.1490
vn 0.9936 -0.0193 0.1111
vn 0.9814 0.0687 -0.1795
vn 0.8396 -0.2486 0.4829
vn 0.5673 -0.4255 0.7051
vn -0.2799 -0.7480 0.6017
vn -0.7087 -0.6781 0.1946
vn -0.7351 -0.6779 0.0071
vn -0.9574 -0.2167 0.1909
vn -0.9325 -0.2574 0.2533
vn 0.4286 0.7679 0.4761
vn 0.3098 0.7825 -0.5402
vn -0.5946 0.7703 0.2305
vn -0.7716 0.6361 0.0035
vn -0.8507 0.4513 -0.2696
vn -0.1474 0.3037 -0.9413
vn 0.0544 0.5319 0.8450
vn 0.2488 -0.2634 0.9320
vn -0.2632 0.2015 0.9435
vn 0.7500 -0.1455 0.6452
vn -0.6138 0.2030 -0.7629
vn -0.8938 0.4481 0.0191
vn -0.7717 0.6360 0.0035
vn -0.5946 0.7703 0.2304
vn -0.7455 0.0173 0.6663
vn -0.7789 0.4050 -0.4789
vn -0.9522 0.0475 -0.3017
vn -0.9043 0.2400 0.3529
vn -0.6175 0.3675 0.6954
vn -0.0464 0.4235 0.9047
vn -0.9678 0.2084 -0.1415
vn -0.2036 0.5322 0.8217
vn -0.9457 -0.0975 -0.3100
vn -0.9723 -0.1905 -0.1351
vn -0.9143 -0.3121 0.2583
vn -0.9436 -0.3075 -0.1224
vn -0.9722 0.1590 0.1719
vn -0.8488 -0.1235 -0.5140
vn -0.2814 -0.1177 -0.9523
vn 0.1368 -0.0477 -0.9894
vn 0.6790 0.0606 -0.7317
vn -0.8057 -0.5646 -0.1791
vn -0.2597 -0.7945 -0.5490
vn -0.4661 -0.5867 -0.6622
vn 0.7103 -0.0211 -0.7035
vn 0.5271 -0.4475 -0.7225
vn -0.2336 -0.3185 -0.9187
vn 0.7104 -0.0211 -0.7035
vn 0.6157 -0.2846 -0.7348
vn 0.8583 -0.1322 -0.4959
vn 0.6146 -0.3206 -0.7208
vn 0.9526 0.0582 -0.2987
vn 0.8111 -0.2959 -0.5046
vn 0.7291 -0.4200 -0.5403
vn 0.6270 -0.2726 -0.7297
vn 0.8097 -0.5401 -0.2296
vn 0.5025 -0.4694 -0.7260
vn 0.5537 -0.5335 -0.6394
vn 0.9120 -0.3173 -0.2599
vn -0.6933 -0.7041 0.1538
vn -0.6685 -0.7193 -0.1890
vn -0.9088 -0.3671 -0.1983
vn -0.9088 -0.3672 -0.1983
vn -0.5445 -0.5622 -0.6225
vn -0.5463 -0.4959 -0.6750
vn -0.2979 -0.7224 -0.6240
vn -0.6933 -0.7041 0.1537
vn -0.1414 -0.9102 0.3893
vn -0.2799 -0.7480 0.6018
vn 0.5903 -0.5983 0.5418
vn 0.2071 0.3612 0.9092
vn 0.0721 -0.9022 -0.4252
vn 0.7292 -0.4200 -0.5403
vn 0.0444 -0.9095 -0.4133
vn -0.5119 -0.8260 -0.2361
vn 0.7789 0.4049 -0.4789
vn 0.7695 -0.2544 -0.5858
vn 0.0710 -0.1464 -0.9867
vn 0.6139 0.2030 -0.7629
vn -0.4449 -0.0163 -0.8955
vn -0.0189 -0.2640 -0.9643
vn 0.8293 -0.2633 -0.4928
vn 0.2264 -0.2139 -0.9503
vn -0.6748 -0.0763 -0.7341
vn 0.0999 0.0025 -0.9950
vn -0.6897 0.1135 -0.7151
vn 0.7160 -0.1486 -0.6821
vn 0.8041 -0.0956 -0.5868
vn -0.7771 -0.0655 -0.6260
vn -0.8400 -0.1715 -0.5148
vn -0.9910 -0.0162 0.1327
vn -0.9788 0.1258 0.1616
vn -0.9701 -0.1552 0.1867
vn -0.9468 -0.3218 -0.0012
vn -0.6691 -0.2956 0.6819
vn -0.6340 0.0725 0.7699
vn -0.6939 0.0204 0.7197
vn -0.6645 0.2203 0.7141
vn -0.2945 0.1070 0.9496
vn -0.5255 0.1209 0.8422
vn -0.1198 0.0210 0.9926
vn 0.0464 0.4236 0.9047
vn 0.0085 -0.0896 0.9959
vn 0.5707 -0.2387 0.7857
vn 0.6137 -0.1738 0.7701
vn 0.6176 0.3674 0.6954
vn -0.1659 -0.0110 0.9861
vn 0.8626 -0.2805 0.4211
vn 0.9722 0.1589 0.1720
vn 0.9044 0.2400 0.3529
vn 0.9372 -0.1846 0.2959
vn 0.6008 -0.1428 0.7865
vn 0.9601 -0.2030 0.1922
vn -0.1171 -0.0416 0.9923
vn -0.8057 0.1020 0.5835
vn 0.6297 -0.2492 0.7358
vn 0.6345 -0.2247 0.7395
vn 0.6665 -0.2424 0.7050
vn 0.6803 -0.3126 0.6630
vn -0.0062 -0.4140 0.9103
vn -0.5893 -0.1298 0.7974
vn -0.8827 -0.0874 0.4618
vn -0.9393 0.0283 0.3419
vn 0.5083 -0.4479 0.7355
vn -0.9009 0.0501 0.4311
vn -0.9952 0.0501 -0.0842
vn 0.9143 -0.3121 0.2582
vn -0.9967 0.0305 0.0759
vn -0.8363 -0.0855 0.5415
vn -0.8368 0.1086 -0.5366
vn -0.9888 -0.0071 0.1490
vn -0.9936 -0.0193 0.1111
vn -0.8396 -0.2486 0.4829
vn -0.9814 0.0687 -0.1795
vn -0.5673 -0.4255 0.7051
vn 0.2799 -0.7480 0.6017
vn 0.7087 -0.6781 0.1946
vn 0.7351 -0.6779 0.0071
vn 0.9574 -0.2167 0.1909
vn 0.9325 -0.2574 0.2533
vn 0.7716 0.6361 0.0035
vn -0.3098 0.7825 -0.5402
vn 0.5946 0.7703 0.2305
vn -0.4286 0.7679 0.4761
vn 0.8507 0.4513 -0.2696
vn 0.1474 0.3038 -0.9413
vn -0.0544 0.5319 0.8450
vn -0.2488 -0.2634 0.9320
vn 0.2632 0.2015 0.9435
vn -0.7501 -0.1455 0.6452
vn 0.6138 0.2030 -0.7629
vn 0.8938 0.4481 0.0191
vn 0.7717 0.6360 0.0035
vn 0.5946 0.7703 0.2304
vn 0.7455 0.0173 0.6663
vn 0.7789 0.4050 -0.4789
vn 0.9522 0.0475 -0.3017
vn 0.9043 0.2400 0.3529
vn 0.6175 0.3675 0.6954
vn 0.0464 0.4235 0.9047
vn 0.9678 0.2084 -0.1415
vn 0.2036 0.5322 0.8217
vn 0.9457 -0.0975 -0.3100
vn 0.9723 -0.1905 -0.1351
vn 0.9143 -0.3121 0.2583
vn 0.9436 -0.3075 -0.1224
vn 0.9722 0.1590 0.1719
vn 0.2814 -0.1177 -0.9523
vn 0.8488 -0.1235 -0.5140
vn -0.1368 -0.0477 -0.9894
vn -0.6790 0.0606 -0.7317
vn 0.2597 -0.7945 -0.5490
vn 0.8057 -0.5646 -0.1791
vn 0.4661 -0.5867 -0.6622
vn -0.5271 -0.4475 -0.7225
vn -0.7103 -0.0211 -0.7035
vn 0.2336 -0.3185 -0.9187
vn -0.7104 -0.0211 -0.7035
vn -0.8583 -0.1322 -0.4959
vn -0.6157 -0.2846 -0.7348
vn -0.6146 -0.3206 -0.7208
vn -0.9526 0.0582 -0.2987
vn -0.8111 -0.2959 -0.5046
vn -0.7291 -0.4200 -0.5403
vn -0.6270 -0.2726 -0.7297
vn -0.8097 -0.5401 -0.2296
vn -0.5537 -0.5335 -0.6394
vn -0.5025 -0.4694 -0.7260
vn -0.9120 -0.3173 -0.2599
vn 0.6685 -0.7193 -0.1890
vn 0.6933 -0.7041 0.1537
vn 0.9088 -0.3671 -0.1983
vn 0.5445 -0.5622 -0.6225
vn 0.9088 -0.3672 -0.1983
vn 0.5463 -0.4959 -0.6750
vn 0.2979 -0.7224 -0.6240
vn 0.1414 -0.9102 0.3893
vn -0.5903 -0.5983 0.5418
vn 0.2799 -0.7480 0.6018
vn -0.2071 0.3612 0.9092
vn -0.7292 -0.4200 -0.5403
vn -0.0721 -0.9022 -0.4252
vn -0.0444 -0.9095 -0.4133
vn 0.5119 -0.8260 -0.2361
vn 0.9767 0.0833 0.1979
vn 0.7968 0.4753 0.3732
vn 0.8470 0.2854 0.4485
vn 0.9427 -0.1033 0.3171
vn 0.5418 -0.2334 0.8075
vn 0.7968 0.4752 0.3732
vn 0.0967 0.5577 0.8244
vn 0.1985 0.1166 0.9731
vn -0.5958 0.2972 0.7461
vn -0.8332 -0.1652 0.5277
vn -0.6172 0.1010 0.7803
vn -0.7238 -0.2457 0.6448
vn 0.1280 -0.3006 0.9451
vn -0.7998 -0.0583 0.5974
vn -0.9780 0.1458 0.1492
vn -0.9605 -0.0060 0.2782
vn -0.7138 -0.2027 0.6704
vn 0.3419 -0.2954 0.8921
vn -0.9692 -0.1945 0.1509
vn -0.9534 0.1609 -0.2551
vn -0.8595 -0.1058 -0.5001
vn -0.8863 -0.2668 -0.3785
vn -0.7670 -0.1780 0.6164
vn -0.9657 -0.1639 0.2015
vn -0.6677 0.0377 0.7435
vn -0.9730 0.0221 0.2299
vn -0.9334 0.0780 0.3502
vn -0.6135 0.1797 0.7690
vn -0.9976 0.0602 0.0343
vn -0.9966 -0.0781 -0.0251
vn -0.9714 0.0979 0.2164
vn -0.6783 0.2220 0.7004
vn 0.2347 0.3654 0.9008
vn -0.0648 -0.1320 0.9891
vn 0.4237 0.1144 0.8985
vn 0.8788 0.1736 0.4445
vn 0.8396 0.4154 0.3501
vn 0.7299 0.5316 0.4297
vn 0.9096 -0.0001 0.4154
vn 0.9796 0.1423 -0.1418
vn 0.9434 0.0147 -0.3313
vn 0.9776 0.0550 -0.2029
vn 0.9158 -0.0075 0.4015
vn 0.9412 0.3356 0.0380
vn 0.9110 0.2700 0.3119
vn 0.6278 0.3728 -0.6833
vn 0.6704 0.0843 -0.7372
vn 0.6660 -0.0751 -0.7422
vn 0.5710 -0.0658 -0.8183
vn 0.6104 0.1789 -0.7716
vn 0.9428 -0.1033 0.3171
vn 0.6425 0.7627 0.0740
vn 0.2778 0.8947 -0.3497
vn -0.3234 0.4121 -0.8518
vn -0.5297 0.8008 -0.2796
vn 0.0267 0.0612 -0.9978
vn -0.1855 -0.2097 -0.9600
vn -0.3268 -0.1730 -0.9291
vn -0.2757 0.4363 -0.8565
vn 0.5493 0.3583 -0.7549
vn -0.1550 0.3739 -0.9144
vn 0.4831 -0.3161 -0.8165
vn 0.8012 0.1512 -0.5789
vn 0.8224 0.1806 -0.5395
vn -0.2698 -0.4223 -0.8654
vn 0.9496 0.2757 -0.1494
vn 0.6830 0.1312 -0.7185
vn 0.9155 0.3375 -0.2188
vn 0.8974 0.4304 0.0973
vn 0.4116 -0.4280 -0.8046
vn 0.0267 0.0611 -0.9978
vn -0.9265 -0.1933 -0.3228
vn -0.9633 0.0481 -0.2642
vn -0.8905 0.2273 -0.3942
vn -0.2698 -0.4222 -0.8654
vn -0.6633 -0.6344 -0.3971
vn -0.5870 -0.6534 -0.4780
vn -0.8601 -0.2115 -0.4643
vn -0.6632 -0.6344 -0.3971
vn 0.0089 -0.8263 -0.5632
vn 0.6830 0.1311 -0.7185
vn -0.8601 -0.2115 -0.4642
vn 0.0186 0.9802 -0.1973
vn -0.1415 0.9766 -0.1622
vn 0.0730 0.9454 -0.3175
vn -0.0881 0.9247 0.3705
vn -0.7936 0.4553 0.4036
vn 0.4794 0.8673 0.1342
vn 0.2778 0.8947 -0.3496
vn -0.4074 0.9131 -0.0191
vn -0.4073 0.9131 -0.0191
vn -0.8487 0.2620 0.4594
vn -0.7928 0.5620 0.2359
vn -0.0881 0.9246 0.3705
vn -0.7936 0.4554 0.4036
vn 0.8882 0.4249 0.1747
vn -0.7968 0.4753 0.3732
vn -0.9767 0.0833 0.1979
vn -0.8470 0.2854 0.4485
vn -0.9427 -0.1033 0.3171
vn -0.5418 -0.2334 0.8075
vn -0.0967 0.5577 0.8244
vn -0.7968 0.4752 0.3732
vn -0.1985 0.1166 0.9731
vn 0.5958 0.2972 0.7461
vn 0.8332 -0.1652 0.5277
vn 0.6172 0.1010 0.7803
vn 0.7238 -0.2457 0.6448
vn -0.1280 -0.3006 0.9451
vn 0.9780 0.1458 0.1492
vn 0.7998 -0.0583 0.5974
vn 0.9605 -0.0060 0.2782
vn 0.7138 -0.2027 0.6704
vn 0.7237 -0.2457 0.6448
vn -0.3419 -0.2954 0.8921
vn 0.9692 -0.1945 0.1509
vn 0.9534 0.1609 -0.2551
vn 0.8595 -0.1058 -0.5001
vn 0.8863 -0.2668 -0.3785
vn 0.7670 -0.1780 0.6164
vn 0.9657 -0.1639 0.2015
vn 0.6677 0.0377 0.7435
vn 0.9730 0.0220 0.2299
vn 0.9334 0.0780 0.3502
vn 0.6135 0.1796 0.7690
vn 0.9976 0.0601 0.0343
vn 0.9966 -0.0781 -0.0251
vn 0.9714 0.0979 0.2164
vn 0.6783 0.2220 0.7004
vn -0.2347 0.3654 0.9008
vn 0.0648 -0.1319 0.9891
vn -0.4237 0.1144 0.8985
vn -0.8788 0.1736 0.4445
vn -0.8396 0.4154 0.3501
vn -0.7299 0.5316 0.4296
vn -0.9096 -0.0001 0.4154
vn -0.9796 0.1423 -0.1417
vn -0.9434 0.0147 -0.3313
vn -0.9776 0.0550 -0.2029
vn -0.9158 -0.0076 0.4015
vn -0.9412 0.3356 0.0380
vn -0.9110 0.2700 0.3119
vn -0.6278 0.3728 -0.6832
vn -0.6704 0.0843 -0.7372
vn -0.6660 -0.0751 -0.7422
vn -0.5710 -0.0658 -0.8183
vn -0.6104 0.1789 -0.7716
vn -0.9428 -0.1033 0.3171
vn -0.6425 0.7627 0.0740
vn -0.2778 0.8947 -0.3497
vn 0.3234 0.4121 -0.8518
vn 0.5297 0.8008 -0.2796
vn -0.0267 0.0612 -0.9978
vn 0.1855 -0.2097 -0.9600
vn 0.3268 -0.1730 -0.9291
vn 0.2757 0.4363 -0.8565
vn -0.5493 0.3583 -0.7549
vn 0.1550 0.3739 -0.9144
vn -0.4831 -0.3161 -0.8165
vn -0.8012 0.1512 -0.5789
vn -0.8224 0.1806 -0.5395
vn 0.2698 -0.4222 -0.8654
vn -0.9496 0.2757 -0.1494
vn -0.6830 0.1312 -0.7185
vn -0.9155 0.3375 -0.2188
vn -0.8974 0.4304 0.0973
vn -0.4116 -0.4280 -0.8046
vn -0.0267 0.0611 -0.9978
vn 0.1855 -0.2096 -0.9600
vn 0.9265 -0.1933 -0.3228
vn 0.9633 0.0481 -0.2642
vn 0.8905 0.2273 -0.3942
vn 0.6633 -0.6344 -0.3971
vn 0.5870 -0.6534 -0.4780
vn 0.8601 -0.2115 -0.4642
vn 0.2698 -0.4223 -0.8654
vn 0.6633 -0.6343 -0.3971
vn -0.0089 -0.8263 -0.5632
vn -0.6830 0.1311 -0.7185
vn 0.1415 0.9766 -0.1622
vn -0.0186 0.9802 -0.1973
vn -0.0730 0.9454 -0.3175
vn 0.0881 0.9247 0.3705
vn 0.7936 0.4553 0.4036
vn -0.4793 0.8673 0.1342
vn -0.2779 0.8947 -0.3497
vn 0.4074 0.9131 -0.0191
vn 0.4073 0.9131 -0.0191
vn 0.8487 0.2620 0.4594
vn 0.7928 0.5620 0.2359
vn 0.0881 0.9246 0.3705
vn -0.0966 0.5577 0.8244
vn 0.7936 0.4554 0.4036
vn -0.8882 0.4249 0.1747
vn -0.6082 0.1624 0.7770
vn 0.1659 -0.3756 0.9118
vn 0.5043 0.6039 0.6172
vn 0.2867 0.6963 0.6580
vn -0.8298 0.1554 0.5359
vn -0.3614 -0.6719 0.6465
vn -0.9815 -0.1654 0.0965
vn 0.4217 -0.5463 0.7237
vn 0.4159 0.3021 0.8577
vn -0.8299 0.1553 0.5359
vn -0.5349 0.2864 -0.7949
vn -0.5449 0.0559 -0.8366
vn -0.5349 0.2863 -0.7949
vn -0.9683 -0.2428 0.0593
vn 0.0099 0.3114 -0.9502
vn 0.0414 0.5478 -0.8356
vn 0.3166 0.9261 -0.2050
vn -0.0000 0.5839 0.8118
vn -0.0000 0.0986 0.9951
vn 0.8476 0.1967 0.4929
vn 0.8297 0.0842 0.5518
vn 0.9750 -0.2202 0.0300
vn 0.9626 -0.2058 0.1760
vn 0.9759 -0.2170 -0.0215
vn 0.8304 -0.0954 0.5489
vn 0.0000 0.1328 0.9911
vn -0.0000 -0.2526 0.9676
vn 0.8679 -0.1864 0.4604
vn 0.9950 -0.0514 -0.0854
vn 0.6654 0.2671 0.6970
vn 0.9394 -0.2752 0.2045
vn 0.0000 0.1157 0.9933
vn 0.4444 0.6219 0.6447
vn -0.0000 0.9290 0.3702
vn 0.9014 0.3858 0.1966
vn -0.8304 -0.0954 0.5489
vn -0.8297 0.0842 0.5518
vn -0.8679 -0.1864 0.4604
vn -0.4444 0.6219 0.6447
vn -0.9014 0.3858 0.1966
vn -0.9759 -0.2170 -0.0215
vn -0.9750 -0.2202 0.0300
vn -0.8476 0.1967 0.4929
vn -0.9626 -0.2058 0.1760
vn -0.9950 -0.0514 -0.0854
vn -0.6654 0.2671 0.6970
vn -0.9394 -0.2752 0.2045
vn 0.5698 0.2587 0.7800
vn 0.3851 0.3485 0.8546
vn 0.8641 0.4779 0.1579
vn 0.8762 0.4417 0.1928
vn 0.7396 0.3762 -0.5581
vn 0.7608 0.2642 -0.5928
vn 0.8288 0.4450 0.3392
vn 0.0490 0.4046 0.9132
vn -0.3382 0.6479 0.6826
vn 0.7449 0.1346 0.6534
vn 0.3394 -0.1966 0.9199
vn 0.9875 -0.0079 -0.1571
vn 0.6150 -0.5728 0.5420
vn 0.4050 -0.7161 0.5685
vn 0.4399 -0.3467 0.8284
vn 0.4294 -0.7599 0.4881
vn -0.0031 -0.3175 0.9483
vn -0.6653 0.5966 0.4489
vn -0.4997 0.7028 0.5063
vn -0.9676 0.1754 -0.1818
vn -0.7731 0.1144 -0.6238
vn -0.8838 0.1266 -0.4503
vn -0.8246 0.1002 -0.5568
vn -0.7731 0.1143 -0.6238
vn -0.9340 0.1013 -0.3427
vn -0.8444 0.5224 0.1188
vn -0.9969 0.0004 -0.0786
vn -0.9340 0.1013 -0.3428
vn -0.9810 -0.0375 -0.1903
vn -0.9983 -0.0580 0.0059
vn -0.9990 -0.0260 0.0358
vn -0.4505 0.6291 0.6334
vn 0.6064 -0.1438 0.7821
vn 0.5156 0.1865 0.8363
vn 0.0000 0.1399 0.9902
vn -0.0001 0.9826 0.1860
vn -0.3541 0.8927 0.2787
vn -0.0000 -0.6712 0.7412
vn 0.8127 -0.4652 0.3508
vn -0.6665 0.6235 -0.4087
vn -0.8717 0.4229 -0.2476
vn 0.0000 0.6591 -0.7521
vn -0.0096 0.9940 0.1090
vn -0.3165 0.8159 -0.4839
vn 0.5833 -0.5739 0.5748
vn 0.4512 -0.0624 0.8902
vn 0.2612 0.9609 -0.0921
vn 0.7987 -0.2341 0.5543
vn 0.9125 0.1624 -0.3754
vn 0.1545 0.8359 -0.5267
vn 0.4020 -0.7829 0.4749
vn 0.8717 0.4229 -0.2476
vn -0.6064 -0.1438 0.7821
vn 0.4505 0.6291 0.6334
vn -0.5156 0.1865 0.8363
vn 0.3541 0.8927 0.2787
vn 0.6665 0.6235 -0.4087
vn 0.0096 0.9940 0.1090
vn 0.3165 0.8159 -0.4839
vn -0.8127 -0.4652 0.3508
vn -0.5833 -0.5739 0.5748
vn -0.4512 -0.0624 0.8902
vn -0.2611 0.9609 -0.0921
vn -0.7987 -0.2341 0.5543
vn -0.9125 0.1624 -0.3754
vn -0.1545 0.8359 -0.5267
vn -0.4020 -0.7829 0.4749
vn 0.3344 -0.9420 -0.0276
vn 0.4984 -0.7240 0.4769
vn 0.4950 -0.8663 0.0672
vn 0.6030 -0.4815 0.6361
vn 0.7985 -0.5614 0.2172
vn 0.6510 0.0185 0.7589
vn 0.9100 0.2499 0.3309
vn 0.7009 0.0110 0.7132
vn 0.9989 0.0418 -0.0201
vn 0.7415 -0.1626 0.6509
vn 0.9087 -0.1751 0.3789
vn 0.7960 0.4955 0.3477
vn 0.7935 0.5356 -0.2890
vn 0.8901 0.1648 -0.4248
vn -0.0262 0.9564 0.2909
vn 0.3724 0.5429 0.7527
vn 0.8955 -0.0992 -0.4339
vn 0.6492 -0.1918 0.7360
vn 0.4975 -0.2104 0.8416
vn 0.5399 -0.0049 0.8417
vn 0.5246 -0.1352 0.8405
vn -0.0000 -0.3100 0.9507
vn -0.0000 0.3562 0.9344
vn 0.0997 0.5270 0.8440
vn -0.3237 0.8786 0.3510
vn 0.0000 0.8848 0.4660
vn -0.0000 -0.2173 0.9761
vn 0.7117 -0.5278 0.4636
vn 0.7986 -0.5975 0.0726
vn 0.0000 -0.9809 0.1946
vn -0.0000 -0.6681 0.7441
vn -0.7117 -0.5278 0.4636
vn -0.7986 -0.5975 0.0726
vn 0.3237 0.8786 0.3510
vn -0.0997 0.5270 0.8440
vn -0.6030 -0.4815 0.6361
vn -0.4950 -0.8663 0.0672
vn -0.4984 -0.7240 0.4769
vn -0.3344 -0.9420 -0.0276
vn -0.7985 -0.5614 0.2172
vn -0.6510 0.0185 0.7589
vn -0.9100 0.2499 0.3309
vn -0.7009 0.0110 0.7132
vn -0.9989 0.0418 -0.0201
vn -0.7415 -0.1626 0.6509
vn -0.9087 -0.1751 0.3789
vn -0.7960 0.4955 0.3477
vn -0.7935 0.5356 -0.2890
vn -0.8901 0.1648 -0.4248
vn 0.0262 0.9564 0.2909
vn -0.3724 0.5429 0.7527
vn -0.8955 -0.0992 -0.4339
vn -0.6492 -0.1918 0.7361
vn -0.4975 -0.2104 0.8416
vn -0.5399 -0.0050 0.8417
vn -0.5246 -0.1352 0.8405
vn 0.3060 -0.0969 -0.9471
vn 0.8420 0.4402 -0.3119
vn 0.3735 -0.3487 -0.8596
vn 0.7682 -0.4522 -0.4532
vn 0.5401 0.7213 0.4336
vn 0.9103 -0.4106 -0.0534
vn 0.7778 -0.2500 0.5766
vn -0.0352 0.6166 0.7865
vn 0.0263 0.3659 -0.9303
vn 0.4830 0.8752 -0.0286
vn 0.0313 0.5032 0.8636
vn 0.8200 0.0010 0.5723
vn 0.8084 -0.1339 0.5732
vn -0.1578 0.5498 0.8203
vn 0.8721 -0.0598 0.4857
vn 0.2435 0.5546 0.7957
vn 0.8261 0.0188 0.5632
vn -0.0000 0.5105 0.8599
vn -0.2435 0.5546 0.7957
vn -0.8261 0.0188 0.5632
vn -0.8721 -0.0598 0.4857
vn 0.1578 0.5498 0.8203
vn -0.8084 -0.1339 0.5732
vn -0.0313 0.5032 0.8636
vn -0.8200 0.0010 0.5723
vn -0.7778 -0.2500 0.5766
vn 0.0352 0.6166 0.7865
vn -0.5401 0.7213 0.4336
vn -0.9103 -0.4106 -0.0534
vn -0.7682 -0.4522 -0.4532
vn -0.8420 0.4402 -0.3119
vn -0.3735 -0.3487 -0.8596
vn -0.3060 -0.0969 -0.9471
vn -0.0263 0.3659 -0.9303
vn -0.4830 0.8752 -0.0286
vn 0.8075 -0.2702 0.5243
vn 0.6403 -0.1085 0.7604
vn 0.5960 0.1793 0.7827
vn 0.8971 0.0542 0.4384
vn 0.8972 -0.3357 0.2869
vn 0.9362 -0.1201 -0.3303
vn -0.0000 -0.0360 0.9994
vn -0.0001 -0.4830 0.8756
vn 0.7738 -0.2662 0.5747
vn 0.6332 -0.0446 0.7727
vn 0.9120 -0.3538 0.2075
vn 0.8804 -0.3439 -0.3267
vn 0.9362 -0.1200 -0.3303
vn 0.2816 -0.3035 -0.9103
vn 0.4781 -0.0634 -0.8760
vn -0.2490 0.0233 -0.9682
vn 0.0342 -0.0443 -0.9984
vn -0.7738 -0.2662 0.5747
vn -0.6332 -0.0446 0.7727
vn -0.6403 -0.1085 0.7604
vn -0.5960 0.1793 0.7827
vn -0.9120 -0.3538 0.2075
vn -0.8971 0.0542 0.4384
vn -0.8804 -0.3439 -0.3267
vn -0.9362 -0.1200 -0.3303
vn -0.2816 -0.3035 -0.9103
vn -0.4781 -0.0634 -0.8760
vn 0.2490 0.0233 -0.9682
vn -0.0342 -0.0443 -0.9984
vn 0.7538 -0.0652 0.6538
vn 0.8974 -0.3615 0.2531
vn 0.9343 -0.2675 0.2356
vn 0.8130 -0.3431 0.4705
vn 0.4630 0.2751 0.8426
vn 0.6591 -0.2006 0.7248
vn -0.1410 0.3887 0.9105
vn -0.2746 0.2659 0.9241
vn 0.8665 -0.3634 -0.3421
vn 0.8574 -0.2595 -0.4445
vn 0.2857 -0.0360 -0.9577
vn 0.3082 -0.1730 -0.9354
vn 0.4561 0.0296 -0.8894
vn 0.2566 -0.2436 -0.9353
vn -0.0590 0.2948 0.9537
vn 0.5099 -0.1681 0.8436
vn -0.0000 0.1845 0.9828
vn 0.5777 -0.2228 0.7853
vn 0.0000 -0.2054 0.9787
vn -0.5777 -0.2228 0.7853
vn -0.5099 -0.1681 0.8436
vn 0.0590 0.2948 0.9537
vn -0.6591 -0.2006 0.7248
vn 0.2746 0.2659 0.9241
vn 0.1410 0.3887 0.9105
vn -0.4630 0.2751 0.8426
vn -0.8130 -0.3431 0.4705
vn -0.7538 -0.0652 0.6538
vn -0.8974 -0.3615 0.2531
vn -0.9343 -0.2675 0.2356
vn -0.8666 -0.3634 -0.3421
vn -0.8574 -0.2595 -0.4445
vn -0.2857 -0.0360 -0.9577
vn -0.3082 -0.1730 -0.9354
vn -0.4561 0.0296 -0.8894
vn -0.2566 -0.2436 -0.9353
vn 0.8574 -0.2595 -0.4444
vn 0.8154 -0.1508 0.5589
vn 0.6421 -0.2878 -0.7106
vn 0.9390 -0.3391 -0.0568
vn 0.5608 0.4253 0.7103
vn 0.4109 0.6562 0.6328
vn 0.3782 0.6335 0.6750
vn 0.5109 0.2107 0.8334
vn 0.6173 0.7658 -0.1803
vn 0.3388 0.6747 -0.6557
vn 0.2474 0.0432 -0.9679
vn 0.2444 0.9569 0.1568
vn 0.4060 0.5733 0.7117
vn 0.5202 0.8318 0.1936
vn 0.8639 0.0527 0.5009
vn 0.0000 -0.4207 0.9072
vn 0.8084 -0.3217 0.4929
vn 0.0000 -0.6301 0.7765
vn -0.0000 0.4057 0.9140
vn 0.8183 0.5656 -0.1025
vn 0.9771 0.1607 -0.1393
vn -0.0000 0.6996 -0.7146
vn 0.2606 0.7991 -0.5417
vn 0.0000 0.1277 -0.9918
vn 0.0000 0.6205 -0.7842
vn 0.2404 0.6157 0.7504
vn 0.0000 0.5795 0.8150
vn 0.4155 0.1911 0.8893
vn 0.0000 0.0955 0.9954
vn -0.8084 -0.3217 0.4929
vn -0.2606 0.7991 -0.5417
vn -0.2474 0.0432 -0.9679
vn -0.2404 0.6157 0.7504
vn -0.8183 0.5656 -0.1025
vn -0.9771 0.1607 -0.1393
vn -0.8639 0.0527 0.5008
vn -0.4060 0.5733 0.7117
vn -0.5202 0.8318 0.1936
vn -0.2444 0.9569 0.1568
vn -0.4109 0.6562 0.6328
vn -0.6173 0.7658 -0.1803
vn -0.5608 0.4253 0.7103
vn -0.8154 -0.1508 0.5589
vn -0.3782 0.6335 0.6750
vn -0.5109 0.2107 0.8334
vn -0.3388 0.6747 -0.6557
vn -0.6421 -0.2878 -0.7106
vn -0.8574 -0.2595 -0.4444
vn -0.9390 -0.3391 -0.0568
vn -0.4062 0.0631 -0.9116
vn -0.0000 -0.2335 -0.9723
vn 0.4062 0.0631 -0.9116
vn 0.1958 0.5002 -0.8435
vn -0.1958 0.5002 -0.8435
vn 0.4062 0.0632 -0.9116
vn 0.4562 0.0296 -0.8894
vn 0.2856 -0.0361 -0.9577
vn 0.8666 -0.3634 -0.3421
vn 0.9362 -0.1200 -0.3302
vn 0.8130 -0.3431 0.4704
vn 0.5084 -0.2492 -0.8243
vn -0.5099 -0.1682 0.8436
vn -0.8075 -0.2702 0.5243
vn -0.8130 -0.3431 0.4704
vn -0.8972 -0.3357 0.2869
vn -0.9362 -0.1200 -0.3302
vn -0.2856 -0.0361 -0.9577
vn -0.4562 0.0296 -0.8894
vn -0.5084 -0.2492 -0.8243
vn -0.5084 -0.2493 -0.8243
vn -0.2472 0.0890 -0.9649
vn -0.0342 -0.0442 -0.9984
vn 0.0322 0.0792 -0.9963
vn 0.2489 0.0234 -0.9682
vn -0.2090 -0.3097 -0.9276
vn 0.2489 0.0233 -0.9682
vn -0.3414 -0.2835 -0.8962
vn -0.3823 -0.2104 -0.8997
vn -0.6188 -0.5091 -0.5982
vn -0.8803 -0.3439 -0.3267
vn -0.9120 -0.3538 0.2074
vn -0.4571 0.5008 -0.7350
vn -0.1723 0.0567 -0.9834
vn -0.4544 0.0112 -0.8907
vn -0.0166 0.1180 -0.9929
vn -0.6353 0.7713 0.0392
vn -0.4829 0.8752 -0.0286
vn -0.5400 0.7213 0.4336
vn -0.1606 0.7964 0.5831
vn 0.0353 0.6167 0.7864
vn -0.7599 -0.3680 -0.5358
vn -0.0283 0.6194 0.7846
vn -0.8502 0.1791 0.4951
vn -0.8289 -0.2102 0.5185
vn -0.6324 0.0146 0.7745
vn -0.9509 0.1736 -0.2564
vn 0.0883 0.4631 0.8819
vn 0.1577 0.5498 0.8203
vn -0.0270 0.4354 0.8998
vn -0.7738 -0.2661 0.5748
vn -0.6574 -0.1996 0.7266
vn 0.0000 -0.1351 0.9908
vn 0.0000 -0.4830 0.8756
vn 0.6574 -0.1996 0.7266
vn 0.0270 0.4354 0.8998
vn 0.0000 0.7098 0.7044
vn -0.1577 0.5498 0.8203
vn -0.0883 0.4631 0.8819
vn 0.0283 0.6194 0.7846
vn -0.0353 0.6167 0.7864
vn 0.1606 0.7964 0.5831
vn 0.8502 0.1791 0.4951
vn 0.8289 -0.2102 0.5185
vn 0.6324 0.0146 0.7745
vn 0.5400 0.7213 0.4336
vn 0.6353 0.7713 0.0392
vn 0.4829 0.8752 -0.0286
vn 0.4571 0.5008 -0.7350
vn 0.7599 -0.3680 -0.5358
vn 0.9509 0.1736 -0.2564
vn 0.3823 -0.2104 -0.8997
vn 0.3414 -0.2835 -0.8962
vn 0.1723 0.0567 -0.9834
vn 0.4544 0.0112 -0.8907
vn 0.0166 0.1180 -0.9929
vn 0.6188 -0.5091 -0.5982
vn 0.8803 -0.3439 -0.3267
vn 0.9120 -0.3538 0.2074
vn -0.2489 0.0233 -0.9682
vn -0.6182 0.2611 -0.7414
vn -0.4793 -0.1774 -0.8596
vn 0.3001 -0.2283 -0.9262
vn 0.0432 0.3277 -0.9438
vn 0.6598 -0.1758 -0.7306
vn 0.5366 0.5006 -0.6793
vn 0.0000 0.4921 -0.8705
vn -0.2273 0.1409 -0.9636
vn 0.7560 0.0886 -0.6485
vn 0.7793 -0.2914 -0.5548
vn 0.8593 -0.3582 -0.3650
vn 0.8335 0.0064 -0.5526
vn 0.7555 -0.2795 -0.5925
vn 0.0000 -0.0322 -0.9995
vn -0.0000 -0.2521 -0.9677
vn 0.0000 -0.6036 -0.7973
vn 0.7433 -0.5339 -0.4031
vn 0.0000 -0.9813 -0.1924
vn 0.6332 -0.7326 -0.2497
vn 0.0000 -0.9998 -0.0174
vn 0.8607 -0.2055 -0.4658
vn 0.2473 -0.4624 -0.8515
vn 0.5745 0.3488 -0.7405
vn 0.7172 0.2396 0.6544
vn 0.7965 -0.1143 0.5937
vn 0.2934 -0.6644 0.6874
vn 0.9673 -0.2443 0.0688
vn -0.2391 -0.4765 0.8460
vn -0.5497 -0.8353 -0.0127
vn 0.2149 -0.9715 -0.1002
vn 0.8909 -0.4536 -0.0241
vn -0.0000 -0.9092 -0.4164
vn -0.2054 -0.2705 -0.9405
vn 0.9319 -0.1573 -0.3269
vn 0.0000 -0.7766 -0.6300
vn 0.0000 -0.9092 -0.4163
vn 0.9103 -0.3966 -0.1186
vn 0.9772 -0.0826 -0.1956
vn 0.8261 0.0187 0.5632
vn 0.9218 -0.3864 0.0313
vn 0.4399 0.2390 0.8657
vn 0.7420 -0.6554 -0.1412
vn 0.8462 -0.5213 0.1099
vn 0.8794 -0.2444 0.4086
vn 0.9396 -0.1359 0.3140
vn 0.8071 -0.3183 0.4973
vn 0.9275 -0.3733 0.0201
vn 0.9103 -0.4106 -0.0533
vn 0.7007 -0.4669 -0.5395
vn 0.1904 -0.6188 -0.7621
vn 0.3735 -0.3488 -0.8596
vn 0.8201 0.0010 0.5723
vn -0.8207 0.1585 -0.5489
vn -0.4793 -0.1773 -0.8595
vn -0.7733 -0.0011 -0.6340
vn -0.0287 -0.0420 -0.9987
vn 0.8154 -0.1508 0.5590
vn 0.3084 0.2690 0.9124
vn 0.0000 -0.1107 0.9939
vn 0.0373 0.2578 0.9655
vn -0.2854 0.1992 0.9375
vn -0.2452 0.2800 0.9281
vn -0.0000 0.4166 0.9091
vn 0.2452 0.2800 0.9281
vn 0.2853 0.1992 0.9375
vn -0.0373 0.2578 0.9655
vn -0.3084 0.2690 0.9124
vn -0.4155 0.1911 0.8893
vn -0.8154 -0.1508 0.5590
vn 0.8987 0.1531 -0.4111
vn 0.1831 0.7132 -0.6766
vn 0.0000 0.0376 -0.9993
vn 0.5963 -0.2525 -0.7620
vn 0.0433 0.3276 -0.9438
vn 0.5158 -0.1740 -0.8389
vn 0.7566 -0.3478 -0.5537
vn 0.8452 -0.1193 -0.5210
vn 0.0001 0.1900 -0.9818
vn 0.8539 0.0661 -0.5163
vn 0.8453 -0.2207 -0.4866
vn 0.5341 0.1437 -0.8331
vn 0.1185 0.6714 -0.7316
vn 0.4544 0.0111 -0.8907
vn -0.5372 0.6309 -0.5598
vn -0.4116 0.3814 -0.8277
vn -0.0000 -0.3783 -0.9257
vn -0.7566 -0.3478 -0.5537
vn -0.8452 -0.1193 -0.5210
vn -0.5963 -0.2525 -0.7620
vn -0.0432 0.3276 -0.9438
vn -0.5158 -0.1740 -0.8389
vn -0.8539 0.0661 -0.5163
vn -0.5341 0.1437 -0.8331
vn -0.1185 0.6714 -0.7316
vn -0.4544 0.0111 -0.8907
vn -0.8453 -0.2207 -0.4866
vn 0.5372 0.6309 -0.5598
vn 0.4116 0.3814 -0.8277
vn 0.4793 -0.1774 -0.8596
vn -0.3001 -0.2283 -0.9262
vn -0.0432 0.3277 -0.9438
vn -0.6599 -0.1758 -0.7305
vn -0.5366 0.5006 -0.6793
vn 0.2283 0.1405 -0.9634
vn -0.7560 0.0886 -0.6486
vn -0.7793 -0.2914 -0.5548
vn -0.8593 -0.3582 -0.3650
vn -0.8334 0.0064 -0.5526
vn -0.7555 -0.2795 -0.5925
vn -0.7433 -0.5339 -0.4031
vn -0.6332 -0.7326 -0.2497
vn -0.8607 -0.2055 -0.4658
vn -0.2473 -0.4623 -0.8515
vn -0.5745 0.3488 -0.7405
vn -0.7172 0.2396 0.6544
vn -0.7965 -0.1143 0.5937
vn -0.2934 -0.6644 0.6874
vn -0.9673 -0.2443 0.0689
vn 0.2391 -0.4765 0.8460
vn 0.5497 -0.8353 -0.0127
vn -0.2149 -0.9715 -0.1002
vn -0.8909 -0.4536 -0.0241
vn 0.2054 -0.2705 -0.9405
vn -0.9319 -0.1573 -0.3269
vn -0.9103 -0.3966 -0.1186
vn -0.9772 -0.0826 -0.1956
vn -0.8261 0.0187 0.5632
vn -0.9218 -0.3864 0.0313
vn -0.4399 0.2390 0.8657
vn -0.7420 -0.6554 -0.1412
vn -0.8462 -0.5213 0.1099
vn -0.8794 -0.2444 0.4086
vn -0.9396 -0.1359 0.3140
vn -0.8071 -0.3183 0.4973
vn -0.9275 -0.3733 0.0201
vn -0.9103 -0.4106 -0.0533
vn -0.7007 -0.4669 -0.5395
vn -0.1904 -0.6188 -0.7621
vn -0.3735 -0.3488 -0.8596
vn -0.8201 0.0010 0.5723
vn 0.6182 0.2611 -0.7414
vn 0.4793 -0.1773 -0.8595
vn 0.8207 0.1585 -0.5489
vn 0.7733 -0.0011 -0.6340
vn 0.0287 -0.0420 -0.9987
vn -0.4241 0.0681 -0.9030
vn 0.0398 0.4254 -0.9041
vn 0.0000 0.3813 0.9244
vn 0.0000 0.0996 0.9950
vn 0.2435 0.5545 0.7957
vn -0.2435 0.5545 0.7957
vn -0.0322 0.0792 -0.9963
vn 0.0342 -0.0442 -0.9984
vn -0.2489 0.0234 -0.9682
vn 0.2090 -0.3097 -0.9276
vn 0.5084 -0.2493 -0.8243
vn 0.2472 0.0890 -0.9649
vn 0.3060 0.4955 -0.8129
vn 0.7917 0.0367 -0.6098
vn 0.0000 0.3211 -0.9470
vn 0.0000 0.3601 -0.9329
vn 0.7022 -0.3661 -0.6107
vn -0.2603 0.5456 -0.7966
vn -0.0292 0.0762 -0.9967
vn 0.0000 -0.4568 -0.8896
vn -0.7022 -0.3661 -0.6107
vn -0.7917 0.0367 -0.6098
vn 0.0292 0.0762 -0.9967
vn -0.3060 0.4955 -0.8129
vn 0.2603 0.5456 -0.7966
vn -0.2223 0.0019 -0.9750
vn 0.0000 -0.5984 -0.8012
vn -0.7758 -0.0990 -0.6231
vn -0.0000 0.4998 -0.8662
vn -0.2906 0.6188 -0.7299
vn 0.1763 0.7791 -0.6016
vn -0.4062 0.0632 -0.9116
vn 0.0000 0.6499 -0.7601
vn 0.7758 -0.0990 -0.6232
vn 0.2223 0.0019 -0.9750
vn 0.2906 0.6188 -0.7299
vn -0.1763 0.7791 -0.6016
vn -0.2853 0.1992 0.9375
vn -0.2452 0.2801 0.9281
vn 0.0000 0.4167 0.9091
vn 0.0000 0.1846 0.9828
vn 0.2452 0.2801 0.9281
vn 0.1296 -0.9199 -0.3700
vn -0.0398 0.4254 -0.9041
vn 0.4241 0.0681 -0.9030
vn 0.7738 -0.2661 0.5748
vn -0.1659 -0.3756 0.9118
vn 0.6082 0.1624 0.7770
vn -0.5043 0.6039 0.6172
vn -0.2867 0.6963 0.6580
vn 0.3614 -0.6719 0.6465
vn 0.8298 0.1554 0.5359
vn 0.9815 -0.1654 0.0965
vn -0.4217 -0.5463 0.7237
vn -0.4159 0.3021 0.8577
vn 0.5349 0.2864 -0.7949
vn 0.8299 0.1553 0.5359
vn 0.5449 0.0559 -0.8366
vn 0.9683 -0.2428 0.0593
vn 0.5349 0.2863 -0.7949
vn -0.0099 0.3114 -0.9502
vn -0.0414 0.5478 -0.8356
vn -0.3166 0.9261 -0.2050
vn -0.3850 0.3485 0.8546
vn -0.5698 0.2587 0.7800
vn -0.8641 0.4779 0.1579
vn -0.8762 0.4417 0.1928
vn -0.7396 0.3762 -0.5581
vn -0.7608 0.2642 -0.5928
vn -0.8288 0.4450 0.3392
vn -0.0490 0.4046 0.9132
vn 0.3382 0.6479 0.6826
vn -0.7449 0.1346 0.6534
vn -0.3394 -0.1966 0.9199
vn -0.9875 -0.0079 -0.1571
vn -0.6150 -0.5728 0.5420
vn -0.4050 -0.7161 0.5685
vn -0.4399 -0.3467 0.8284
vn -0.4294 -0.7599 0.4881
vn 0.0031 -0.3175 0.9483
vn 0.7731 0.1144 -0.6238
vn 0.4997 0.7028 0.5063
vn 0.9676 0.1754 -0.1818
vn 0.6653 0.5966 0.4489
vn 0.9340 0.1013 -0.3427
vn 0.8246 0.1002 -0.5568
vn 0.7731 0.1143 -0.6238
vn 0.8838 0.1266 -0.4503
vn 0.9810 -0.0375 -0.1903
vn 0.9969 0.0004 -0.0786
vn 0.9340 0.1013 -0.3428
vn 0.8444 0.5224 0.1188
vn 0.9983 -0.0580 0.0059
vn 0.9990 -0.0260 0.0358
vn -0.9362 -0.1201 -0.3303
vn -0.8987 0.1531 -0.4111
vn -0.1831 0.7132 -0.6766
vn -0.1296 -0.9199 -0.3700
vn -0.8092 0.5837 0.0674
vn -0.9025 -0.2918 -0.3168
vn -0.8521 0.1675 0.4959
vn -0.6372 0.4737 -0.6079
vn -0.6451 -0.5557 -0.5244
vn -0.0990 0.9346 0.3416
vn -0.8518 -0.5124 -0.1089
vn -0.9275 -0.3637 0.0866
vn -0.8291 -0.1882 0.5264
vn -0.7704 -0.4981 -0.3980
vn -0.6890 0.0892 0.7193
vn -0.8011 -0.5938 -0.0756
vn -0.8802 -0.3202 0.3504
vn -0.8169 -0.0899 0.5698
vn -0.8654 -0.4744 0.1614
vn -0.6912 -0.7226 -0.0107
vn -0.6479 -0.7268 0.2280
vn -0.6501 -0.4174 0.6350
vn -0.6255 0.0958 0.7743
vn -0.0000 -0.2883 0.9575
vn 0.0000 0.1219 0.9925
vn 0.0000 -0.2883 0.9576
vn -0.5657 0.3590 0.7424
vn 0.0000 0.3587 0.9335
vn -0.0000 0.8167 0.5770
vn -0.2027 0.8481 0.4895
vn -0.6899 0.5462 0.4751
vn -0.3377 0.8758 0.3449
vn -0.4509 0.8923 0.0199
vn -0.7505 0.6587 0.0527
vn -0.7763 -0.0448 -0.6288
vn -0.8499 -0.5110 0.1285
vn -0.9858 0.0003 -0.1681
vn -0.0000 -0.1049 0.9945
vn 0.0000 -0.8712 0.4909
vn -0.3068 -0.8601 0.4075
vn -0.6912 -0.7226 -0.0108
vn 0.6501 -0.4174 0.6350
vn 0.6255 0.0958 0.7743
vn 0.8169 -0.0899 0.5698
vn 0.8802 -0.3202 0.3504
vn 0.9275 -0.3637 0.0866
vn 0.8011 -0.5938 -0.0756
vn 0.8654 -0.4744 0.1614
vn 0.6479 -0.7268 0.2280
vn 0.6912 -0.7226 -0.0107
vn 0.3068 -0.8601 0.4075
vn 0.6912 -0.7226 -0.0108
vn 0.7704 -0.4981 -0.3980
vn 0.8518 -0.5124 -0.1089
vn 0.8521 0.1674 0.4959
vn 0.8291 -0.1882 0.5264
vn 0.5657 0.3590 0.7424
vn 0.6451 -0.5557 -0.5244
vn 0.9025 -0.2918 -0.3168
vn 0.8092 0.5837 0.0674
vn 0.6372 0.4737 -0.6079
vn 0.0990 0.9346 0.3416
vn 0.2027 0.8481 0.4895
vn 0.6898 0.5462 0.4751
vn 0.3377 0.8758 0.3448
vn 0.6890 0.0892 0.7193
vn 0.4509 0.8923 0.0199
vn 0.7505 0.6587 0.0527
vn 0.7763 -0.0448 -0.6288
vn 0.8499 -0.5110 0.1285
vn 0.9858 0.0003 -0.1681
vn -0.5397 0.8408 0.0415
vn 0.4939 0.4219 0.7603
vn 0.8499 -0.5110 0.1284
vn 0.8327 -0.2945 0.4690
vn 0.6188 -0.7156 -0.3239
vn 0.6907 -0.6396 -0.3376
vn 0.7862 -0.4663 -0.4055
vn 0.8335 -0.5183 0.1915
vn 0.7503 0.6608 -0.0176
vn 0.3362 0.8085 -0.4829
vn 0.7505 0.6588 0.0527
vn 0.5397 0.8408 0.0415
vn -0.4939 0.4219 0.7603
vn -0.6907 -0.6396 -0.3376
vn -0.8327 -0.2945 0.4690
vn -0.6188 -0.7157 -0.3239
vn -0.8499 -0.5110 0.1284
vn -0.7862 -0.4663 -0.4055
vn -0.8335 -0.5183 0.1915
vn -0.7503 0.6608 -0.0176
vn -0.7505 0.6588 0.0527
vn -0.3362 0.8085 -0.4829
vn 0.0000 -0.4182 0.9084
vn -0.0000 0.0068 1.0000
vn -0.6089 -0.2906 0.7381
vn -0.7482 0.3218 0.5802
vn -0.0000 0.7969 0.6041
vn -0.7378 0.4926 0.4616
vn -0.9960 0.0104 0.0883
vn 0.6089 -0.2906 0.7381
vn 0.7482 0.3218 0.5802
vn 0.7378 0.4926 0.4616
vn 0.9960 0.0104 0.0883
vn -0.0715 0.7233 0.6869
vn -0.7582 0.2436 0.6048
vn -0.1525 0.7308 0.6654
vn -0.0742 0.7221 0.6878
vn 0.5962 0.2909 0.7483
vn -0.0332 0.7163 0.6970
vn 0.5236 0.4305 0.7352
vn -0.9688 -0.1528 -0.1951
vn -0.6154 0.7769 0.1328
vn -0.7672 -0.0641 -0.6381
vn -0.4894 0.5993 -0.6335
vn -0.5593 0.8141 0.1560
vn -0.0000 0.7234 -0.6904
vn 0.0000 0.9680 0.2508
vn -0.3294 0.0984 -0.9390
vn -0.3161 -0.8488 -0.4238
vn -0.9001 -0.4352 -0.0201
vn -0.3690 -0.8308 -0.4166
vn -0.0000 -0.9047 -0.4261
vn -0.6491 -0.6766 0.3477
vn -0.6642 -0.0910 0.7420
vn -0.8374 0.3770 0.3958
vn -0.1891 -0.9671 -0.1700
vn 0.0000 -0.7902 0.6128
vn -0.4469 0.8043 0.3917
vn -0.6285 0.7443 0.2258
vn -0.1864 0.9253 0.3304
vn -0.2675 0.5012 0.8229
vn 0.0000 -0.9353 -0.3539
vn -0.3351 -0.6460 -0.6858
vn 0.0000 -0.6943 -0.7197
vn -0.0000 -0.0496 -0.9988
vn 0.0000 0.4065 -0.9137
vn 0.3294 0.0984 -0.9390
vn 0.3351 -0.6460 -0.6858
vn 0.7672 -0.0641 -0.6381
vn 0.4894 0.5993 -0.6335
vn 0.6154 0.7769 0.1328
vn 0.9688 -0.1528 -0.1951
vn 0.5593 0.8141 0.1560
vn 0.3161 -0.8488 -0.4238
vn 0.9001 -0.4352 -0.0201
vn 0.3690 -0.8308 -0.4166
vn 0.6491 -0.6766 0.3477
vn 0.6642 -0.0910 0.7420
vn 0.8374 0.3770 0.3958
vn 0.1891 -0.9671 -0.1700
vn 0.4469 0.8043 0.3917
vn 0.6285 0.7443 0.2258
vn 0.1864 0.9253 0.3304
vn 0.2675 0.5012 0.8229
vn 0.0000 0.7987 0.6017
vn -0.6642 -0.0911 0.7420
vn -0.2675 0.5013 0.8229
vn 0.6642 -0.0911 0.7420
vn 0.2675 0.5013 0.8229
vn -0.6689 0.3255 -0.6683
vn -0.5320 0.4802 -0.6974
vn 0.0263 0.1330 -0.9908
vn 0.0104 0.7479 -0.6637
vn -0.5414 0.8251 -0.1614
vn 0.0069 0.9947 0.1025
vn -0.4278 0.4472 0.7855
vn -0.0021 0.4175 0.9087
vn -0.8373 0.3770 0.3958
vn -0.3694 -0.2926 0.8820
vn -0.2783 -0.3077 0.9099
vn -0.4277 0.4471 0.7856
vn -0.0022 0.4175 0.9087
vn -0.5270 0.8338 -0.1646
vn -0.8095 0.5658 -0.1566
vn -0.6490 0.7428 0.1645
vn -0.8682 0.4594 0.1876
vn -0.9732 0.2296 -0.0151
vn -0.0000 0.9932 -0.1162
vn 0.0000 0.9584 0.2854
vn -0.6907 0.5642 0.4523
vn 0.0000 0.8061 0.5918
vn -0.5690 0.6206 -0.5395
vn -0.8570 0.3379 -0.3891
vn -0.0000 0.8926 -0.4509
vn -0.8299 0.4024 0.3865
vn -0.9423 0.1399 0.3040
vn -0.9621 -0.0543 0.2672
vn -0.9019 0.2460 0.3551
vn -0.8562 0.1009 0.5067
vn -0.6684 0.5935 0.4483
vn -0.5645 0.1010 0.8192
vn -0.7103 -0.2019 0.6743
vn 0.0000 -0.2750 0.9614
vn 0.0000 0.3220 0.9468
vn -0.8854 -0.2261 0.4060
vn -0.8806 -0.2104 0.4247
vn -0.8665 -0.4007 0.2977
vn -0.9486 -0.2958 -0.1122
vn -0.8347 -0.2548 0.4883
vn -0.7234 -0.6677 0.1758
vn -0.3460 -0.6004 -0.7210
vn -0.4491 -0.8878 0.1011
vn -0.4585 -0.8263 0.3271
vn -0.6242 -0.7655 0.1560
vn -0.9608 -0.2588 -0.0991
vn -0.5005 -0.7595 0.4156
vn -0.4901 -0.5874 -0.6440
vn -0.2127 -0.2202 -0.9520
vn -0.3100 -0.1758 -0.9344
vn -0.8277 -0.4802 -0.2903
vn -0.8473 -0.3665 0.3843
vn -0.4340 -0.7671 0.4724
vn -0.4671 -0.7658 -0.4420
vn -0.9104 -0.1015 0.4011
vn -0.8944 0.1534 0.4201
vn -0.4236 -0.8640 0.2721
vn -0.6733 -0.6265 0.3926
vn -0.4515 -0.8431 0.2922
vn -0.4886 -0.8717 0.0378
vn -0.0000 -0.3575 0.9339
vn -0.6276 -0.2684 0.7308
vn -0.0000 -0.3338 0.9426
vn 0.0009 -0.7084 0.7058
vn 0.0501 -0.8045 0.5919
vn 0.6276 -0.2684 0.7308
vn 0.8347 -0.2548 0.4883
vn 0.6389 -0.6748 0.3693
vn 0.8854 -0.2261 0.4060
vn 0.9486 -0.2958 -0.1122
vn 0.8665 -0.4007 0.2977
vn 0.7234 -0.6677 0.1758
vn 0.3460 -0.6004 -0.7210
vn 0.4491 -0.8878 0.1011
vn 0.4585 -0.8263 0.3271
vn 0.6242 -0.7655 0.1560
vn 0.9608 -0.2588 -0.0991
vn 0.5005 -0.7595 0.4156
vn 0.4901 -0.5874 -0.6440
vn 0.2127 -0.2202 -0.9520
vn 0.3070 -0.1621 -0.9378
vn 0.8436 -0.4598 -0.2775
vn 0.8473 -0.3665 0.3843
vn 0.4696 -0.7079 0.5275
vn 0.5903 -0.3334 -0.7351
vn 0.9104 -0.1015 0.4011
vn 0.8944 0.1534 0.4201
vn 0.9423 0.1399 0.3040
vn 0.9621 -0.0543 0.2672
vn 0.8299 0.4024 0.3865
vn 0.8682 0.4594 0.1876
vn 0.9019 0.2460 0.3551
vn 0.8806 -0.2104 0.4247
vn 0.8562 0.1009 0.5067
vn 0.6907 0.5642 0.4523
vn 0.6684 0.5935 0.4483
vn 0.5645 0.1010 0.8193
vn 0.7103 -0.2019 0.6743
vn 0.6490 0.7428 0.1644
vn 0.8095 0.5658 -0.1566
vn 0.5270 0.8338 -0.1646
vn 0.9732 0.2296 -0.0151
vn 0.5690 0.6206 -0.5395
vn 0.8570 0.3379 -0.3891
vn 0.5786 0.3432 -0.7399
vn 0.0000 0.5809 -0.8140
vn -0.5786 0.3432 -0.7399
vn 0.0001 0.9743 0.2254
vn -0.0000 0.9677 -0.2520
vn -0.3984 0.8489 -0.3472
vn -0.9641 0.2648 0.0176
vn -0.4321 0.7430 0.5111
vn -0.7533 0.1457 0.6413
vn -0.6496 0.2294 -0.7248
vn -0.1058 0.9941 0.0247
vn -0.3751 0.4178 0.8275
vn -0.8298 -0.2759 0.4851
vn 0.6689 0.3255 -0.6683
vn 0.5320 0.4802 -0.6974
vn -0.0263 0.1330 -0.9908
vn -0.0104 0.7479 -0.6637
vn 0.5414 0.8251 -0.1614
vn -0.0069 0.9947 0.1025
vn 0.4278 0.4472 0.7855
vn 0.0021 0.4175 0.9087
vn 0.3694 -0.2926 0.8820
vn 0.8373 0.3770 0.3958
vn 0.2783 -0.3077 0.9099
vn 0.4277 0.4471 0.7856
vn 0.0022 0.4175 0.9087
vn 0.3991 -0.8882 0.2278
vn 0.3961 -0.8629 0.3138
vn 0.5307 -0.8344 0.1490
vn 0.7533 0.1458 0.6413
vn 0.9641 0.2648 0.0176
vn 0.4321 0.7430 0.5111
vn 0.3984 0.8489 -0.3472
vn 0.6496 0.2294 -0.7248
vn 0.1058 0.9941 0.0247
vn 0.3751 0.4178 0.8275
vn 0.8298 -0.2759 0.4851
vn -0.6044 -0.5617 -0.5649
vn -0.7022 -0.3660 -0.6107
vn -0.5585 -0.2019 -0.8046
vn -0.4471 -0.2750 -0.8512
vn -0.7896 -0.0214 -0.6132
vn -0.4239 -0.2196 -0.8787
vn -0.3536 -0.0785 -0.9321
vn -0.4754 -0.2712 -0.8369
vn -0.7268 0.1018 -0.6793
vn 0.4471 -0.2750 -0.8512
vn 0.7896 -0.0214 -0.6132
vn 0.6044 -0.5617 -0.5649
vn 0.5585 -0.2019 -0.8046
vn 0.7022 -0.3660 -0.6107
vn 0.4239 -0.2196 -0.8787
vn 0.3536 -0.0785 -0.9321
vn 0.4754 -0.2712 -0.8369
vn 0.7268 0.1018 -0.6793
vn -0.6706 -0.7362 -0.0913
vn -0.8062 -0.4399 -0.3956
vn -0.3635 -0.6846 -0.6319
vn -0.4956 0.2662 -0.8267
vn -0.9702 -0.0904 -0.2247
vn -0.4712 0.2445 -0.8475
vn -0.4956 0.2662 -0.8268
vn -0.3804 0.9246 -0.0195
vn -0.9170 0.3980 -0.0278
vn -0.6515 0.6607 0.3728
vn -0.2349 0.8706 0.4323
vn -0.9678 -0.1709 0.1847
vn -0.9702 -0.0905 -0.2247
vn -0.7032 -0.7027 0.1083
vn -0.8855 -0.4584 0.0767
vn -0.9734 -0.2290 -0.0112
vn 0.0119 -0.9980 -0.0613
vn -0.7032 -0.7026 0.1084
vn -0.8855 -0.4583 0.0767
vn -0.8778 -0.0246 -0.4783
vn -0.9093 -0.2375 0.3417
vn -0.9279 -0.1195 -0.3532
vn -0.1171 0.1895 -0.9749
vn -0.1233 0.0607 -0.9905
vn -0.8749 -0.4676 -0.1259
vn -0.6104 -0.7020 -0.3668
vn -0.0252 -0.7555 -0.6546
vn -0.9937 -0.1096 -0.0250
vn -0.9573 0.0348 0.2869
vn -0.8594 -0.4102 0.3051
vn 0.0976 -0.7924 0.6022
vn 0.0770 -0.1332 0.9881
vn -0.8940 -0.1163 0.4327
vn -0.0877 -0.1574 0.9836
vn -0.8034 -0.5932 0.0520
vn -0.8139 -0.4201 -0.4012
vn -0.0691 -0.7191 -0.6914
vn -0.3773 -0.7386 0.5587
vn -0.6769 -0.4166 -0.6068
vn 0.0001 -0.4491 -0.8935
vn 0.9616 -0.2039 0.1839
vn 0.9865 0.0897 -0.1372
vn 0.8488 0.0574 -0.5256
vn 0.9732 0.1810 0.1419
vn 0.9494 0.0331 0.3122
vn 0.2115 -0.1462 0.9664
vn 0.8605 -0.5089 -0.0228
vn 0.7117 -0.3149 -0.6279
vn 0.5001 -0.7014 0.5079
vn 0.7503 0.0046 -0.6611
vn 0.8654 0.4832 0.1325
vn 0.7353 0.6591 0.1583
vn 0.8686 0.4765 0.1355
vn -0.2487 0.9188 0.3065
vn 0.1810 0.7323 0.6565
vn -0.9341 0.2829 0.2179
vn -0.8676 0.4210 0.2647
vn -0.9116 0.3484 0.2181
vn 0.0014 0.9459 0.3245
vn 0.6472 -0.3275 -0.6884
vn -0.9384 -0.1075 -0.3284
vn -0.9209 0.0743 -0.3826
vn -0.1887 -0.2945 -0.9368
vn -0.2120 0.2014 -0.9563
vn -0.8008 0.4328 -0.4140
vn 0.0588 0.9410 -0.3332
vn -0.7328 0.6481 0.2073
vn -0.9443 0.0022 0.3290
vn 0.8452 0.1740 -0.5054
vn 0.8952 0.3533 -0.2716
vn 0.6485 0.7425 0.1680
vn 0.0239 0.9655 0.2595
vn 0.9770 0.0760 0.1995
vn 0.0444 0.1421 0.9888
vn 0.0445 0.1422 0.9888
vn -0.2780 0.1974 0.9401
vn 0.9843 -0.0393 0.1720
vn 0.7609 0.1486 -0.6317
vn 0.8929 -0.3260 -0.3105
vn 0.8715 -0.3680 0.3240
vn 0.3235 -0.3730 -0.8696
vn 0.8119 -0.1463 -0.5651
vn 0.0956 -0.8054 0.5850
vn 0.1422 -0.8705 0.4712
vn 0.0955 -0.8054 0.5850
vn -0.7342 -0.5034 0.4556
vn -0.0015 -0.8746 0.4848
vn 0.9457 -0.3251 0.0087
vn 0.8716 -0.3680 0.3240
vn 0.0943 -0.7018 0.7061
vn -0.5924 0.2396 0.7691
vn -0.3621 0.7584 0.5419
vn -0.6944 0.5909 0.4106
vn -0.9443 0.0021 0.3290
vn -0.0998 0.7244 0.6821
vn 0.0238 0.9655 0.2595
vn 0.6484 0.7425 0.1680
vn 0.9321 0.1716 0.3190
vn 0.9770 0.0760 0.1994
vn 0.6714 0.1089 0.7330
vn 0.1711 0.8020 0.5723
vn 0.3629 0.1879 0.9127
vn -0.8686 -0.1673 0.4665
vn -0.8201 -0.3764 0.4309
vn 0.1086 -0.2423 0.9641
vn 0.1155 -0.6212 0.7751
vn -0.3099 0.0973 0.9458
vn -0.9538 0.1368 0.2675
vn -0.6575 0.0516 0.7517
vn 0.9441 0.0383 0.3273
vn 0.1086 -0.2422 0.9641
vn 0.9336 -0.1991 0.2978
vn 0.5812 -0.4097 0.7031
vn 0.3860 0.1985 0.9009
vn 0.9074 0.3826 0.1741
vn 0.7041 0.2289 0.6722
vn 0.0956 -0.8053 0.5851
vn -0.3788 -0.6735 0.6348
vn -0.9573 0.0348 0.2870
vn -0.7250 0.3017 0.6192
vn 0.6959 0.4781 0.5359
vn 0.0014 0.9459 0.3244
vn 0.8062 -0.4399 -0.3956
vn 0.6706 -0.7362 -0.0913
vn 0.3635 -0.6846 -0.6319
vn 0.4956 0.2662 -0.8267
vn 0.9702 -0.0904 -0.2247
vn 0.4712 0.2445 -0.8475
vn 0.3804 0.9246 -0.0195
vn 0.4956 0.2662 -0.8268
vn 0.9170 0.3980 -0.0278
vn 0.6515 0.6607 0.3728
vn 0.2349 0.8706 0.4323
vn 0.9702 -0.0905 -0.2247
vn 0.9678 -0.1709 0.1847
vn 0.7032 -0.7027 0.1083
vn 0.8855 -0.4584 0.0767
vn 0.9734 -0.2290 -0.0112
vn -0.0119 -0.9980 -0.0613
vn 0.7032 -0.7026 0.1084
vn 0.8855 -0.4583 0.0767
vn 0.9093 -0.2375 0.3417
vn 0.8778 -0.0246 -0.4783
vn 0.9279 -0.1195 -0.3531
vn 0.1171 0.1895 -0.9749
vn 0.1233 0.0607 -0.9905
vn 0.8749 -0.4676 -0.1259
vn 0.6104 -0.7020 -0.3668
vn 0.0252 -0.7555 -0.6546
vn 0.9937 -0.1096 -0.0251
vn 0.9573 0.0348 0.2869
vn 0.8594 -0.4103 0.3051
vn -0.0976 -0.7924 0.6022
vn -0.0770 -0.1332 0.9881
vn 0.8940 -0.1163 0.4327
vn 0.0877 -0.1574 0.9836
vn 0.8034 -0.5932 0.0520
vn 0.8139 -0.4201 -0.4013
vn 0.0691 -0.7191 -0.6914
vn 0.3773 -0.7386 0.5587
vn 0.6769 -0.4166 -0.6069
vn -0.0001 -0.4491 -0.8935
vn -0.9616 -0.2039 0.1839
vn -0.9865 0.0897 -0.1372
vn -0.8488 0.0574 -0.5257
vn -0.9732 0.1810 0.1419
vn -0.7609 0.1486 -0.6317
vn -0.9843 -0.0393 0.1720
vn -0.8929 -0.3260 -0.3105
vn -0.8715 -0.3680 0.3240
vn -0.8654 0.4832 0.1325
vn -0.7353 0.6591 0.1583
vn -0.8686 0.4765 0.1355
vn 0.2487 0.9188 0.3065
vn -0.1810 0.7323 0.6565
vn 0.9341 0.2829 0.2179
vn 0.8676 0.4210 0.2647
vn 0.9116 0.3484 0.2181
vn -0.0014 0.9459 0.3245
vn 0.9384 -0.1075 -0.3284
vn 0.9209 0.0743 -0.3826
vn 0.1887 -0.2945 -0.9368
vn 0.2120 0.2014 -0.9563
vn 0.8008 0.4328 -0.4141
vn -0.0588 0.9410 -0.3332
vn 0.7328 0.6481 0.2073
vn 0.9443 0.0022 0.3290
vn -0.7503 0.0046 -0.6611
vn -0.8452 0.1740 -0.5054
vn -0.9494 0.0331 0.3122
vn -0.2115 -0.1462 0.9664
vn -0.8605 -0.5089 -0.0228
vn -0.7117 -0.3149 -0.6279
vn -0.5001 -0.7014 0.5079
vn -0.6472 -0.3275 -0.6884
vn -0.8952 0.3533 -0.2717
vn -0.9770 0.0760 0.1995
vn -0.6485 0.7425 0.1680
vn -0.0239 0.9655 0.2595
vn -0.0445 0.1421 0.9888
vn 0.2780 0.1974 0.9401
vn -0.0445 0.1422 0.9888
vn -0.3235 -0.3730 -0.8696
vn -0.8119 -0.1462 -0.5651
vn -0.0955 -0.8054 0.5850
vn 0.0015 -0.8746 0.4848
vn 0.7342 -0.5034 0.4556
vn -0.0956 -0.8054 0.5850
vn -0.1422 -0.8705 0.4712
vn -0.9457 -0.3251 0.0087
vn -0.0943 -0.7018 0.7061
vn -0.8716 -0.3680 0.3240
vn 0.6945 0.5909 0.4106
vn 0.0998 0.7244 0.6821
vn 0.9443 0.0021 0.3290
vn -0.0238 0.9655 0.2595
vn -0.6484 0.7425 0.1680
vn -0.9321 0.1716 0.3190
vn -0.9770 0.0760 0.1994
vn -0.6714 0.1089 0.7330
vn 0.5924 0.2396 0.7691
vn 0.3621 0.7584 0.5419
vn -0.1711 0.8020 0.5723
vn -0.3629 0.1879 0.9127
vn -0.1155 -0.6212 0.7751
vn 0.8201 -0.3764 0.4309
vn -0.1086 -0.2423 0.9641
vn 0.8686 -0.1673 0.4665
vn 0.3099 0.0973 0.9458
vn 0.9538 0.1368 0.2675
vn 0.6575 0.0516 0.7517
vn -0.5812 -0.4097 0.7031
vn -0.1086 -0.2422 0.9641
vn -0.9336 -0.1991 0.2978
vn -0.9441 0.0383 0.3273
vn -0.3860 0.1985 0.9009
vn -0.9074 0.3826 0.1741
vn -0.7041 0.2289 0.6722
vn 0.3788 -0.6735 0.6348
vn -0.0956 -0.8053 0.5851
vn 0.9573 0.0348 0.2870
vn 0.7250 0.3017 0.6192
vn -0.6959 0.4781 0.5359
vn -0.0014 0.9459 0.3244
vn 0.4884 0.2452 0.8374
vn 0.6109 -0.4345 0.6618
vn 0.9800 -0.1988 -0.0014
vn 0.8631 0.5015 0.0600
vn 0.5151 0.3875 -0.7645
vn 0.6333 -0.3142 -0.7073
vn 0.1534 0.9839 0.0912
vn 0.4884 0.2452 0.8375
vn -0.1094 0.2985 0.9481
vn -0.2161 -0.0870 0.9725
vn 0.6108 -0.4345 0.6619
vn -0.6228 -0.0187 0.7822
vn -0.3459 0.5172 0.7829
vn -0.7163 0.6959 0.0510
vn -0.6228 -0.0186 0.7822
vn 0.5151 0.3876 -0.7645
vn -0.3233 0.6479 -0.6897
vn -0.0810 0.4596 -0.8844
vn -0.1857 0.0817 -0.9792
vn 0.6333 -0.3141 -0.7073
vn -0.5983 0.1162 -0.7928
vn -0.6109 -0.4345 0.6618
vn -0.4884 0.2452 0.8374
vn -0.9800 -0.1988 -0.0014
vn -0.8631 0.5015 0.0600
vn -0.5151 0.3875 -0.7645
vn -0.6333 -0.3142 -0.7073
vn -0.4884 0.2452 0.8375
vn -0.1534 0.9839 0.0912
vn 0.1094 0.2985 0.9481
vn 0.2161 -0.0870 0.9725
vn -0.6108 -0.4345 0.6619
vn 0.6228 -0.0187 0.7822
vn 0.3459 0.5172 0.7829
vn 0.7163 0.6959 0.0510
vn 0.6227 -0.0186 0.7822
vn -0.5151 0.3876 -0.7645
vn 0.3233 0.6479 -0.6897
vn 0.0810 0.4596 -0.8844
vn 0.1857 0.0817 -0.9792
vn -0.6333 -0.3141 -0.7073
vn 0.5983 0.1162 -0.7928
vn -0.0000 -0.5417 -0.8405
vn -0.0000 0.2059 -0.9786
vn 0.7369 -0.3549 -0.5753
vn 0.4723 0.6550 -0.5898
vn 0.8791 0.2982 -0.3718
vn 0.6983 0.6656 -0.2632
vn 0.7382 0.5748 -0.3532
vn 0.1994 0.6302 0.7504
vn 0.6762 0.2185 -0.7036
vn 0.8882 -0.2541 -0.3829
vn 0.8983 0.0870 -0.4306
vn 0.9396 0.1288 -0.3173
vn 0.7962 0.5251 0.3005
vn 0.7993 -0.3346 -0.4991
vn 0.8171 -0.3490 -0.4589
vn 0.7860 0.2307 0.5735
vn -0.6327 0.3567 0.6874
vn 0.8572 0.1753 -0.4842
vn 0.7537 0.6128 -0.2376
vn -0.0000 -0.4800 -0.8773
vn 0.0000 0.3474 -0.9377
vn 0.6306 0.5574 0.5400
vn 0.8716 -0.3976 -0.2867
vn 0.7979 -0.5496 -0.2477
vn 0.7521 -0.3532 -0.5565
vn 0.8749 -0.1908 -0.4451
vn 0.0000 -0.9870 -0.1606
vn 0.0000 0.9816 0.1908
vn 0.0000 0.9686 -0.2485
vn -0.0000 0.9258 -0.3780
vn 0.0000 -0.6853 -0.7282
vn 0.4955 -0.4348 -0.7519
vn -0.7537 0.6128 -0.2376
vn -0.8572 0.1753 -0.4842
vn -0.6983 0.6656 -0.2632
vn -0.6762 0.2185 -0.7036
vn -0.4723 0.6550 -0.5898
vn -0.8516 0.3536 -0.3869
vn -0.7356 0.5853 -0.3410
vn -0.1994 0.6302 0.7504
vn -0.7273 -0.3374 -0.5977
vn -0.8905 -0.2139 -0.4015
vn -0.9206 0.0822 -0.3818
vn -0.9396 0.1288 -0.3173
vn -0.7962 0.5251 0.3005
vn -0.7844 -0.3440 -0.5161
vn -0.7942 -0.3763 -0.4771
vn -0.7860 0.2307 0.5735
vn 0.6327 0.3567 0.6874
vn -0.8521 -0.4273 -0.3023
vn -0.7979 -0.5496 -0.2477
vn -0.7521 -0.3532 -0.5565
vn -0.8749 -0.1908 -0.4451
vn 0.0000 -0.4401 -0.8979
vn 0.2433 -0.4348 -0.8671
vn 0.5032 -0.3138 -0.8052
vn -0.2433 -0.4348 -0.8671
vn -0.5032 -0.3138 -0.8052
vn -0.4955 -0.4349 -0.7519
vn 0.5085 0.7183 0.4747
vn -0.3373 0.9027 0.2671
vn -0.5085 0.7183 0.4747
vn 0.3373 0.9027 0.2670
vn -0.5086 0.7183 0.4748
vn -0.9631 0.1279 0.2370
vn -0.6327 0.3567 0.6873
vn -0.9823 0.1869 -0.0076
vn -0.6396 0.0527 0.7669
vn -0.0579 0.5514 0.8322
vn 0.1073 0.4134 0.9042
vn -0.0000 -0.0965 0.9953
vn -0.0000 0.1164 0.9932
vn -0.1073 0.4134 0.9042
vn 0.6396 0.0527 0.7669
vn 0.0000 0.3452 0.9385
vn 0.0001 0.9816 0.1908
vn -0.6306 0.5574 0.5400
vn 0.9631 0.1279 0.2370
vn 0.5086 0.7183 0.4748
vn 0.6327 0.3567 0.6873
vn 0.9823 0.1869 -0.0076
vn 0.0579 0.5514 0.8322
vn 0.4489 0.6422 0.6213
vn -0.2812 -0.1508 -0.9477
vn 0.4955 -0.4349 -0.7519
vn 0.2812 -0.1508 -0.9477
vn 0.0000 -0.6853 -0.7283
vn -0.3136 -0.3947 -0.8636
vn -0.6515 -0.1026 -0.7517
vn -0.6336 -0.6369 -0.4392
vn -0.0000 0.5630 -0.8265
vn -0.9030 -0.4266 0.0505
vn -0.6669 -0.6929 -0.2742
vn -0.6681 -0.7057 -0.2356
vn -0.4489 0.6422 0.6213
vn 0.6515 -0.1026 -0.7517
vn 0.3136 -0.3947 -0.8636
vn 0.6336 -0.6369 -0.4392
vn 0.6669 -0.6929 -0.2742
vn 0.9030 -0.4266 0.0505
vn 0.6681 -0.7057 -0.2356
vn -0.3145 -0.5280 -0.7889
vn 0.1019 -0.9190 -0.3808
vn -0.1238 -0.9597 -0.2522
vn 0.3181 -0.3262 -0.8902
vn -0.2618 -0.2867 -0.9215
vn -0.1239 -0.9597 -0.2522
vn -0.2711 -0.8836 -0.3818
vn -0.0938 -0.7567 -0.6470
vn -0.2619 -0.2867 -0.9215
vn -0.4844 -0.2130 -0.8485
vn -0.9338 -0.2930 -0.2054
vn -0.9338 -0.2929 -0.2054
vn -0.8880 0.4244 -0.1770
vn -0.6315 0.0760 -0.7716
vn -0.3621 0.2001 -0.9104
vn 0.0029 0.9787 -0.2053
vn -0.1568 0.2944 -0.9427
vn -0.1597 -0.4744 -0.8657
vn 0.1481 -0.2310 -0.9616
vn -0.4284 0.0232 -0.9033
vn 0.2808 0.2514 -0.9262
vn 0.0710 -0.0212 -0.9973
vn -0.1140 -0.0748 -0.9907
vn -0.4284 0.0233 -0.9033
vn -0.1226 0.3270 -0.9370
vn 0.2808 0.2515 -0.9262
vn -0.1973 0.4541 -0.8688
vn -0.5383 0.3035 -0.7862
vn -0.3919 -0.0391 -0.9192
vn 0.0087 -0.0300 -0.9995
vn -0.1325 -0.3701 -0.9195
vn -0.4514 0.1039 -0.8862
vn -0.3803 -0.2743 -0.8833
vn -0.3803 -0.2742 -0.8833
vn -0.0539 -0.4571 -0.8878
vn -0.3339 -0.1927 -0.9227
vn 0.0068 0.7205 -0.6934
vn 0.3851 0.6098 -0.6927
vn 0.8053 0.5592 -0.1972
vn 0.8053 0.5592 -0.1971
vn 0.9559 -0.2372 -0.1734
vn 0.6949 0.1800 -0.6962
vn 0.6962 -0.3128 -0.6461
vn 0.9558 -0.2372 -0.1734
vn 0.4330 -0.6421 -0.6326
vn 0.2808 0.2514 -0.9263
vn -0.1019 -0.9190 -0.3808
vn 0.3145 -0.5280 -0.7889
vn 0.1238 -0.9597 -0.2522
vn -0.3181 -0.3262 -0.8902
vn 0.2618 -0.2867 -0.9215
vn 0.2711 -0.8836 -0.3818
vn 0.1239 -0.9597 -0.2522
vn 0.0938 -0.7567 -0.6470
vn 0.2619 -0.2867 -0.9215
vn 0.4844 -0.2130 -0.8485
vn 0.9338 -0.2930 -0.2054
vn 0.9338 -0.2929 -0.2054
vn 0.6315 0.0760 -0.7716
vn 0.8880 0.4244 -0.1770
vn 0.3621 0.2001 -0.9104
vn -0.0029 0.9787 -0.2053
vn 0.1568 0.2944 -0.9427
vn 0.1597 -0.4744 -0.8657
vn -0.1481 -0.2310 -0.9616
vn 0.4284 0.0232 -0.9033
vn -0.2808 0.2514 -0.9262
vn -0.0709 -0.0212 -0.9973
vn -0.2808 0.2515 -0.9262
vn 0.1973 0.4541 -0.8688
vn 0.1226 0.3270 -0.9370
vn 0.1140 -0.0748 -0.9907
vn 0.4284 0.0233 -0.9033
vn 0.3919 -0.0391 -0.9192
vn 0.5383 0.3035 -0.7862
vn -0.0087 -0.0300 -0.9995
vn 0.3803 -0.2743 -0.8833
vn 0.4514 0.1039 -0.8862
vn 0.1325 -0.3701 -0.9195
vn 0.3803 -0.2742 -0.8833
vn 0.0539 -0.4571 -0.8878
vn 0.3339 -0.1927 -0.9227
vn -0.8053 0.5592 -0.1972
vn -0.3851 0.6098 -0.6927
vn -0.0068 0.7205 -0.6934
vn -0.8053 0.5592 -0.1971
vn -0.6949 0.1800 -0.6962
vn -0.9559 -0.2372 -0.1734
vn -0.6963 -0.3128 -0.6461
vn -0.9558 -0.2372 -0.1734
vn -0.4330 -0.6421 -0.6326
vn -0.2808 0.2514 -0.9263
vn -0.6969 0.4602 0.5500
vn -0.7131 0.1795 0.6777
vn -0.6144 0.1039 0.7821
vn -0.3182 0.2047 0.9256
vn -0.5997 0.2199 0.7694
vn -0.4631 0.8863 0.0061
vn 0.0032 0.1198 0.9928
vn -0.1107 0.5099 0.8531
vn -0.1185 0.5007 0.8575
vn -0.0939 0.9954 -0.0182
vn 0.1336 0.2250 0.9652
vn -0.4432 -0.0911 0.8918
vn -0.8151 -0.5580 0.1556
vn -0.9029 -0.2246 0.3665
vn -0.8634 0.0387 0.5029
vn -0.6144 0.1040 0.7821
vn -0.9029 -0.2246 0.3666
vn -0.7241 -0.6623 -0.1924
vn -0.0729 0.9259 0.3707
vn -0.0823 -0.6469 -0.7581
vn 0.2757 -0.7939 -0.5420
vn -0.7235 -0.6096 -0.3239
vn -0.1433 -0.7293 -0.6691
vn 0.0361 -0.5382 -0.8421
vn 0.2993 -0.4113 -0.8610
vn -0.6358 -0.6105 -0.4722
vn 0.0000 -0.7159 -0.6982
vn -0.8151 -0.5580 0.1555
vn -0.7241 -0.6623 -0.1923
vn -0.2777 -0.6542 -0.7035
vn -0.5828 -0.7285 -0.3601
vn -0.0818 -0.6471 -0.7580
vn -0.0000 -0.6679 -0.7442
vn -0.8334 -0.5450 0.0922
vn 0.0237 -0.6736 -0.7387
vn -0.2755 -0.7940 -0.5420
vn 0.4162 -0.7217 -0.5531
vn 0.0806 -0.7526 -0.6535
vn 0.8334 -0.5450 0.0922
vn 0.6607 -0.7225 -0.2037
vn 0.2371 -0.6816 -0.6923
vn 0.6359 -0.6105 -0.4722
vn 0.8151 -0.5580 0.1555
vn 0.7241 -0.6623 -0.1923
vn -0.8284 0.2981 0.4743
vn -0.7946 -0.5438 -0.2698
vn -0.6210 0.2302 0.7492
vn -0.5703 0.6998 0.4302
vn -0.4915 0.8409 0.2265
vn -0.6484 0.6096 0.4560
vn -0.7596 0.2401 0.6045
vn 0.0003 0.9540 0.2999
vn -0.2470 0.9689 -0.0171
vn -0.3603 0.8505 0.3832
vn -0.1262 0.9899 0.0648
vn -0.0000 0.8494 0.5278
vn 0.0000 0.9054 0.4247
vn -0.3937 -0.1943 0.8985
vn -0.2285 0.9726 -0.0437
vn -0.6524 0.5053 -0.5648
vn -0.0000 0.2136 0.9769
vn -0.2150 0.0610 0.9747
vn 0.0000 0.0476 0.9989
vn 0.1262 0.9899 0.0648
vn 0.3603 0.8505 0.3832
vn 0.2470 0.9689 -0.0171
vn 0.5703 0.6998 0.4302
vn 0.0084 0.9704 0.2415
vn 0.4900 0.8572 0.1586
vn 0.8284 0.2981 0.4743
vn 0.6210 0.2302 0.7493
vn 0.9650 -0.0759 0.2508
vn 0.6257 0.6290 0.4613
vn 0.8640 0.0411 0.5018
vn 0.2150 0.0610 0.9747
vn 0.3937 -0.1943 0.8985
vn 0.5865 0.4626 -0.6649
vn 0.6144 0.1039 0.7821
vn 0.9197 -0.2375 0.3127
vn 0.0691 0.5045 0.8606
vn 0.2451 0.9575 0.1519
vn -0.8634 0.0387 0.5030
vn -0.6484 0.6096 0.4559
vn -0.3195 0.9249 0.2063
vn 0.8636 -0.5031 0.0329
vn 0.8285 -0.0328 0.5591
vn 0.6144 0.1040 0.7821
vn 0.6969 0.4602 0.5500
vn 0.5935 0.2944 0.7490
vn 0.3182 0.2047 0.9256
vn 0.8151 -0.5580 0.1556
vn 0.4432 -0.0911 0.8918
vn 0.7241 -0.6623 -0.1924
vn 0.5997 0.2199 0.7694
vn 0.4631 0.8863 0.0061
vn -0.0032 0.1198 0.9928
vn 0.1185 0.5007 0.8575
vn 0.0939 0.9954 -0.0182
vn -0.1336 0.2250 0.9652
vn 0.0729 0.9259 0.3707
vn -0.2644 -0.5043 -0.8220
vn -0.0360 -0.5382 -0.8421
usemtl e03_201
s 1
f 631/629/558 630/630/559 629/631/560
f 632/632/561 629/631/560 630/630/559
f 633/633/562 632/632/561 630/630/559
f 633/633/562 630/630/559 634/634/563
f 635/635/564 634/634/563 630/630/559
f 637/636/565 634/634/566 636/637/567
f 640/638/568 639/639/562 638/640/565
f 641/641/566 638/640/565 639/639/562
f 638/640/565 642/642/569 640/638/568
f 643/643/570 640/638/568 642/642/569
f 640/638/568 643/643/570 644/644/571
f 644/644/571 643/643/570 645/645/572
f 646/646/573 645/645/572 643/643/570
f 640/638/568 647/647/574 639/639/562
f 648/648/561 639/639/562 647/647/574
f 647/647/574 649/649/572 648/648/561
f 650/650/575 648/648/561 649/649/572
f 653/651/576 652/652/577 651/653/578
f 654/654/579 653/651/576 651/653/578
f 655/655/580 652/652/577 653/651/576
f 653/651/576 656/656/581 655/655/580
f 653/651/576 657/657/582 656/656/581
f 658/658/583 655/655/580 656/656/581
f 657/657/582 653/651/576 659/659/584
f 661/660/585 656/656/586 660/661/587
f 663/662/588 656/656/581 662/663/585
f 664/664/589 663/662/588 662/663/585
f 663/662/588 664/664/589 665/665/580
f 666/666/590 665/665/580 664/664/589
f 664/664/589 662/663/585 666/666/590
f 667/667/591 666/666/590 662/663/585
f 665/665/580 666/666/590 668/668/592
f 666/666/590 669/669/584 668/668/592
f 668/668/592 670/670/577 665/665/580
f 672/671/587 671/672/593 666/666/590
f 675/673/594 674/674/595 673/675/596
f 676/676/597 673/675/596 674/674/595
f 676/676/597 677/677/598 673/675/596
f 677/677/598 678/678/599 673/675/596
f 679/679/600 673/675/596 678/678/599
f 678/678/601 681/680/602 680/681/603
f 684/682/604 683/683/602 682/684/598
f 685/685/601 682/684/598 683/683/602
f 683/683/602 684/682/604 686/686/605
f 687/687/606 686/686/605 684/682/604
f 687/687/606 684/682/604 688/688/607
f 688/688/607 689/689/608 687/687/606
f 690/690/609 687/687/606 689/689/608
f 684/682/604 682/684/598 691/691/607
f 692/692/597 691/691/607 682/684/598
f 691/691/607 692/692/597 693/693/608
f 694/694/610 693/693/608 692/692/597
f 697/695/611 696/696/612 695/697/613
f 696/696/612 698/698/614 695/697/613
f 697/695/611 699/699/615 696/696/612
f 696/696/612 699/699/615 700/700/616
f 696/696/612 700/700/616 701/701/617
f 702/702/618 700/700/616 699/699/615
f 696/696/612 701/701/617 703/703/619
f 705/704/620 704/705/621 700/700/622
f 700/700/616 707/706/623 706/707/620
f 707/706/623 708/708/624 706/707/620
f 707/706/623 709/709/615 708/708/624
f 710/710/625 708/708/624 709/709/615
f 708/708/624 710/710/625 706/707/620
f 711/711/626 706/707/620 710/710/625
f 710/710/625 709/709/615 712/712/627
f 713/713/619 710/710/625 712/712/627
f 714/714/611 712/712/627 709/709/615
f 716/715/628 715/716/621 710/710/625
f 719/717/629 718/718/630 717/719/631
f 720/720/632 717/719/631 718/718/630
f 720/720/632 721/721/633 717/719/631
f 722/722/634 717/719/631 721/721/633
f 723/723/635 722/722/634 721/721/633
f 721/721/633 724/724/636 723/723/635
f 721/721/633 720/720/632 724/724/636
f 725/725/637 723/723/635 724/724/636
f 720/720/632 718/718/630 726/726/638
f 726/726/638 724/724/636 720/720/632
f 727/727/639 726/726/638 718/718/630
f 726/726/638 728/728/640 724/724/636
f 729/729/641 724/724/636 728/728/640
f 724/724/636 729/729/641 725/725/637
f 729/729/641 728/728/640 730/730/642
f 731/731/643 730/730/642 728/728/640
f 728/728/640 732/732/644 731/731/643
f 728/728/640 726/726/638 732/732/644
f 727/727/639 732/732/644 726/726/638
f 733/733/645 731/731/643 732/732/644
f 719/717/629 734/734/646 718/718/630
f 733/733/645 735/735/647 731/731/643
f 735/735/647 733/733/645 736/736/648
f 737/737/649 736/736/648 733/733/645
f 737/737/649 733/733/645 732/732/644
f 738/738/650 737/737/649 732/732/644
f 732/732/644 727/727/639 738/738/650
f 739/739/651 731/731/643 735/735/647
f 730/730/642 731/731/643 740/740/652
f 739/739/651 740/740/652 731/731/643
f 740/740/652 741/741/653 730/730/642
f 742/742/654 730/730/642 741/741/653
f 730/730/642 742/742/654 743/743/655
f 729/729/641 730/730/642 743/743/655
f 741/741/653 744/744/656 742/742/654
f 745/745/657 742/742/654 744/744/656
f 744/744/656 746/746/658 745/745/657
f 722/722/634 745/745/657 746/746/658
f 746/746/658 747/747/659 722/722/634
f 717/719/631 722/722/634 747/747/659
f 717/719/631 747/747/659 719/717/629
f 748/748/660 719/717/629 747/747/659
f 742/742/654 749/749/661 743/743/655
f 745/745/657 749/749/661 742/742/654
f 723/723/635 749/749/661 745/745/657
f 745/745/657 722/722/634 723/723/635
f 723/723/635 725/725/637 749/749/661
f 749/749/661 725/725/637 743/743/655
f 743/743/655 725/725/637 729/729/641
f 748/748/660 750/750/662 719/717/629
f 734/734/646 719/717/629 750/750/662
f 750/750/662 751/751/663 734/734/646
f 752/752/664 734/734/646 751/751/663
f 752/752/664 751/751/663 753/753/665
f 754/754/666 753/753/665 751/751/663
f 752/752/664 753/753/665 755/755/667
f 756/756/668 752/752/664 755/755/667
f 734/734/646 752/752/664 756/756/668
f 734/734/646 756/756/668 718/718/630
f 718/718/630 756/756/668 727/727/639
f 757/757/669 727/727/639 756/756/668
f 757/757/669 738/738/650 727/727/639
f 759/758/670 758/759/671 738/738/650
f 759/758/670 760/760/672 758/759/671
f 760/760/672 761/761/673 758/759/671
f 762/762/674 758/759/671 761/761/673
f 758/759/671 762/762/674 737/737/649
f 738/738/650 758/759/671 737/737/649
f 736/736/648 737/737/649 762/762/674
f 765/763/675 764/764/663 763/765/676
f 766/766/677 763/765/676 764/764/663
f 763/765/676 767/767/672 765/763/675
f 768/768/678 765/763/675 767/767/672
f 768/768/678 767/767/672 769/769/679
f 770/770/680 769/769/679 767/767/672
f 769/769/679 770/770/680 771/771/668
f 772/772/681 771/771/668 770/770/680
f 771/771/668 772/772/681 773/773/682
f 764/764/663 774/774/683 766/766/677
f 775/775/648 766/766/677 774/774/683
f 774/774/683 776/776/660 775/775/648
f 777/777/647 775/775/648 776/776/660
f 776/776/660 778/778/659 777/777/647
f 779/779/684 777/777/647 778/778/659
f 779/779/684 778/778/659 780/780/652
f 781/781/685 780/780/652 778/778/659
f 780/780/652 781/781/685 782/782/686
f 783/783/687 782/782/686 781/781/685
f 786/784/688 785/785/689 784/786/690
f 785/785/689 786/784/688 787/787/691
f 787/787/691 788/788/692 785/785/689
f 789/789/693 785/785/689 788/788/692
f 786/784/688 784/786/690 790/790/694
f 784/786/690 791/791/695 790/790/694
f 786/784/688 790/790/694 792/792/696
f 793/793/697 792/792/696 790/790/694
f 788/788/692 794/794/698 789/789/693
f 788/788/692 795/795/699 794/794/698
f 788/788/692 787/787/691 795/795/699
f 796/796/700 794/794/698 795/795/699
f 789/789/693 794/794/698 797/797/701
f 792/792/696 798/798/702 786/784/688
f 787/787/691 786/784/688 798/798/702
f 798/798/702 795/795/699 787/787/691
f 798/798/702 792/792/696 799/799/703
f 800/800/704 799/799/703 792/792/696
f 793/793/697 800/800/704 792/792/696
f 799/799/703 801/801/705 798/798/702
f 795/795/699 798/798/702 801/801/705
f 801/801/705 796/796/700 795/795/699
f 802/802/706 796/796/700 801/801/705
f 802/802/706 803/803/707 796/796/700
f 793/793/697 804/804/708 800/800/704
f 793/793/697 805/805/709 804/804/708
f 808/806/710 807/807/711 806/808/712
f 809/809/713 806/808/712 807/807/711
f 806/808/712 810/810/714 808/806/710
f 806/808/712 811/811/715 810/810/714
f 811/811/715 806/808/712 809/809/713
f 812/812/716 810/810/714 811/811/715
f 811/811/715 813/813/717 812/812/716
f 811/811/715 814/814/718 813/813/717
f 814/814/718 811/811/715 809/809/713
f 815/815/719 813/813/717 814/814/718
f 816/816/720 812/812/716 813/813/717
f 817/817/721 808/806/710 810/810/714
f 817/817/721 818/818/722 808/806/710
f 819/819/723 808/806/710 818/818/722
f 813/813/717 815/815/719 820/820/724
f 821/821/725 820/820/724 815/815/719
f 821/821/725 822/822/726 820/820/724
f 823/823/727 820/820/724 822/822/726
f 820/820/724 823/823/727 824/824/728
f 816/816/720 813/813/717 824/824/728
f 820/820/724 824/824/728 813/813/717
f 825/825/729 824/824/728 823/823/727
f 823/823/727 826/826/730 825/825/729
f 823/823/727 822/822/726 826/826/730
f 827/827/731 825/825/729 826/826/730
f 827/827/731 826/826/730 828/828/732
f 829/829/733 828/828/732 826/826/730
f 830/830/734 826/826/730 822/822/726
f 833/831/735 832/832/722 831/833/733
f 834/834/736 831/833/733 832/832/722
f 831/833/733 835/835/737 833/831/735
f 836/836/738 833/831/735 835/835/737
f 832/832/722 837/837/721 834/834/736
f 838/838/739 834/834/736 837/837/721
f 837/837/721 839/839/714 838/838/739
f 840/840/729 838/838/739 839/839/714
f 841/841/728 840/840/729 839/839/714
f 842/842/720 841/841/728 839/839/714
f 843/843/740 842/842/720 839/839/714
f 835/835/737 844/844/741 836/836/738
f 845/845/711 836/836/738 844/844/741
f 844/844/741 846/846/742 845/845/711
f 847/847/713 845/845/711 846/846/742
f 847/847/713 846/846/742 848/848/718
f 849/849/743 848/848/718 846/846/742
f 850/850/744 848/848/718 849/849/743
f 853/851/745 852/852/746 851/853/747
f 854/854/748 851/853/747 852/852/746
f 851/853/747 855/855/749 853/851/745
f 852/852/746 853/851/745 856/856/750
f 857/857/751 856/856/750 853/851/745
f 857/857/751 853/851/745 858/858/752
f 859/859/753 858/858/752 853/851/745
f 859/859/753 853/851/745 860/860/754
f 858/858/752 861/861/755 857/857/751
f 862/862/756 857/857/751 861/861/755
f 857/857/751 862/862/756 856/856/750
f 863/863/757 856/856/750 862/862/756
f 861/861/755 864/864/758 862/862/756
f 865/865/759 862/862/756 864/864/758
f 851/853/747 854/854/748 865/865/759
f 862/862/756 865/865/759 863/863/757
f 864/864/758 866/866/760 865/865/759
f 851/853/747 865/865/759 866/866/760
f 867/867/761 865/865/759 854/854/748
f 867/867/761 863/863/757 865/865/759
f 855/855/762 868/868/763 859/859/753
f 859/859/753 868/868/763 858/858/752
f 858/858/752 868/868/763 861/861/755
f 864/864/758 868/868/763 855/855/762
f 861/861/755 868/868/763 864/864/758
f 871/869/764 870/870/765 869/871/766
f 872/872/767 869/871/766 870/870/765
f 871/869/764 869/871/766 873/873/768
f 874/874/769 873/873/768 869/871/766
f 874/874/769 875/875/770 873/873/768
f 873/873/768 875/875/770 876/876/771
f 873/873/768 876/876/771 871/869/764
f 877/877/772 876/876/771 875/875/770
f 871/869/764 878/878/773 870/870/765
f 878/878/773 871/869/764 876/876/771
f 879/879/774 870/870/765 878/878/773
f 878/878/773 876/876/771 880/880/775
f 881/881/776 880/880/775 876/876/771
f 876/876/771 877/877/772 881/881/776
f 881/881/776 882/882/777 880/880/775
f 883/883/778 880/880/775 882/882/777
f 880/880/775 883/883/778 884/884/779
f 879/879/774 878/878/773 884/884/779
f 880/880/775 884/884/779 878/878/773
f 885/885/780 884/884/779 883/883/778
f 886/886/781 872/872/767 870/870/765
f 885/885/780 883/883/778 887/887/782
f 887/887/782 888/888/783 885/885/780
f 889/889/784 885/885/780 888/888/783
f 885/885/780 889/889/784 884/884/779
f 889/889/784 890/890/785 884/884/779
f 884/884/779 890/890/785 879/879/774
f 891/891/786 887/887/782 883/883/778
f 891/891/786 883/883/778 892/892/787
f 882/882/777 892/892/787 883/883/778
f 892/892/787 882/882/777 893/893/788
f 894/894/789 893/893/788 882/882/777
f 894/894/789 882/882/777 895/895/790
f 882/882/777 881/881/776 895/895/790
f 893/893/788 894/894/789 896/896/791
f 897/897/792 896/896/791 894/894/789
f 896/896/791 897/897/792 898/898/793
f 874/874/769 898/898/793 897/897/792
f 898/898/793 874/874/769 899/899/794
f 869/871/766 899/899/794 874/874/769
f 869/871/766 872/872/767 899/899/794
f 900/900/795 899/899/794 872/872/767
f 901/901/796 894/894/789 895/895/790
f 901/901/796 897/897/792 894/894/789
f 901/901/796 875/875/770 897/897/792
f 874/874/769 897/897/792 875/875/770
f 877/877/772 875/875/770 901/901/796
f 877/877/772 901/901/796 895/895/790
f 895/895/790 881/881/776 877/877/772
f 900/900/795 872/872/767 902/902/797
f 886/886/781 902/902/797 872/872/767
f 902/902/797 886/886/781 903/903/798
f 904/904/799 903/903/798 886/886/781
f 904/904/799 905/905/800 903/903/798
f 906/906/801 903/903/798 905/905/800
f 905/905/800 904/904/799 907/907/802
f 904/904/799 908/908/803 907/907/802
f 904/904/799 886/886/781 908/908/803
f 908/908/803 886/886/781 870/870/765
f 870/870/765 879/879/774 908/908/803
f 909/909/804 908/908/803 879/879/774
f 909/909/804 879/879/774 890/890/785
f 911/910/805 910/911/806 890/890/785
f 912/912/807 910/911/806 911/910/805
f 912/912/807 911/910/805 913/913/808
f 914/914/809 913/913/808 911/910/805
f 911/910/805 889/889/784 914/914/809
f 911/910/805 890/890/785 889/889/784
f 888/888/783 914/914/809 889/889/784
f 917/915/810 916/916/798 915/917/811
f 918/918/812 915/917/811 916/916/798
f 915/917/811 918/918/812 919/919/807
f 920/920/813 919/919/807 918/918/812
f 920/920/813 921/921/814 919/919/807
f 922/922/815 919/919/807 921/921/814
f 921/921/814 923/923/803 922/922/815
f 924/924/816 922/922/815 923/923/803
f 924/924/816 923/923/803 925/925/817
f 916/916/798 917/915/810 926/926/818
f 927/927/783 926/926/818 917/915/810
f 926/926/818 927/927/783 928/928/795
f 929/929/782 928/928/795 927/927/783
f 928/928/795 929/929/782 930/930/794
f 931/931/819 930/930/794 929/929/782
f 931/931/819 932/932/787 930/930/794
f 933/933/820 930/930/794 932/932/787
f 932/932/787 934/934/821 933/933/820
f 935/935/822 933/933/820 934/934/821
f 938/936/823 937/937/824 936/938/825
f 936/938/825 939/939/826 938/936/823
f 939/939/826 936/938/825 940/940/827
f 941/941/828 940/940/827 936/938/825
f 938/936/823 942/942/829 937/937/824
f 937/937/824 942/942/829 943/943/830
f 938/936/823 944/944/831 942/942/829
f 945/945/832 942/942/829 944/944/831
f 940/940/827 941/941/828 946/946/833
f 940/940/827 946/946/833 947/947/834
f 940/940/827 947/947/834 939/939/826
f 948/948/835 947/947/834 946/946/833
f 941/941/828 949/949/836 946/946/833
f 939/939/826 950/950/837 938/936/823
f 944/944/831 938/936/823 950/950/837
f 950/950/837 939/939/826 947/947/834
f 950/950/837 951/951/838 944/944/831
f 952/952/839 944/944/831 951/951/838
f 945/945/832 944/944/831 952/952/839
f 947/947/834 953/953/840 950/950/837
f 951/951/838 950/950/837 953/953/840
f 953/953/840 947/947/834 948/948/835
f 954/954/841 953/953/840 948/948/835
f 954/954/841 948/948/835 955/955/842
f 945/945/832 952/952/839 956/956/843
f 945/945/832 956/956/843 957/957/844
f 960/958/845 959/959/846 958/960/847
f 961/961/848 958/960/847 959/959/846
f 958/960/847 961/961/848 962/962/849
f 958/960/847 962/962/849 963/963/850
f 958/960/847 963/963/850 960/958/845
f 964/964/851 963/963/850 962/962/849
f 963/963/850 964/964/851 965/965/852
f 963/963/850 965/965/852 966/966/853
f 963/963/850 966/966/853 960/958/845
f 967/967/854 966/966/853 965/965/852
f 968/968/855 965/965/852 964/964/851
f 969/969/856 962/962/849 961/961/848
f 969/969/856 961/961/848 970/970/857
f 971/971/858 970/970/857 961/961/848
f 965/965/852 972/972/859 967/967/854
f 973/973/860 967/967/854 972/972/859
f 974/974/861 973/973/860 972/972/859
f 972/972/859 975/975/862 974/974/861
f 972/972/859 976/976/863 975/975/862
f 972/972/859 965/965/852 976/976/863
f 968/968/855 976/976/863 965/965/852
f 977/977/864 975/975/862 976/976/863
f 975/975/862 977/977/864 978/978/865
f 975/975/862 978/978/865 974/974/861
f 979/979/866 978/978/865 977/977/864
f 979/979/866 980/980/867 978/978/865
f 981/981/868 978/978/865 980/980/867
f 982/982/869 974/974/861 978/978/865
f 985/983/870 984/984/857 983/985/868
f 986/986/871 983/985/868 984/984/857
f 983/985/868 986/986/871 987/987/872
f 988/988/873 987/987/872 986/986/871
f 984/984/857 985/983/870 989/989/856
f 990/990/874 989/989/856 985/983/870
f 989/989/856 990/990/874 991/991/849
f 992/992/864 991/991/849 990/990/874
f 992/992/864 993/993/863 991/991/849
f 993/993/863 994/994/855 991/991/849
f 994/994/855 995/995/875 991/991/849
f 987/987/872 988/988/873 996/996/876
f 997/997/846 996/996/876 988/988/873
f 996/996/876 997/997/846 998/998/877
f 999/999/845 998/998/877 997/997/846
f 999/999/845 1000/1000/853 998/998/877
f 1001/1001/878 998/998/877 1000/1000/853
f 1000/1000/853 1002/1002/879 1001/1001/878
f 1005/1003/880 1004/1004/881 1003/1005/882
f 1006/1006/883 1003/1005/882 1004/1004/881
f 1003/1005/882 1006/1006/883 1007/1007/884
f 1004/1004/881 1008/1008/885 1006/1006/883
f 1009/1009/886 1006/1006/883 1008/1008/885
f 1009/1009/886 1010/1010/887 1006/1006/883
f 1011/1011/888 1006/1006/883 1010/1010/887
f 1011/1011/888 1012/1012/889 1006/1006/883
f 1010/1010/887 1009/1009/886 1013/1013/890
f 1014/1014/891 1013/1013/890 1009/1009/886
f 1009/1009/886 1008/1008/885 1014/1014/891
f 1015/1015/892 1014/1014/891 1008/1008/885
f 1013/1013/890 1014/1014/891 1016/1016/893
f 1017/1017/894 1016/1016/893 1014/1014/891
f 1003/1005/882 1017/1017/894 1005/1003/880
f 1014/1014/891 1015/1015/892 1017/1017/894
f 1003/1005/882 1018/1018/895 1017/1017/894
f 1016/1016/893 1017/1017/894 1018/1018/895
f 1019/1019/896 1005/1003/880 1017/1017/894
f 1019/1019/896 1017/1017/894 1015/1015/892
f 1020/1020/897 1007/1007/898 1011/1011/888
f 1020/1020/897 1011/1011/888 1010/1010/887
f 1020/1020/897 1010/1010/887 1013/1013/890
f 1020/1020/897 1016/1016/893 1007/1007/898
f 1020/1020/897 1013/1013/890 1016/1016/893
f 1023/1021/899 1022/1022/900 1021/1023/901
f 1024/1024/902 1021/1023/901 1022/1022/900
f 1023/1021/899 1021/1023/901 1025/1025/903
f 1025/1025/903 1026/1026/904 1023/1021/899
f 1027/1027/905 1023/1021/899 1026/1026/904
f 1023/1021/899 1027/1027/905 1022/1022/900
f 1028/1028/906 1025/1025/903 1021/1023/901
f 1026/1026/904 1029/1029/907 1027/1027/905
f 1030/1030/908 1027/1027/905 1029/1029/907
f 1031/1031/909 1022/1022/900 1027/1027/905
f 1027/1027/905 1030/1030/908 1031/1031/909
f 1031/1031/909 1030/1030/908 1032/1032/910
f 1033/1033/911 1032/1032/910 1030/1030/908
f 1033/1033/911 1034/1034/912 1032/1032/910
f 1033/1033/911 1035/1035/913 1034/1034/912
f 1036/1036/914 1034/1034/912 1035/1035/913
f 1035/1035/913 1037/1037/915 1036/1036/914
f 1038/1038/916 1036/1036/914 1037/1037/915
f 1039/1039/917 1032/1032/910 1034/1034/912
f 1035/1035/913 1033/1033/911 1040/1040/918
f 1030/1030/908 1040/1040/918 1033/1033/911
f 1040/1040/918 1030/1030/908 1041/1041/919
f 1029/1029/907 1041/1041/919 1030/1030/908
f 1042/1042/920 1040/1040/918 1041/1041/919
f 1042/1042/920 1043/1043/921 1040/1040/918
f 1037/1037/915 1035/1035/913 1043/1043/921
f 1040/1040/918 1043/1043/921 1035/1035/913
f 1032/1032/910 1039/1039/917 1044/1044/922
f 1032/1032/910 1044/1044/922 1031/1031/909
f 1045/1045/923 1044/1044/922 1039/1039/917
f 1045/1045/923 1046/1046/924 1044/1044/922
f 1047/1047/925 1044/1044/922 1046/1046/924
f 1044/1044/922 1047/1047/925 1022/1022/900
f 1024/1024/902 1022/1022/900 1047/1047/925
f 1022/1022/900 1031/1031/909 1044/1044/922
f 1048/1048/926 1042/1042/920 1041/1041/919
f 1036/1036/914 1038/1038/916 1049/1049/927
f 1050/1050/928 1049/1049/927 1038/1038/916
f 1049/1049/927 1050/1050/928 1051/1051/929
f 1052/1052/930 1051/1051/929 1050/1050/928
f 1052/1052/930 1053/1053/931 1051/1051/929
f 1054/1054/932 1051/1051/929 1053/1053/931
f 1051/1051/929 1054/1054/932 1055/1055/933
f 1051/1051/929 1055/1055/933 1049/1049/927
f 1056/1056/934 1055/1055/933 1054/1054/932
f 1055/1055/933 1056/1056/934 1057/1057/935
f 1056/1056/934 1058/1058/936 1057/1057/935
f 1056/1056/934 1059/1059/937 1058/1058/936
f 1056/1056/934 1054/1054/932 1059/1059/937
f 1059/1059/937 1054/1054/932 1060/1060/938
f 1061/1061/939 1055/1055/933 1057/1057/935
f 1062/1062/940 1061/1061/939 1057/1057/935
f 1062/1062/940 1063/1063/941 1061/1061/939
f 1064/1064/942 1061/1061/939 1063/1063/941
f 1063/1063/941 1065/1065/931 1064/1064/942
f 1066/1066/930 1064/1064/942 1065/1065/931
f 1063/1063/941 1062/1062/940 1067/1067/943
f 1068/1068/944 1067/1067/943 1062/1062/940
f 1067/1067/943 1068/1068/944 1069/1069/945
f 1068/1068/944 1070/1070/946 1069/1069/945
f 1069/1069/945 1070/1070/946 1071/1071/947
f 1070/1070/946 1072/1072/948 1071/1071/947
f 1072/1072/948 1070/1070/946 1073/1073/949
f 1070/1070/946 1068/1068/944 1073/1073/949
f 1073/1073/949 1074/1074/950 1072/1072/948
f 1074/1074/950 1075/1075/947 1072/1072/948
f 1076/1076/951 1075/1075/947 1074/1074/950
f 1077/1077/952 1076/1076/951 1074/1074/950
f 1074/1074/950 1073/1073/949 1077/1077/952
f 1077/1077/952 1060/1060/938 1076/1076/951
f 1078/1078/953 1073/1073/949 1068/1068/944
f 1068/1068/944 1079/1079/954 1078/1078/953
f 1077/1077/952 1059/1059/937 1060/1060/938
f 1062/1062/940 1079/1079/954 1068/1068/944
f 1080/1080/955 1079/1079/954 1062/1062/940
f 1080/1080/955 1062/1062/940 1057/1057/935
f 1083/1081/956 1082/1082/957 1081/1083/958
f 1082/1082/957 1083/1081/956 1084/1084/959
f 1084/1084/959 1083/1081/956 1085/1085/960
f 1086/1086/961 1084/1084/959 1085/1085/960
f 1086/1086/961 1087/1087/962 1084/1084/959
f 1087/1087/962 1088/1088/963 1084/1084/959
f 1084/1084/959 1088/1088/963 1089/1089/964
f 1082/1082/957 1084/1084/959 1089/1089/964
f 1085/1085/960 1090/1090/965 1086/1086/961
f 1091/1091/952 1086/1086/961 1090/1090/965
f 1086/1086/961 1091/1091/952 1087/1087/962
f 1092/1092/966 1087/1087/962 1091/1091/952
f 1087/1087/962 1092/1092/966 1088/1088/963
f 1093/1093/967 1088/1088/963 1092/1092/966
f 1088/1088/963 1093/1093/967 1089/1089/964
f 1094/1094/954 1089/1089/964 1093/1093/967
f 1089/1089/964 1094/1094/954 1082/1082/957
f 1095/1095/955 1082/1082/957 1094/1094/954
f 1082/1082/957 1095/1095/955 1081/1083/958
f 1096/1096/935 1081/1083/958 1095/1095/955
f 1081/1083/958 1096/1096/935 1083/1081/956
f 1097/1097/936 1083/1081/956 1096/1096/935
f 1083/1081/956 1097/1097/936 1085/1085/960
f 1090/1090/965 1085/1085/960 1097/1097/936
f 1100/1098/968 1099/1099/947 1098/1100/969
f 1099/1099/947 1101/1101/951 1098/1100/969
f 1098/1100/969 1101/1101/951 1102/1102/970
f 1103/1103/938 1102/1102/970 1101/1101/951
f 1104/1104/932 1102/1102/970 1103/1103/938
f 1104/1104/932 1105/1105/971 1102/1102/970
f 1105/1105/971 1104/1104/932 1106/1106/972
f 1107/1107/973 1106/1106/972 1104/1104/932
f 1100/1098/968 1108/1108/974 1099/1099/947
f 1100/1098/968 1109/1109/975 1108/1108/974
f 1110/1110/943 1108/1108/974 1109/1109/975
f 1110/1110/943 1109/1109/975 1111/1111/976
f 1112/1112/977 1111/1111/976 1109/1109/975
f 1112/1112/977 1113/1113/972 1111/1111/976
f 1114/1114/931 1111/1111/976 1113/1113/972
f 1115/1115/978 1049/1049/927 1055/1055/933
f 1115/1115/978 1055/1055/933 1116/1116/979
f 1061/1061/939 1116/1116/979 1055/1055/933
f 1116/1116/979 1061/1061/939 1117/1117/980
f 1064/1064/942 1117/1117/980 1061/1061/939
f 1117/1117/980 1064/1064/942 1118/1118/981
f 1066/1066/930 1118/1118/981 1064/1064/942
f 1049/1049/927 1115/1115/978 1036/1036/914
f 1034/1034/912 1036/1036/914 1115/1115/978
f 1034/1034/912 1115/1115/978 1039/1039/917
f 1116/1116/979 1039/1039/917 1115/1115/978
f 1039/1039/917 1116/1116/979 1045/1045/923
f 1117/1117/980 1045/1045/923 1116/1116/979
f 1117/1117/980 1118/1118/981 1045/1045/923
f 1046/1046/924 1045/1045/923 1118/1118/981
f 1121/1119/982 1120/1120/983 1119/1121/984
f 1122/1122/985 1119/1121/984 1120/1120/983
f 1122/1122/985 1123/1123/986 1119/1121/984
f 1123/1123/986 1122/1122/985 1124/1124/987
f 1125/1125/988 1124/1124/987 1122/1122/985
f 1122/1122/985 1120/1120/983 1125/1125/988
f 1126/1126/989 1119/1121/984 1123/1123/986
f 1124/1124/987 1125/1125/988 1127/1127/990
f 1128/1128/991 1127/1127/990 1125/1125/988
f 1129/1129/992 1125/1125/988 1120/1120/983
f 1128/1128/991 1125/1125/988 1129/1129/992
f 1129/1129/992 1130/1130/993 1128/1128/991
f 1131/1131/994 1128/1128/991 1130/1130/993
f 1131/1131/994 1130/1130/993 1132/1132/995
f 1131/1131/994 1132/1132/995 1133/1133/996
f 1134/1134/997 1133/1133/996 1132/1132/995
f 1133/1133/996 1134/1134/997 1135/1135/998
f 1136/1136/999 1135/1135/998 1134/1134/997
f 1137/1137/1000 1132/1132/995 1130/1130/993
f 1128/1128/991 1131/1131/994 1138/1138/1001
f 1133/1133/996 1138/1138/1001 1131/1131/994
f 1127/1127/990 1128/1128/991 1139/1139/1002
f 1138/1138/1001 1139/1139/1002 1128/1128/991
f 1138/1138/1001 1140/1140/1003 1139/1139/1002
f 1141/1141/1004 1140/1140/1003 1138/1138/1001
f 1138/1138/1001 1133/1133/996 1141/1141/1004
f 1135/1135/998 1141/1141/1004 1133/1133/996
f 1130/1130/993 1142/1142/1005 1137/1137/1000
f 1130/1130/993 1129/1129/992 1142/1142/1005
f 1143/1143/1006 1137/1137/1000 1142/1142/1005
f 1143/1143/1006 1142/1142/1005 1144/1144/1007
f 1145/1145/1008 1144/1144/1007 1142/1142/1005
f 1142/1142/1005 1120/1120/983 1145/1145/1008
f 1121/1119/982 1145/1145/1008 1120/1120/983
f 1120/1120/983 1142/1142/1005 1129/1129/992
f 1140/1140/1003 1146/1146/1009 1139/1139/1002
f 1134/1134/997 1147/1147/1010 1136/1136/999
f 1148/1148/1011 1136/1136/999 1147/1147/1010
f 1147/1147/1010 1149/1149/1012 1148/1148/1011
f 1150/1150/1013 1148/1148/1011 1149/1149/1012
f 1150/1150/1013 1149/1149/1012 1151/1151/1014
f 1152/1152/1015 1151/1151/1014 1149/1149/1012
f 1149/1149/1012 1153/1153/1016 1152/1152/1015
f 1149/1149/1012 1147/1147/1010 1153/1153/1016
f 1154/1154/1017 1152/1152/1015 1153/1153/1016
f 1154/1154/1017 1153/1153/1016 1155/1155/1018
f 1156/1156/1019 1154/1154/1017 1155/1155/1018
f 1157/1157/1020 1154/1154/1017 1156/1156/1019
f 1152/1152/1015 1154/1154/1017 1157/1157/1020
f 1152/1152/1015 1157/1157/1020 1158/1158/1021
f 1153/1153/1016 1159/1159/1022 1155/1155/1018
f 1159/1159/1022 1160/1160/1023 1155/1155/1018
f 1160/1160/1023 1159/1159/1022 1161/1161/1024
f 1162/1162/1025 1161/1161/1024 1159/1159/1022
f 1161/1161/1024 1162/1162/1025 1163/1163/1014
f 1164/1164/1013 1163/1163/1014 1162/1162/1025
f 1161/1161/1024 1165/1165/1026 1160/1160/1023
f 1166/1166/1027 1160/1160/1023 1165/1165/1026
f 1166/1166/1027 1165/1165/1026 1167/1167/1028
f 1168/1168/1029 1166/1166/1027 1167/1167/1028
f 1168/1168/1029 1167/1167/1028 1169/1169/1030
f 1170/1170/1031 1168/1168/1029 1169/1169/1030
f 1168/1168/1029 1170/1170/1031 1171/1171/1032
f 1168/1168/1029 1171/1171/1032 1166/1166/1027
f 1172/1172/1033 1171/1171/1032 1170/1170/1031
f 1173/1173/1030 1172/1172/1033 1170/1170/1031
f 1173/1173/1030 1174/1174/1034 1172/1172/1033
f 1174/1174/1034 1175/1175/1035 1172/1172/1033
f 1171/1171/1032 1172/1172/1033 1175/1175/1035
f 1158/1158/1021 1175/1175/1035 1174/1174/1034
f 1176/1176/1036 1166/1166/1027 1171/1171/1032
f 1177/1177/1037 1166/1166/1027 1176/1176/1036
f 1157/1157/1020 1175/1175/1035 1158/1158/1021
f 1177/1177/1037 1160/1160/1023 1166/1166/1027
f 1177/1177/1037 1178/1178/1038 1160/1160/1023
f 1160/1160/1023 1178/1178/1038 1155/1155/1018
f 1181/1179/1039 1180/1180/1040 1179/1181/1041
f 1180/1180/1040 1181/1179/1039 1182/1182/1042
f 1180/1180/1040 1182/1182/1042 1183/1183/1043
f 1182/1182/1042 1184/1184/1044 1183/1183/1043
f 1185/1185/1045 1184/1184/1044 1182/1182/1042
f 1186/1186/1046 1185/1185/1045 1182/1182/1042
f 1186/1186/1046 1182/1182/1042 1187/1187/1047
f 1182/1182/1042 1181/1179/1039 1187/1187/1047
f 1183/1183/1043 1184/1184/1044 1188/1188/1048
f 1189/1189/1035 1188/1188/1048 1184/1184/1044
f 1184/1184/1044 1185/1185/1045 1189/1189/1035
f 1190/1190/1049 1189/1189/1035 1185/1185/1045
f 1185/1185/1045 1186/1186/1046 1190/1190/1049
f 1191/1191/1050 1190/1190/1049 1186/1186/1046
f 1186/1186/1046 1187/1187/1047 1191/1191/1050
f 1192/1192/1037 1191/1191/1050 1187/1187/1047
f 1187/1187/1047 1181/1179/1039 1192/1192/1037
f 1193/1193/1038 1192/1192/1037 1181/1179/1039
f 1181/1179/1039 1179/1181/1041 1193/1193/1038
f 1194/1194/1018 1193/1193/1038 1179/1181/1041
f 1179/1181/1041 1180/1180/1040 1194/1194/1018
f 1195/1195/1019 1194/1194/1018 1180/1180/1040
f 1188/1188/1048 1195/1195/1019 1183/1183/1043
f 1180/1180/1040 1183/1183/1043 1195/1195/1019
f 1198/1196/1030 1197/1197/1051 1196/1198/1052
f 1199/1199/1034 1198/1196/1030 1196/1198/1052
f 1196/1198/1052 1200/1200/1053 1199/1199/1034
f 1201/1201/1021 1199/1199/1034 1200/1200/1053
f 1200/1200/1053 1202/1202/1015 1201/1201/1021
f 1203/1203/1054 1202/1202/1015 1200/1200/1053
f 1203/1203/1054 1204/1204/1055 1202/1202/1015
f 1205/1205/1056 1202/1202/1015 1204/1204/1055
f 1206/1206/1057 1197/1197/1051 1198/1196/1030
f 1197/1197/1051 1206/1206/1057 1207/1207/1058
f 1208/1208/1026 1207/1207/1058 1206/1206/1057
f 1208/1208/1026 1209/1209/1059 1207/1207/1058
f 1210/1210/1060 1207/1207/1058 1209/1209/1059
f 1210/1210/1060 1209/1209/1059 1211/1211/1055
f 1212/1212/1014 1211/1211/1055 1209/1209/1059
f 1213/1213/1061 1153/1153/1016 1147/1147/1010
f 1213/1213/1061 1214/1214/1062 1153/1153/1016
f 1159/1159/1022 1153/1153/1016 1214/1214/1062
f 1214/1214/1062 1215/1215/1063 1159/1159/1022
f 1162/1162/1025 1159/1159/1022 1215/1215/1063
f 1215/1215/1063 1216/1216/1064 1162/1162/1025
f 1164/1164/1013 1162/1162/1025 1216/1216/1064
f 1147/1147/1010 1134/1134/997 1213/1213/1061
f 1132/1132/995 1213/1213/1061 1134/1134/997
f 1214/1214/1062 1213/1213/1061 1137/1137/1000
f 1132/1132/995 1137/1137/1000 1213/1213/1061
f 1215/1215/1063 1214/1214/1062 1143/1143/1006
f 1137/1137/1000 1143/1143/1006 1214/1214/1062
f 1215/1215/1063 1143/1143/1006 1216/1216/1064
f 1144/1144/1007 1216/1216/1064 1143/1143/1006
f 1219/1217/1065 1218/1218/1066 1217/1219/1067
f 1218/1218/1066 1220/1220/1068 1217/1219/1067
f 1221/1221/1069 1217/1219/1067 1220/1220/1068
f 1217/1219/1067 1222/1222/1070 1219/1217/1065
f 1223/1223/1071 1219/1217/1065 1222/1222/1070
f 1222/1222/1070 1224/1224/1072 1223/1223/1071
f 1224/1224/1072 1222/1222/1070 1225/1225/1073
f 1224/1224/1072 1225/1225/1073 1226/1226/1074
f 1227/1227/1075 1226/1226/1074 1225/1225/1073
f 1224/1224/1072 1226/1226/1074 1228/1228/1076
f 1228/1228/1076 1223/1223/1071 1224/1224/1072
f 1229/1229/1077 1228/1228/1076 1226/1226/1074
f 1230/1230/1078 1225/1225/1073 1222/1222/1070
f 1222/1222/1070 1231/1231/1079 1230/1230/1078
f 1222/1222/1070 1217/1219/1067 1231/1231/1079
f 1221/1221/1069 1231/1231/1079 1217/1219/1067
f 1230/1230/1078 1231/1231/1079 1232/1232/1080
f 1233/1233/1081 1232/1232/1080 1231/1231/1079
f 1233/1233/1081 1231/1231/1079 1234/1234/1082
f 1234/1234/1082 1231/1231/1079 1235/1235/1083
f 1235/1235/1083 1231/1231/1079 1221/1221/1069
f 1236/1236/1084 1233/1233/1081 1234/1234/1082
f 1234/1234/1082 1235/1235/1083 1236/1236/1084
f 1233/1233/1081 1237/1237/1085 1232/1232/1080
f 1238/1238/1086 1232/1232/1080 1237/1237/1085
f 1236/1236/1084 1239/1239/1087 1233/1233/1081
f 1237/1237/1085 1233/1233/1081 1239/1239/1087
f 1240/1240/1088 1239/1239/1087 1236/1236/1084
f 1240/1240/1088 1241/1241/1089 1239/1239/1087
f 1237/1237/1085 1242/1242/1090 1238/1238/1086
f 1237/1237/1085 1243/1243/1091 1242/1242/1090
f 1237/1237/1085 1239/1239/1087 1243/1243/1091
f 1244/1244/1092 1238/1238/1086 1242/1242/1090
f 1242/1242/1090 1245/1245/1093 1244/1244/1092
f 1246/1246/1094 1244/1244/1092 1245/1245/1093
f 1245/1245/1093 1242/1242/1090 1247/1247/1095
f 1242/1242/1090 1243/1243/1091 1247/1247/1095
f 1246/1246/1094 1248/1248/1096 1244/1244/1092
f 1238/1238/1086 1244/1244/1092 1248/1248/1096
f 1245/1245/1093 1249/1249/1097 1246/1246/1094
f 1249/1249/1097 1245/1245/1093 1250/1250/1098
f 1251/1251/1099 1250/1250/1098 1245/1245/1093
f 1247/1247/1095 1251/1251/1099 1245/1245/1093
f 1252/1252/1100 1246/1246/1094 1249/1249/1097
f 1246/1246/1094 1252/1252/1100 1253/1253/1101
f 1246/1246/1094 1253/1253/1101 1248/1248/1096
f 1254/1254/1102 1253/1253/1101 1252/1252/1100
f 1253/1253/1101 1255/1255/1103 1248/1248/1096
f 1256/1256/1104 1248/1248/1096 1255/1255/1103
f 1257/1257/1105 1255/1255/1103 1253/1253/1101
f 1257/1257/1105 1253/1253/1101 1254/1254/1102
f 1257/1257/1105 1258/1258/1106 1255/1255/1103
f 1259/1259/1107 1258/1258/1106 1257/1257/1105
f 1259/1259/1107 1257/1257/1105 1254/1254/1102
f 1258/1258/1106 1259/1259/1107 1260/1260/1108
f 1260/1260/1108 1261/1261/1109 1258/1258/1106
f 1262/1262/1110 1258/1258/1106 1261/1261/1109
f 1258/1258/1106 1262/1262/1110 1255/1255/1103
f 1261/1261/1109 1263/1263/1111 1262/1262/1110
f 1264/1264/1112 1262/1262/1110 1263/1263/1111
f 1265/1265/1113 1261/1261/1109 1260/1260/1108
f 1255/1255/1103 1262/1262/1110 1266/1266/1114
f 1264/1264/1112 1266/1266/1114 1262/1262/1110
f 1266/1266/1114 1256/1256/1104 1255/1255/1103
f 1267/1267/1115 1266/1266/1114 1264/1264/1112
f 1259/1259/1107 1254/1254/1102 1268/1268/1116
f 1269/1269/1117 1267/1267/1115 1264/1264/1112
f 1269/1269/1117 1264/1264/1112 1263/1263/1111
f 1269/1269/1117 1263/1263/1111 1270/1270/1118
f 1227/1227/1075 1267/1267/1115 1269/1269/1117
f 1227/1227/1075 1269/1269/1117 1271/1271/1119
f 1227/1227/1075 1225/1225/1073 1267/1267/1115
f 1272/1272/1120 1267/1267/1115 1225/1225/1073
f 1267/1267/1115 1272/1272/1120 1266/1266/1114
f 1225/1225/1073 1230/1230/1078 1272/1272/1120
f 1232/1232/1080 1272/1272/1120 1230/1230/1078
f 1232/1232/1080 1238/1238/1086 1272/1272/1120
f 1256/1256/1104 1272/1272/1120 1238/1238/1086
f 1272/1272/1120 1256/1256/1104 1266/1266/1114
f 1269/1269/1117 1273/1273/1121 1271/1271/1119
f 1270/1270/1118 1273/1273/1121 1269/1269/1117
f 1274/1274/1122 1271/1271/1119 1273/1273/1121
f 1256/1256/1104 1238/1238/1086 1248/1248/1096
f 1275/1275/1123 1273/1273/1121 1270/1270/1118
f 1275/1275/1123 1274/1274/1122 1273/1273/1121
f 1275/1275/1123 1270/1270/1118 1263/1263/1111
f 1276/1276/1124 1275/1275/1123 1263/1263/1111
f 1276/1276/1124 1263/1263/1111 1261/1261/1109
f 1277/1277/1125 1276/1276/1124 1261/1261/1109
f 1265/1265/1113 1277/1277/1125 1261/1261/1109
f 1278/1278/1126 1265/1265/1113 1260/1260/1108
f 1279/1279/1127 1278/1278/1126 1260/1260/1108
f 1279/1279/1127 1260/1260/1108 1280/1280/1128
f 1281/1281/1129 1280/1280/1128 1260/1260/1108
f 1281/1281/1129 1260/1260/1108 1259/1259/1107
f 1259/1259/1107 1268/1268/1116 1281/1281/1129
f 1284/1282/1130 1283/1283/1131 1282/1284/1132
f 1285/1285/1133 1282/1284/1132 1283/1283/1131
f 1285/1285/1133 1283/1283/1131 1286/1286/1134
f 1287/1287/1135 1286/1286/1134 1283/1283/1131
f 1282/1284/1132 1288/1288/1136 1284/1282/1130
f 1289/1289/1137 1284/1282/1130 1288/1288/1136
f 1288/1288/1136 1290/1290/1138 1289/1289/1137
f 1236/1236/1084 1289/1289/1137 1290/1290/1138
f 1289/1289/1137 1236/1236/1084 1291/1291/1139
f 1289/1289/1137 1291/1291/1139 1284/1282/1130
f 1284/1282/1130 1291/1291/1139 1283/1283/1131
f 1292/1292/1138 1288/1288/1136 1282/1284/1132
f 1287/1287/1135 1283/1283/1131 1221/1221/1069
f 1235/1235/1083 1221/1221/1069 1283/1283/1131
f 1291/1291/1139 1236/1236/1084 1235/1235/1083
f 1235/1235/1083 1283/1283/1131 1291/1291/1139
f 1220/1220/1068 1287/1287/1135 1221/1221/1069
f 1286/1286/1134 1287/1287/1135 1220/1220/1068
f 1295/1293/1134 1294/1294/1140 1293/1295/1141
f 1295/1293/1134 1293/1295/1141 1296/1296/1142
f 1296/1296/1142 1293/1295/1141 1297/1297/1143
f 1297/1297/1143 1293/1295/1141 1298/1298/1144
f 1294/1294/1140 1299/1299/1145 1293/1295/1141
f 1293/1295/1141 1299/1299/1145 1300/1300/1098
f 1301/1301/1146 1300/1300/1098 1299/1299/1145
f 1300/1300/1098 1302/1302/1147 1293/1295/1141
f 1303/1303/1148 1293/1295/1141 1302/1302/1147
f 1303/1303/1148 1304/1304/1149 1293/1295/1141
f 1305/1305/1150 1298/1298/1144 1293/1295/1141
f 1305/1305/1150 1293/1295/1141 1306/1306/1151
f 1309/1307/1128 1308/1308/1152 1307/1309/1153
f 1307/1309/1153 1310/1310/1127 1309/1307/1128
f 1309/1307/1128 1311/1311/1129 1308/1308/1152
f 1311/1311/1129 1229/1229/1077 1308/1308/1152
f 1311/1311/1129 1312/1312/1154 1229/1229/1077
f 1312/1312/1154 1313/1313/1102 1229/1229/1077
f 1228/1228/1076 1229/1229/1077 1313/1313/1102
f 1228/1228/1076 1313/1313/1102 1223/1223/1071
f 1314/1314/1100 1223/1223/1071 1313/1313/1102
f 1223/1223/1071 1314/1314/1100 1315/1315/1155
f 1223/1223/1071 1315/1315/1155 1219/1217/1065
f 1219/1217/1065 1315/1315/1155 1316/1316/1146
f 1315/1315/1155 1317/1317/1156 1316/1316/1146
f 1219/1217/1065 1316/1316/1146 1218/1218/1066
f 1315/1315/1155 1318/1318/1097 1317/1317/1156
f 1314/1314/1100 1318/1318/1097 1315/1315/1155
f 1320/1319/1157 1229/1229/1077 1319/1320/1158
f 1226/1226/1074 1319/1320/1158 1229/1229/1077
f 1226/1226/1074 1227/1227/1075 1321/1321/1159
f 1322/1322/1160 1321/1321/1159 1227/1227/1075
f 1325/1323/1161 1324/1324/1162 1323/1325/1163
f 1328/1326/1164 1327/1327/1165 1326/1328/1166
f 1328/1326/1167 1330/1329/1168 1329/1330/1169
f 1332/1331/1170 1329/1330/1169 1331/1332/1171
f 1331/1332/1171 1334/1333/1172 1333/1334/1173
f 1333/1334/1173 1335/1335/1174 1330/1329/1168
f 1333/1334/1173 1336/1336/1175 1331/1332/1171
f 1339/1337/1176 1338/1338/1177 1337/1339/1178
f 1342/1340/1179 1341/1341/1180 1340/1342/1181
f 1340/1342/1182 1344/1343/1183 1343/1344/1184
f 1346/1345/1185 1342/1340/1186 1345/1346/1187
f 1349/1347/1124 1348/1348/1188 1347/1349/1189
f 1241/1241/1089 1350/1350/1190 1239/1239/1087
f 1353/1351/1191 1352/1352/1192 1351/1353/1127
f 1352/1352/1192 1354/1354/1193 1351/1353/1127
f 1307/1309/1153 1355/1355/1194 1310/1310/1127
f 1358/1356/1195 1357/1357/1196 1356/1358/1197
f 1358/1356/1195 1356/1358/1197 1359/1359/1198
f 1360/1360/1199 1359/1359/1198 1356/1358/1197
f 1356/1358/1197 1357/1357/1196 1361/1361/1200
f 1362/1362/1201 1361/1361/1200 1357/1357/1196
f 1361/1361/1200 1362/1362/1201 1363/1363/1202
f 1363/1363/1202 1364/1364/1203 1361/1361/1200
f 1363/1363/1202 1365/1365/1204 1364/1364/1203
f 1366/1366/1205 1364/1364/1203 1365/1365/1204
f 1363/1363/1202 1367/1367/1206 1365/1365/1204
f 1367/1367/1206 1363/1363/1202 1362/1362/1201
f 1368/1368/1207 1365/1365/1204 1367/1367/1206
f 1369/1369/1208 1361/1361/1200 1364/1364/1203
f 1370/1370/1209 1361/1361/1200 1369/1369/1208
f 1360/1360/1199 1356/1358/1197 1370/1370/1209
f 1361/1361/1200 1370/1370/1209 1356/1358/1197
f 1369/1369/1208 1371/1371/1210 1370/1370/1209
f 1372/1372/1211 1370/1370/1209 1371/1371/1210
f 1370/1370/1209 1372/1372/1211 1373/1373/1212
f 1370/1370/1209 1373/1373/1212 1374/1374/1213
f 1370/1370/1209 1374/1374/1213 1360/1360/1199
f 1372/1372/1211 1375/1375/1214 1373/1373/1212
f 1373/1373/1212 1375/1375/1214 1374/1374/1213
f 1372/1372/1211 1371/1371/1210 1376/1376/1215
f 1377/1377/1216 1376/1376/1215 1371/1371/1210
f 1376/1376/1215 1378/1378/1217 1372/1372/1211
f 1375/1375/1214 1372/1372/1211 1378/1378/1217
f 1378/1378/1217 1379/1379/1218 1375/1375/1214
f 1380/1380/1219 1379/1379/1218 1378/1378/1217
f 1376/1376/1215 1377/1377/1216 1381/1381/1220
f 1382/1382/1221 1376/1376/1215 1381/1381/1220
f 1378/1378/1217 1376/1376/1215 1382/1382/1221
f 1383/1383/1222 1381/1381/1220 1377/1377/1216
f 1381/1381/1220 1383/1383/1222 1384/1384/1223
f 1385/1385/1224 1384/1384/1223 1383/1383/1222
f 1381/1381/1220 1384/1384/1223 1386/1386/1225
f 1382/1382/1221 1381/1381/1220 1386/1386/1225
f 1387/1387/1226 1385/1385/1224 1383/1383/1222
f 1383/1383/1222 1377/1377/1216 1387/1387/1226
f 1384/1384/1223 1385/1385/1224 1388/1388/1227
f 1388/1388/1227 1389/1389/1228 1384/1384/1223
f 1390/1390/1229 1384/1384/1223 1389/1389/1228
f 1390/1390/1229 1386/1386/1225 1384/1384/1223
f 1391/1391/1230 1388/1388/1227 1385/1385/1224
f 1385/1385/1224 1392/1392/1231 1391/1391/1230
f 1392/1392/1231 1385/1385/1224 1387/1387/1226
f 1393/1393/1232 1391/1391/1230 1392/1392/1231
f 1394/1394/1233 1392/1392/1231 1387/1387/1226
f 1387/1387/1226 1395/1395/1234 1394/1394/1233
f 1394/1394/1233 1396/1396/1235 1392/1392/1231
f 1392/1392/1231 1396/1396/1235 1393/1393/1232
f 1397/1397/1236 1396/1396/1235 1394/1394/1233
f 1397/1397/1236 1398/1398/1237 1396/1396/1235
f 1396/1396/1235 1398/1398/1237 1393/1393/1232
f 1398/1398/1237 1397/1397/1236 1399/1399/1238
f 1399/1399/1238 1397/1397/1236 1400/1400/1239
f 1401/1401/1240 1400/1400/1239 1397/1397/1236
f 1401/1401/1240 1397/1397/1236 1394/1394/1233
f 1400/1400/1239 1401/1401/1240 1402/1402/1241
f 1403/1403/1242 1402/1402/1241 1401/1401/1240
f 1400/1400/1239 1404/1404/1243 1399/1399/1238
f 1403/1403/1242 1401/1401/1240 1405/1405/1244
f 1394/1394/1233 1405/1405/1244 1401/1401/1240
f 1395/1395/1234 1405/1405/1244 1394/1394/1233
f 1405/1405/1244 1406/1406/1245 1403/1403/1242
f 1393/1393/1232 1398/1398/1237 1407/1407/1246
f 1406/1406/1245 1408/1408/1247 1403/1403/1242
f 1403/1403/1242 1408/1408/1247 1402/1402/1241
f 1402/1402/1241 1408/1408/1247 1409/1409/1248
f 1406/1406/1245 1366/1366/1205 1408/1408/1247
f 1408/1408/1247 1366/1366/1205 1410/1410/1249
f 1366/1366/1205 1406/1406/1245 1364/1364/1203
f 1411/1411/1250 1364/1364/1203 1406/1406/1245
f 1411/1411/1250 1406/1406/1245 1405/1405/1244
f 1364/1364/1203 1411/1411/1250 1369/1369/1208
f 1371/1371/1210 1369/1369/1208 1411/1411/1250
f 1371/1371/1210 1411/1411/1250 1377/1377/1216
f 1395/1395/1234 1377/1377/1216 1411/1411/1250
f 1395/1395/1234 1411/1411/1250 1405/1405/1244
f 1412/1412/1251 1408/1408/1247 1410/1410/1249
f 1412/1412/1251 1409/1409/1248 1408/1408/1247
f 1377/1377/1216 1395/1395/1234 1387/1387/1226
f 1412/1412/1251 1413/1413/1252 1409/1409/1248
f 1414/1414/1253 1413/1413/1252 1412/1412/1251
f 1410/1410/1249 1414/1414/1253 1412/1412/1251
f 1409/1409/1248 1413/1413/1252 1402/1402/1241
f 1413/1413/1252 1415/1415/1254 1402/1402/1241
f 1402/1402/1241 1415/1415/1254 1400/1400/1239
f 1415/1415/1254 1416/1416/1255 1400/1400/1239
f 1416/1416/1255 1404/1404/1243 1400/1400/1239
f 1404/1404/1243 1417/1417/1256 1399/1399/1238
f 1417/1417/1256 1418/1418/1257 1399/1399/1238
f 1399/1399/1238 1418/1418/1257 1419/1419/1258
f 1419/1419/1258 1420/1420/1259 1399/1399/1238
f 1399/1399/1238 1420/1420/1259 1398/1398/1237
f 1407/1407/1246 1398/1398/1237 1420/1420/1259
f 1423/1421/1260 1422/1422/1261 1421/1423/1262
f 1424/1424/1263 1421/1423/1262 1422/1422/1261
f 1423/1421/1260 1425/1425/1264 1422/1422/1261
f 1426/1426/1265 1422/1422/1261 1425/1425/1264
f 1427/1427/1266 1421/1423/1262 1424/1424/1263
f 1424/1424/1263 1428/1428/1267 1427/1427/1266
f 1427/1427/1266 1428/1428/1267 1429/1429/1268
f 1375/1375/1214 1429/1429/1268 1428/1428/1267
f 1375/1375/1214 1428/1428/1267 1430/1430/1269
f 1430/1430/1269 1428/1428/1267 1424/1424/1263
f 1424/1424/1263 1422/1422/1261 1430/1430/1269
f 1427/1427/1266 1431/1431/1268 1421/1423/1262
f 1426/1426/1265 1360/1360/1199 1422/1422/1261
f 1374/1374/1213 1422/1422/1261 1360/1360/1199
f 1430/1430/1269 1374/1374/1213 1375/1375/1214
f 1374/1374/1213 1430/1430/1269 1422/1422/1261
f 1426/1426/1265 1359/1359/1198 1360/1360/1199
f 1426/1426/1265 1425/1425/1264 1359/1359/1198
f 1434/1432/1270 1433/1433/1264 1432/1434/1271
f 1432/1434/1271 1433/1433/1264 1435/1435/1272
f 1432/1434/1271 1435/1435/1272 1436/1436/1273
f 1432/1434/1271 1436/1436/1273 1437/1437/1274
f 1438/1438/1275 1434/1432/1270 1432/1434/1271
f 1432/1434/1271 1439/1439/1228 1438/1438/1275
f 1440/1440/1276 1438/1438/1275 1439/1439/1228
f 1439/1439/1228 1432/1434/1271 1441/1441/1277
f 1442/1442/1278 1441/1441/1277 1432/1434/1271
f 1443/1443/1279 1442/1442/1278 1432/1434/1271
f 1437/1437/1274 1444/1444/1280 1432/1434/1271
f 1432/1434/1271 1444/1444/1280 1445/1445/1281
f 1448/1446/1282 1447/1447/1258 1446/1448/1283
f 1449/1449/1257 1446/1448/1283 1447/1447/1258
f 1450/1450/1259 1447/1447/1258 1448/1446/1282
f 1368/1368/1207 1450/1450/1259 1448/1446/1282
f 1451/1451/1284 1450/1450/1259 1368/1368/1207
f 1451/1451/1284 1368/1368/1207 1452/1452/1232
f 1367/1367/1206 1452/1452/1232 1368/1368/1207
f 1367/1367/1206 1362/1362/1201 1452/1452/1232
f 1453/1453/1230 1452/1452/1232 1362/1362/1201
f 1453/1453/1230 1362/1362/1201 1454/1454/1285
f 1454/1454/1285 1362/1362/1201 1357/1357/1196
f 1454/1454/1285 1357/1357/1196 1455/1455/1276
f 1456/1456/1286 1454/1454/1285 1455/1455/1276
f 1455/1455/1276 1357/1357/1196 1358/1356/1195
f 1457/1457/1227 1454/1454/1285 1456/1456/1286
f 1457/1457/1227 1453/1453/1230 1454/1454/1285
f 1365/1365/1204 1368/1368/1207 1458/1458/1287
f 1459/1459/1288 1458/1458/1287 1368/1368/1207
f 1365/1365/1204 1460/1460/1289 1366/1366/1205
f 1461/1461/1290 1366/1366/1205 1460/1460/1289
f 1464/1462/1291 1463/1463/1292 1462/1464/1293
f 1467/1465/1294 1466/1466/1295 1465/1467/1296
f 1466/1466/1297 1469/1468/1298 1468/1469/1299
f 1469/1468/1298 1471/1470/1300 1470/1471/1301
f 1473/1472/1302 1470/1471/1301 1472/1473/1303
f 1472/1473/1303 1468/1469/1299 1474/1474/1304
f 1475/1475/1305 1472/1473/1303 1470/1471/1301
f 1478/1476/1306 1477/1477/1307 1476/1478/1308
f 1481/1479/1309 1480/1480/1310 1479/1481/1311
f 1483/1482/1312 1479/1481/1313 1482/1483/1314
f 1485/1484/1315 1484/1485/1316 1480/1480/1310
f 1488/1486/1254 1487/1487/1317 1486/1488/1318
f 1489/1489/1319 1380/1380/1219 1378/1378/1217
f 1492/1490/1320 1491/1491/1321 1490/1492/1257
f 1493/1493/1322 1492/1490/1320 1490/1492/1257
f 1494/1494/1323 1446/1448/1283 1449/1449/1257
f 1497/1495/1324 1496/1496/1325 1495/1497/1326
f 1498/1498/1327 1497/1495/1324 1495/1497/1326
f 1499/1499/1328 1498/1498/1327 1495/1497/1326
f 1496/1496/1329 1501/1500/1330 1500/1501/1331
f 1501/1500/1330 1502/1502/1332 1500/1501/1331
f 1502/1502/1332 1504/1503/1333 1503/1504/1334
f 1504/1503/1333 1505/1505/1335 1503/1504/1334
f 1505/1505/1335 1506/1506/1336 1503/1504/1334
f 1509/1507/1337 1508/1508/1338 1507/1509/1339
f 1509/1507/1337 1507/1509/1339 1510/1510/1340
f 1510/1510/1340 1511/1511/1335 1509/1507/1337
f 1512/1512/1333 1509/1507/1337 1511/1511/1335
f 1510/1510/1340 1513/1513/1341 1511/1511/1335
f 1514/1514/1342 1510/1510/1340 1507/1509/1339
f 1507/1509/1339 1515/1515/1343 1514/1514/1342
f 1507/1509/1339 1508/1508/1338 1515/1515/1343
f 1516/1516/1344 1514/1514/1342 1515/1515/1343
f 1516/1516/1344 1517/1517/1345 1514/1514/1342
f 1510/1510/1340 1514/1514/1342 1518/1518/1346
f 1519/1519/1347 1518/1518/1346 1514/1514/1342
f 1517/1517/1345 1519/1519/1347 1514/1514/1342
f 1518/1518/1346 1519/1519/1347 1520/1520/1348
f 1521/1521/1349 1520/1520/1348 1519/1519/1347
f 1521/1521/1349 1522/1522/1350 1520/1520/1348
f 1523/1523/1351 1520/1520/1348 1522/1522/1350
f 1521/1521/1349 1524/1524/1352 1522/1522/1350
f 1524/1524/1352 1525/1525/1353 1522/1522/1350
f 1525/1525/1353 1526/1526/1354 1522/1522/1350
f 1526/1526/1354 1527/1527/1355 1522/1522/1350
f 1523/1523/1351 1522/1522/1350 1527/1527/1355
f 1523/1523/1351 1527/1527/1355 1528/1528/1356
f 1523/1523/1351 1528/1528/1356 1520/1520/1348
f 1518/1518/1346 1520/1520/1348 1529/1529/1357
f 1530/1530/1358 1529/1529/1357 1520/1520/1348
f 1530/1530/1358 1520/1520/1348 1528/1528/1356
f 1530/1530/1358 1528/1528/1356 1531/1531/1359
f 1532/1532/1360 1531/1531/1359 1528/1528/1356
f 1533/1533/1361 1532/1532/1360 1528/1528/1356
f 1529/1529/1357 1530/1530/1358 1534/1534/1362
f 1531/1531/1359 1534/1534/1362 1530/1530/1358
f 1531/1531/1359 1535/1535/1363 1534/1534/1362
f 1536/1536/1364 1534/1534/1362 1535/1535/1363
f 1536/1536/1364 1537/1537/1365 1534/1534/1362
f 1538/1538/1366 1534/1534/1362 1537/1537/1365
f 1537/1537/1365 1539/1539/1367 1538/1538/1366
f 1540/1540/1368 1538/1538/1366 1539/1539/1367
f 1539/1539/1367 1537/1537/1365 1541/1541/1369
f 1542/1542/1370 1541/1541/1369 1537/1537/1365
f 1537/1537/1365 1536/1536/1364 1543/1543/1371
f 1543/1543/1371 1542/1542/1370 1537/1537/1365
f 1544/1544/1372 1543/1543/1371 1536/1536/1364
f 1544/1544/1372 1536/1536/1364 1545/1545/1373
f 1535/1535/1363 1545/1545/1373 1536/1536/1364
f 1538/1538/1366 1513/1513/1341 1534/1534/1362
f 1538/1538/1366 1546/1546/1374 1513/1513/1341
f 1529/1529/1357 1534/1534/1362 1513/1513/1341
f 1540/1540/1368 1539/1539/1367 1547/1547/1375
f 1547/1547/1375 1539/1539/1367 1548/1548/1376
f 1548/1548/1376 1539/1539/1367 1541/1541/1369
f 1548/1548/1376 1541/1541/1369 1549/1549/1377
f 1548/1548/1376 1549/1549/1377 1550/1550/1378
f 1513/1513/1341 1510/1510/1340 1529/1529/1357
f 1518/1518/1346 1529/1529/1357 1510/1510/1340
f 1549/1549/1377 1541/1541/1369 1551/1551/1379
f 1542/1542/1370 1551/1551/1379 1541/1541/1369
f 1542/1542/1370 1543/1543/1371 1551/1551/1379
f 1552/1552/1380 1551/1551/1379 1543/1543/1371
f 1543/1543/1371 1544/1544/1372 1552/1552/1380
f 1544/1544/1372 1545/1545/1373 1553/1553/1381
f 1553/1553/1381 1552/1552/1380 1544/1544/1372
f 1554/1554/1382 1553/1553/1381 1545/1545/1373
f 1555/1555/1383 1554/1554/1382 1545/1545/1373
f 1556/1556/1384 1554/1554/1382 1555/1555/1383
f 1555/1555/1383 1557/1557/1385 1556/1556/1384
f 1557/1557/1385 1555/1555/1383 1558/1558/1386
f 1559/1559/1387 1558/1558/1386 1555/1555/1383
f 1560/1560/1388 1556/1556/1384 1557/1557/1385
f 1545/1545/1373 1559/1559/1387 1555/1555/1383
f 1559/1559/1387 1561/1561/1389 1558/1558/1386
f 1562/1562/1390 1558/1558/1386 1561/1561/1389
f 1562/1562/1390 1561/1561/1389 1563/1563/1391
f 1563/1563/1391 1561/1561/1389 1564/1564/1392
f 1561/1561/1389 1532/1532/1360 1564/1564/1392
f 1532/1532/1360 1561/1561/1389 1531/1531/1359
f 1535/1535/1363 1531/1531/1359 1561/1561/1389
f 1561/1561/1389 1559/1559/1387 1535/1535/1363
f 1545/1545/1373 1535/1535/1363 1559/1559/1387
f 1532/1532/1360 1533/1533/1361 1564/1564/1392
f 1565/1565/1393 1557/1557/1385 1558/1558/1386
f 1562/1562/1390 1565/1565/1393 1558/1558/1386
f 1567/1566/1377 1515/1515/1343 1566/1567/1378
f 1515/1515/1343 1567/1566/1377 1516/1516/1344
f 1568/1568/1394 1516/1516/1344 1567/1566/1377
f 1568/1568/1394 1569/1569/1380 1516/1516/1344
f 1517/1517/1345 1516/1516/1344 1569/1569/1380
f 1569/1569/1380 1570/1570/1381 1517/1517/1345
f 1571/1571/1395 1517/1517/1345 1570/1570/1381
f 1571/1571/1395 1570/1570/1381 1572/1572/1396
f 1573/1573/1382 1572/1572/1396 1570/1570/1381
f 1574/1574/1397 1572/1572/1396 1573/1573/1382
f 1575/1575/1384 1574/1574/1397 1573/1573/1382
f 1575/1575/1384 1576/1576/1398 1574/1574/1397
f 1577/1577/1399 1574/1574/1397 1576/1576/1398
f 1571/1571/1395 1572/1572/1396 1519/1519/1347
f 1517/1517/1345 1571/1571/1395 1519/1519/1347
f 1521/1521/1349 1519/1519/1347 1572/1572/1396
f 1524/1524/1352 1521/1521/1349 1572/1572/1396
f 1574/1574/1397 1524/1524/1352 1572/1572/1396
f 1577/1577/1399 1525/1525/1353 1574/1574/1397
f 1524/1524/1352 1574/1574/1397 1525/1525/1353
f 1577/1577/1399 1578/1578/1400 1525/1525/1353
f 1579/1579/1401 1525/1525/1353 1578/1578/1400
f 1525/1525/1353 1579/1579/1401 1526/1526/1354
f 1582/1580/1400 1581/1581/1402 1580/1582/1403
f 1583/1583/1388 1580/1582/1403 1581/1581/1402
f 1583/1583/1388 1584/1584/1385 1580/1582/1403
f 1585/1585/1393 1580/1582/1403 1584/1584/1385
f 1586/1586/1404 1580/1582/1403 1585/1585/1393
f 1580/1582/1403 1587/1587/1405 1582/1580/1400
f 1590/1588/1406 1589/1589/1407 1588/1590/1408
f 1592/1591/1409 1589/1589/1407 1591/1592/1410
f 1593/1593/1411 1589/1589/1407 1592/1591/1409
f 1594/1594/1412 1589/1589/1407 1593/1593/1411
f 1595/1595/1378 1589/1589/1407 1594/1594/1412
f 1596/1596/1413 1589/1589/1407 1595/1595/1378
f 1508/1508/1338 1597/1597/1414 1566/1567/1378
f 1515/1515/1343 1508/1508/1338 1566/1567/1378
f 1598/1598/1415 1508/1508/1338 1509/1507/1337
f 1599/1599/1416 1508/1508/1338 1598/1598/1415
f 1509/1507/1337 1512/1512/1333 1598/1598/1415
f 1600/1600/1332 1598/1598/1415 1512/1512/1333
f 1602/1601/1417 1600/1600/1332 1601/1602/1330
f 1602/1601/1417 1601/1602/1330 1603/1603/1325
f 1547/1547/1375 1602/1601/1417 1603/1603/1325
f 1604/1604/1418 1600/1600/1332 1602/1601/1417
f 1540/1540/1368 1547/1547/1375 1605/1605/1324
f 1540/1540/1368 1605/1605/1324 1538/1538/1366
f 1546/1546/1374 1538/1538/1366 1605/1605/1324
f 1603/1603/1325 1605/1605/1324 1606/1606/1419
f 1609/1607/1420 1608/1608/1421 1607/1609/1422
f 1608/1608/1421 1610/1610/1423 1607/1609/1422
f 1610/1610/1423 1611/1611/1424 1607/1609/1422
f 1613/1612/1425 1609/1607/1426 1612/1613/1427
f 1614/1614/1428 1613/1612/1425 1612/1613/1427
f 1616/1615/1429 1614/1614/1428 1615/1616/1430
f 1617/1617/1431 1616/1615/1429 1615/1616/1430
f 1618/1618/1432 1617/1617/1431 1615/1616/1430
f 1621/1619/1433 1620/1620/1434 1619/1621/1435
f 1620/1620/1434 1622/1622/1436 1619/1621/1435
f 1622/1622/1436 1620/1620/1434 1623/1623/1437
f 1624/1624/1429 1623/1623/1437 1620/1620/1434
f 1625/1625/1438 1622/1622/1436 1623/1623/1437
f 1626/1626/1439 1619/1621/1435 1622/1622/1436
f 1619/1621/1435 1626/1626/1439 1627/1627/1440
f 1621/1619/1433 1619/1621/1435 1627/1627/1440
f 1628/1628/1441 1627/1627/1440 1626/1626/1439
f 1629/1629/1442 1628/1628/1441 1626/1626/1439
f 1622/1622/1436 1630/1630/1443 1626/1626/1439
f 1631/1631/1444 1626/1626/1439 1630/1630/1443
f 1631/1631/1444 1629/1629/1442 1626/1626/1439
f 1630/1630/1443 1632/1632/1445 1631/1631/1444
f 1633/1633/1446 1631/1631/1444 1632/1632/1445
f 1633/1633/1446 1632/1632/1445 1634/1634/1447
f 1635/1635/1448 1634/1634/1447 1632/1632/1445
f 1636/1636/1449 1633/1633/1446 1634/1634/1447
f 1637/1637/1450 1636/1636/1449 1634/1634/1447
f 1638/1638/1451 1637/1637/1450 1634/1634/1447
f 1639/1639/1452 1638/1638/1451 1634/1634/1447
f 1634/1634/1447 1635/1635/1448 1639/1639/1452
f 1639/1639/1452 1635/1635/1448 1640/1640/1453
f 1635/1635/1448 1632/1632/1445 1640/1640/1453
f 1630/1630/1443 1641/1641/1454 1632/1632/1445
f 1642/1642/1455 1632/1632/1445 1641/1641/1454
f 1642/1642/1455 1640/1640/1453 1632/1632/1445
f 1642/1642/1455 1643/1643/1456 1640/1640/1453
f 1644/1644/1457 1640/1640/1453 1643/1643/1456
f 1644/1644/1457 1645/1645/1458 1640/1640/1453
f 1643/1643/1456 1642/1642/1455 1646/1646/1459
f 1641/1641/1454 1646/1646/1459 1642/1642/1455
f 1643/1643/1456 1646/1646/1459 1647/1647/1460
f 1648/1648/1461 1647/1647/1460 1646/1646/1459
f 1648/1648/1461 1646/1646/1459 1649/1649/1462
f 1650/1650/1463 1649/1649/1462 1646/1646/1459
f 1649/1649/1462 1650/1650/1463 1651/1651/1464
f 1652/1652/1465 1651/1651/1464 1650/1650/1463
f 1651/1651/1464 1653/1653/1466 1649/1649/1462
f 1654/1654/1467 1649/1649/1462 1653/1653/1466
f 1649/1649/1462 1655/1655/1468 1648/1648/1461
f 1654/1654/1467 1655/1655/1468 1649/1649/1462
f 1656/1656/1469 1648/1648/1461 1655/1655/1468
f 1647/1647/1460 1648/1648/1461 1657/1657/1470
f 1656/1656/1469 1657/1657/1470 1648/1648/1461
f 1650/1650/1463 1646/1646/1459 1625/1625/1438
f 1658/1658/1471 1650/1650/1463 1625/1625/1438
f 1641/1641/1454 1625/1625/1438 1646/1646/1459
f 1651/1651/1464 1652/1652/1465 1659/1659/1472
f 1651/1651/1464 1659/1659/1472 1660/1660/1473
f 1651/1651/1464 1660/1660/1473 1653/1653/1466
f 1653/1653/1466 1660/1660/1473 1661/1661/1474
f 1661/1661/1474 1660/1660/1473 1662/1662/1475
f 1625/1625/1438 1641/1641/1454 1622/1622/1436
f 1630/1630/1443 1622/1622/1436 1641/1641/1454
f 1654/1654/1467 1653/1653/1466 1663/1663/1476
f 1661/1661/1474 1663/1663/1476 1653/1653/1466
f 1654/1654/1467 1663/1663/1476 1655/1655/1468
f 1664/1664/1477 1655/1655/1468 1663/1663/1476
f 1655/1655/1468 1664/1664/1477 1656/1656/1469
f 1656/1656/1469 1665/1665/1478 1657/1657/1470
f 1665/1665/1478 1656/1656/1469 1664/1664/1477
f 1666/1666/1479 1657/1657/1470 1665/1665/1478
f 1666/1666/1479 1667/1667/1480 1657/1657/1470
f 1666/1666/1479 1668/1668/1481 1667/1667/1480
f 1667/1667/1480 1668/1668/1481 1669/1669/1482
f 1669/1669/1482 1670/1670/1483 1667/1667/1480
f 1671/1671/1484 1667/1667/1480 1670/1670/1483
f 1672/1672/1485 1669/1669/1482 1668/1668/1481
f 1671/1671/1484 1657/1657/1470 1667/1667/1480
f 1673/1673/1486 1671/1671/1484 1670/1670/1483
f 1670/1670/1483 1674/1674/1487 1673/1673/1486
f 1673/1673/1486 1674/1674/1487 1675/1675/1488
f 1673/1673/1486 1675/1675/1488 1676/1676/1489
f 1644/1644/1457 1673/1673/1486 1676/1676/1489
f 1644/1644/1457 1643/1643/1456 1673/1673/1486
f 1647/1647/1460 1673/1673/1486 1643/1643/1456
f 1657/1657/1470 1671/1671/1484 1647/1647/1460
f 1673/1673/1486 1647/1647/1460 1671/1671/1484
f 1645/1645/1458 1644/1644/1457 1676/1676/1489
f 1669/1669/1482 1677/1677/1490 1670/1670/1483
f 1677/1677/1490 1674/1674/1487 1670/1670/1483
f 1627/1627/1440 1679/1678/1474 1678/1679/1475
f 1627/1627/1440 1628/1628/1441 1679/1678/1474
f 1680/1680/1491 1679/1678/1474 1628/1628/1441
f 1680/1680/1491 1628/1628/1441 1681/1681/1492
f 1629/1629/1442 1681/1681/1492 1628/1628/1441
f 1681/1681/1492 1629/1629/1442 1682/1682/1478
f 1683/1683/1493 1682/1682/1478 1629/1629/1442
f 1683/1683/1493 1684/1684/1494 1682/1682/1478
f 1685/1685/1479 1682/1682/1478 1684/1684/1494
f 1684/1684/1494 1686/1686/1495 1685/1685/1479
f 1686/1686/1495 1687/1687/1481 1685/1685/1479
f 1687/1687/1481 1686/1686/1495 1688/1688/1485
f 1689/1689/1496 1688/1688/1485 1686/1686/1495
f 1683/1683/1493 1631/1631/1444 1684/1684/1494
f 1683/1683/1493 1629/1629/1442 1631/1631/1444
f 1633/1633/1446 1684/1684/1494 1631/1631/1444
f 1633/1633/1446 1636/1636/1449 1684/1684/1494
f 1636/1636/1449 1686/1686/1495 1684/1684/1494
f 1636/1636/1449 1637/1637/1450 1686/1686/1495
f 1689/1689/1496 1686/1686/1495 1637/1637/1450
f 1690/1690/1497 1689/1689/1496 1637/1637/1450
f 1637/1637/1450 1691/1691/1498 1690/1690/1497
f 1691/1691/1498 1637/1637/1450 1638/1638/1451
f 1694/1692/1499 1693/1693/1500 1692/1694/1501
f 1695/1695/1497 1692/1694/1501 1693/1693/1500
f 1694/1692/1499 1692/1694/1501 1696/1696/1482
f 1697/1697/1490 1696/1696/1482 1692/1694/1501
f 1692/1694/1501 1698/1698/1502 1697/1697/1490
f 1699/1699/1498 1692/1694/1501 1695/1695/1497
f 1702/1700/1503 1701/1701/1504 1700/1702/1505
f 1702/1700/1503 1704/1703/1506 1703/1704/1507
f 1702/1700/1503 1705/1705/1508 1704/1703/1506
f 1702/1700/1503 1706/1706/1509 1705/1705/1508
f 1702/1700/1503 1707/1707/1475 1706/1706/1509
f 1702/1700/1503 1708/1708/1510 1707/1707/1475
f 1709/1709/1511 1621/1619/1433 1678/1679/1475
f 1621/1619/1433 1627/1627/1440 1678/1679/1475
f 1621/1619/1433 1710/1710/1512 1620/1620/1434
f 1621/1619/1433 1711/1711/1513 1710/1710/1512
f 1620/1620/1434 1710/1710/1512 1624/1624/1429
f 1712/1712/1428 1624/1624/1429 1710/1710/1512
f 1712/1712/1428 1714/1713/1514 1713/1714/1515
f 1713/1714/1515 1714/1713/1514 1715/1715/1420
f 1714/1713/1514 1659/1659/1472 1715/1715/1420
f 1712/1712/1428 1716/1716/1516 1714/1713/1514
f 1715/1715/1420 1718/1717/1517 1717/1718/1421
f 1652/1652/1465 1717/1718/1421 1659/1659/1472
f 1652/1652/1465 1650/1650/1463 1717/1718/1421
f 1658/1658/1471 1717/1718/1421 1650/1650/1463
f 1721/1719/1518 1720/1720/1519 1719/1721/1520
f 1722/1722/1521 1721/1719/1518 1719/1721/1520
f 1720/1720/1519 1724/1723/1522 1723/1724/1523
f 1725/1725/1524 1723/1724/1523 1724/1723/1522
f 1723/1724/1523 1726/1726/1525 1720/1720/1519
f 1727/1727/1526 1720/1720/1519 1726/1726/1525
f 1729/1728/1524 1724/1723/1527 1728/1729/1528
f 1731/1730/1529 1728/1729/1530 1730/1731/1531
f 1731/1730/1529 1733/1732/1532 1732/1733/1528
f 1735/1734/1533 1732/1733/1530 1734/1735/1534
f 1738/1736/1535 1737/1737/1536 1736/1738/1537
f 1739/1739/1538 1738/1736/1535 1736/1738/1537
f 1739/1739/1538 1736/1738/1537 1740/1740/1539
f 1741/1741/1540 1740/1740/1539 1736/1738/1537
f 1740/1740/1539 1742/1742/1541 1739/1739/1538
f 1743/1743/1542 1739/1739/1538 1742/1742/1541
f 1743/1743/1542 1744/1744/1543 1739/1739/1538
f 1739/1739/1538 1744/1744/1543 1738/1736/1535
f 1744/1744/1543 1743/1743/1542 1745/1745/1544
f 1746/1746/1545 1745/1745/1544 1743/1743/1542
f 1742/1742/1541 1747/1747/1546 1743/1743/1542
f 1746/1746/1545 1743/1743/1542 1747/1747/1546
f 1736/1738/1537 1748/1748/1547 1741/1741/1540
f 1749/1749/1548 1741/1741/1540 1748/1748/1547
f 1745/1745/1544 1746/1746/1545 1750/1750/1549
f 1751/1751/1550 1750/1750/1549 1746/1746/1545
f 1750/1750/1549 1751/1751/1550 1752/1752/1551
f 1753/1753/1552 1752/1752/1551 1751/1751/1550
f 1751/1751/1550 1746/1746/1545 1753/1753/1552
f 1747/1747/1546 1753/1753/1552 1746/1746/1545
f 1744/1744/1543 1745/1745/1544 1754/1754/1553
f 1744/1744/1543 1754/1754/1553 1755/1755/1554
f 1756/1756/1555 1754/1754/1553 1745/1745/1544
f 1745/1745/1544 1750/1750/1549 1756/1756/1555
f 1750/1750/1549 1752/1752/1551 1757/1757/1556
f 1757/1757/1556 1756/1756/1555 1750/1750/1549
f 1758/1758/1557 1757/1757/1556 1752/1752/1551
f 1757/1757/1556 1758/1758/1557 1756/1756/1555
f 1754/1754/1553 1759/1759/1558 1755/1755/1554
f 1760/1760/1559 1755/1755/1554 1759/1759/1558
f 1755/1755/1554 1760/1760/1559 1761/1761/1560
f 1738/1736/1535 1755/1755/1554 1761/1761/1560
f 1737/1737/1536 1738/1736/1535 1761/1761/1560
f 1762/1762/1561 1761/1761/1560 1760/1760/1559
f 1756/1756/1555 1763/1763/1562 1754/1754/1553
f 1759/1759/1558 1754/1754/1553 1763/1763/1562
f 1763/1763/1562 1756/1756/1555 1758/1758/1557
f 1744/1744/1543 1755/1755/1554 1738/1736/1535
f 1761/1761/1560 1762/1762/1561 1764/1764/1563
f 1765/1765/1564 1764/1764/1563 1762/1762/1561
f 1768/1766/1565 1767/1767/1566 1766/1768/1567
f 1768/1766/1565 1766/1768/1567 1769/1769/1568
f 1769/1769/1568 1766/1768/1567 1770/1770/1569
f 1771/1771/1570 1770/1770/1569 1766/1768/1567
f 1766/1768/1567 1772/1772/1571 1771/1771/1570
f 1772/1772/1571 1766/1768/1567 1773/1773/1572
f 1772/1772/1571 1773/1773/1572 1774/1774/1573
f 1772/1772/1571 1774/1774/1573 1775/1775/1574
f 1774/1774/1573 1776/1776/1575 1775/1775/1574
f 1777/1777/1576 1771/1771/1570 1772/1772/1571
f 1772/1772/1571 1775/1775/1574 1778/1778/1576
f 1779/1779/1577 1778/1778/1576 1775/1775/1574
f 1775/1775/1574 1776/1776/1575 1779/1779/1577
f 1780/1780/1578 1779/1779/1577 1776/1776/1575
f 1776/1776/1575 1781/1781/1579 1780/1780/1578
f 1782/1782/1580 1780/1780/1578 1781/1781/1579
f 1783/1783/1581 1776/1776/1575 1774/1774/1573
f 1786/1784/1582 1785/1785/1583 1784/1786/1584
f 1787/1787/1585 1784/1786/1584 1785/1785/1583
f 1789/1788/1586 1788/1789/1587 1787/1787/1588
f 1790/1790/1589 1787/1787/1588 1788/1789/1587
f 1792/1791/1590 1791/1792/1591 1790/1790/1592
f 1793/1793/1593 1790/1790/1592 1791/1792/1591
f 1793/1793/1593 1791/1792/1591 1794/1794/1594
f 1795/1795/1595 1794/1794/1594 1791/1792/1591
f 1798/1796/1596 1797/1797/1597 1796/1798/1598
f 1797/1797/1597 1798/1796/1596 1799/1799/1599
f 1800/1800/1600 1799/1799/1599 1798/1796/1596
f 1801/1801/1601 1798/1796/1596 1796/1798/1598
f 1799/1799/1599 1802/1802/1602 1797/1797/1597
f 1803/1803/1603 1797/1797/1597 1802/1802/1602
f 1797/1797/1597 1803/1803/1603 1796/1798/1598
f 1801/1801/1601 1804/1804/1604 1798/1796/1596
f 1805/1805/1605 1798/1796/1596 1804/1804/1604
f 1798/1796/1596 1805/1805/1605 1800/1800/1600
f 1806/1806/1606 1800/1800/1600 1805/1805/1605
f 1801/1801/1601 1807/1807/1607 1804/1804/1604
f 1801/1801/1601 1796/1798/1598 1807/1807/1607
f 1808/1808/1608 1804/1804/1604 1807/1807/1607
f 1809/1809/1609 1796/1798/1598 1803/1803/1603
f 1796/1798/1598 1810/1810/1610 1807/1807/1607
f 1796/1798/1598 1809/1809/1609 1810/1810/1610
f 1807/1807/1607 1810/1810/1610 1811/1811/1611
f 1807/1807/1607 1811/1811/1611 1808/1808/1608
f 1812/1812/1612 1811/1811/1611 1810/1810/1610
f 1812/1812/1612 1813/1813/1613 1811/1811/1611
f 1814/1814/1614 1811/1811/1611 1813/1813/1613
f 1814/1814/1614 1808/1808/1608 1811/1811/1611
f 1810/1810/1610 1815/1815/1615 1812/1812/1612
f 1813/1813/1613 1812/1812/1612 1815/1815/1615
f 1815/1815/1615 1810/1810/1610 1809/1809/1609
f 1806/1806/1606 1816/1816/1616 1800/1800/1600
f 1799/1799/1599 1817/1817/1617 1802/1802/1602
f 1817/1817/1617 1799/1799/1599 1818/1818/1618
f 1817/1817/1617 1818/1818/1618 1819/1819/1619
f 1800/1800/1600 1818/1818/1618 1799/1799/1599
f 1818/1818/1618 1800/1800/1600 1816/1816/1616
f 1818/1818/1618 1820/1820/1620 1819/1819/1619
f 1820/1820/1620 1818/1818/1618 1821/1821/1621
f 1816/1816/1616 1821/1821/1621 1818/1818/1618
f 1820/1820/1620 1821/1821/1621 1822/1822/1622
f 1819/1819/1619 1820/1820/1620 1822/1822/1622
f 1823/1823/1623 1822/1822/1622 1821/1821/1621
f 1817/1817/1617 1819/1819/1619 1824/1824/1624
f 1824/1824/1624 1802/1802/1602 1817/1817/1617
f 1825/1825/1625 1824/1824/1624 1819/1819/1619
f 1826/1826/1626 1819/1819/1619 1822/1822/1622
f 1819/1819/1619 1826/1826/1626 1825/1825/1625
f 1822/1822/1622 1827/1827/1627 1826/1826/1626
f 1822/1822/1622 1823/1823/1623 1827/1827/1627
f 1828/1828/1628 1826/1826/1626 1827/1827/1627
f 1828/1828/1628 1827/1827/1627 1829/1829/1629
f 1830/1830/1630 1829/1829/1629 1827/1827/1627
f 1830/1830/1630 1827/1827/1627 1823/1823/1623
f 1829/1829/1629 1831/1831/1631 1828/1828/1628
f 1826/1826/1626 1828/1828/1628 1831/1831/1631
f 1831/1831/1631 1825/1825/1625 1826/1826/1626
f 1834/1832/1632 1833/1833/1633 1832/1834/1634
f 1835/1835/1635 1832/1834/1634 1833/1833/1633
f 1833/1833/1633 1834/1832/1632 1836/1836/1636
f 1833/1833/1633 1836/1836/1636 1837/1837/1637
f 1838/1838/1638 1837/1837/1637 1836/1836/1636
f 1837/1837/1637 1838/1838/1638 1839/1839/1639
f 1840/1840/1640 1839/1839/1639 1838/1838/1638
f 1839/1839/1639 1840/1840/1640 1841/1841/1641
f 1842/1842/1642 1841/1841/1641 1840/1840/1640
f 1843/1843/1643 1842/1842/1642 1840/1840/1640
f 1842/1842/1642 1843/1843/1643 1841/1841/1641
f 1844/1844/1644 1843/1843/1643 1840/1840/1640
f 1845/1845/1645 1844/1844/1644 1840/1840/1640
f 1844/1844/1644 1846/1846/1646 1843/1843/1643
f 1847/1847/1647 1843/1843/1643 1846/1846/1646
f 1847/1847/1647 1841/1841/1641 1843/1843/1643
f 1838/1838/1638 1848/1848/1648 1840/1840/1640
f 1845/1845/1645 1840/1840/1640 1848/1848/1648
f 1836/1836/1636 1848/1848/1648 1838/1838/1638
f 1848/1848/1648 1836/1836/1636 1834/1832/1632
f 1847/1847/1647 1849/1849/1649 1841/1841/1641
f 1849/1849/1649 1839/1839/1639 1841/1841/1641
f 1850/1850/1650 1839/1839/1639 1849/1849/1649
f 1849/1849/1649 1847/1847/1647 1850/1850/1650
f 1851/1851/1651 1837/1837/1637 1839/1839/1639
f 1852/1852/1652 1851/1851/1651 1839/1839/1639
f 1852/1852/1652 1839/1839/1639 1850/1850/1650
f 1852/1852/1652 1835/1835/1635 1851/1851/1651
f 1850/1850/1650 1853/1853/1653 1852/1852/1652
f 1852/1852/1652 1853/1853/1653 1835/1835/1635
f 1853/1853/1653 1850/1850/1650 1854/1854/1654
f 1855/1855/1655 1854/1854/1654 1850/1850/1650
f 1855/1855/1655 1850/1850/1650 1847/1847/1647
f 1855/1855/1655 1856/1856/1656 1854/1854/1654
f 1855/1855/1655 1847/1847/1647 1856/1856/1656
f 1846/1846/1646 1856/1856/1656 1847/1847/1647
f 1857/1857/1657 1854/1854/1654 1856/1856/1656
f 1858/1858/1658 1835/1835/1635 1853/1853/1653
f 1858/1858/1658 1859/1859/1659 1835/1835/1635
f 1859/1859/1659 1860/1860/1660 1835/1835/1635
f 1860/1860/1660 1859/1859/1659 1861/1861/1661
f 1862/1862/1662 1861/1861/1661 1859/1859/1659
f 1862/1862/1662 1859/1859/1659 1858/1858/1658
f 1832/1834/1634 1835/1835/1635 1860/1860/1660
f 1835/1835/1635 1833/1833/1633 1851/1851/1651
f 1851/1851/1651 1833/1833/1633 1837/1837/1637
f 1862/1862/1662 1863/1863/1663 1861/1861/1661
f 1863/1863/1663 1862/1862/1662 1858/1858/1658
f 1864/1864/1664 1861/1861/1661 1863/1863/1663
f 1857/1857/1657 1865/1865/1665 1854/1854/1654
f 1866/1866/1666 1854/1854/1654 1865/1865/1665
f 1863/1863/1663 1858/1858/1658 1867/1867/1667
f 1863/1863/1663 1867/1867/1667 1864/1864/1664
f 1868/1868/1668 1864/1864/1664 1867/1867/1667
f 1867/1867/1667 1869/1869/1669 1868/1868/1668
f 1870/1870/1670 1868/1868/1668 1869/1869/1669
f 1869/1869/1669 1871/1871/1671 1870/1870/1670
f 1869/1869/1669 1872/1872/1672 1871/1871/1671
f 1873/1873/1673 1871/1871/1671 1872/1872/1672
f 1872/1872/1672 1874/1874/1674 1873/1873/1673
f 1875/1875/1675 1873/1873/1673 1874/1874/1674
f 1874/1874/1674 1876/1876/1676 1875/1875/1675
f 1877/1877/1677 1875/1875/1675 1876/1876/1676
f 1877/1877/1677 1878/1878/1678 1875/1875/1675
f 1877/1877/1677 1876/1876/1676 1878/1878/1678
f 1878/1878/1678 1879/1879/1679 1875/1875/1675
f 1879/1879/1679 1880/1880/1680 1875/1875/1675
f 1879/1879/1679 1878/1878/1678 1881/1881/1681
f 1882/1882/1682 1881/1881/1681 1878/1878/1678
f 1882/1882/1682 1878/1878/1678 1876/1876/1676
f 1880/1880/1680 1883/1883/1683 1875/1875/1675
f 1873/1873/1673 1875/1875/1675 1883/1883/1683
f 1883/1883/1683 1871/1871/1671 1873/1873/1673
f 1883/1883/1683 1870/1870/1670 1871/1871/1671
f 1884/1884/1684 1882/1882/1682 1876/1876/1676
f 1874/1874/1674 1884/1884/1684 1876/1876/1676
f 1874/1874/1674 1885/1885/1685 1884/1884/1684
f 1884/1884/1684 1885/1885/1685 1882/1882/1682
f 1872/1872/1672 1886/1886/1686 1874/1874/1674
f 1886/1886/1686 1887/1887/1687 1874/1874/1674
f 1874/1874/1674 1887/1887/1687 1885/1885/1685
f 1867/1867/1667 1887/1887/1687 1886/1886/1686
f 1853/1853/1653 1885/1885/1685 1887/1887/1687
f 1887/1887/1687 1867/1867/1667 1853/1853/1653
f 1853/1853/1653 1854/1854/1654 1885/1885/1685
f 1866/1866/1666 1885/1885/1685 1854/1854/1654
f 1866/1866/1666 1882/1882/1682 1885/1885/1685
f 1858/1858/1658 1853/1853/1653 1867/1867/1667
f 1869/1869/1669 1867/1867/1667 1886/1886/1686
f 1869/1869/1669 1886/1886/1686 1872/1872/1672
f 1881/1881/1681 1882/1882/1682 1865/1865/1665
f 1866/1866/1666 1865/1865/1665 1882/1882/1682
f 1890/1888/1688 1889/1889/1689 1888/1890/1690
f 1891/1891/1691 1888/1890/1690 1889/1889/1689
f 1889/1889/1689 1892/1892/1692 1891/1891/1691
f 1893/1893/1693 1891/1891/1691 1892/1892/1692
f 1894/1894/1694 1893/1893/1693 1892/1892/1692
f 1895/1895/1695 1894/1894/1694 1892/1892/1692
f 1890/1888/1688 1896/1896/1696 1889/1889/1689
f 1896/1896/1696 1897/1897/1697 1889/1889/1689
f 1895/1895/1695 1898/1898/1698 1894/1894/1694
f 1899/1899/1699 1894/1894/1694 1898/1898/1698
f 1900/1900/1700 1899/1899/1699 1898/1898/1698
f 1900/1900/1700 1898/1898/1698 1901/1901/1701
f 1900/1900/1700 1901/1901/1701 1902/1902/1702
f 1902/1902/1702 1901/1901/1701 1903/1903/1703
f 1904/1904/1704 1902/1902/1702 1903/1903/1703
f 1904/1904/1704 1903/1903/1703 1905/1905/1705
f 1907/1906/1706 1906/1907/1707 1905/1905/1705
f 1908/1908/1708 1906/1907/1707 1907/1906/1706
f 1909/1909/1709 1908/1908/1708 1907/1906/1706
f 1909/1909/1709 1910/1910/1710 1908/1908/1708
f 1911/1911/1711 1910/1910/1710 1909/1909/1709
f 1912/1912/1712 1910/1910/1710 1911/1911/1711
f 1912/1912/1712 1911/1911/1711 1913/1913/1713
f 1914/1914/1714 1913/1913/1713 1911/1911/1711
f 1913/1913/1713 1914/1914/1714 1915/1915/1715
f 1916/1916/1716 1913/1913/1713 1915/1915/1715
f 1916/1916/1716 1915/1915/1715 1917/1917/1717
f 1918/1918/1718 1917/1917/1717 1915/1915/1715
f 1917/1917/1717 1918/1918/1718 1919/1919/1719
f 1920/1920/1720 1919/1919/1719 1918/1918/1718
f 1921/1921/1721 1920/1920/1720 1918/1918/1718
f 1922/1922/1722 1921/1921/1721 1918/1918/1718
f 1925/1923/1723 1924/1924/1724 1923/1925/1725
f 1923/1925/1725 1926/1926/1726 1925/1923/1723
f 1927/1927/1727 1925/1923/1723 1926/1926/1726
f 1927/1927/1727 1926/1926/1726 1928/1928/1728
f 1931/1929/1729 1930/1930/1730 1929/1931/1731
f 1929/1931/1731 1932/1932/1732 1931/1929/1729
f 1933/1933/1724 1931/1929/1729 1932/1932/1732
f 1932/1932/1732 1934/1934/1725 1933/1933/1724
f 1932/1932/1732 1935/1935/1733 1934/1934/1725
f 1936/1936/1726 1934/1934/1725 1935/1935/1733
f 1935/1935/1733 1937/1937/1734 1936/1936/1726
f 1938/1938/1735 1936/1936/1726 1937/1937/1734
f 1937/1937/1734 1939/1939/1736 1938/1938/1735
f 1940/1940/1737 1938/1938/1735 1939/1939/1736
f 1939/1939/1736 1941/1941/1738 1940/1940/1737
f 1942/1942/1739 1940/1940/1737 1941/1941/1738
f 1930/1930/1730 1931/1929/1729 1943/1943/1740
f 1943/1943/1740 1931/1929/1729 1944/1944/1741
f 1945/1945/1742 1944/1944/1741 1931/1929/1729
f 1946/1946/1743 1944/1944/1741 1945/1945/1742
f 1944/1944/1741 1946/1946/1743 1947/1947/1744
f 1948/1948/1745 1947/1947/1744 1946/1946/1743
f 1947/1947/1744 1948/1948/1745 1949/1949/1746
f 1950/1950/1747 1949/1949/1746 1948/1948/1745
f 1949/1949/1746 1950/1950/1747 1951/1951/1748
f 1952/1952/1749 1951/1951/1748 1950/1950/1747
f 1951/1951/1748 1952/1952/1749 1953/1953/1750
f 1954/1954/1751 1953/1953/1750 1952/1952/1749
f 1957/1955/1752 1956/1956/1753 1955/1957/1754
f 1957/1955/1752 1958/1958/1755 1956/1956/1753
f 1957/1955/1752 1959/1959/1756 1958/1958/1755
f 1960/1960/1757 1958/1958/1755 1959/1959/1756
f 1960/1960/1757 1959/1959/1756 1961/1961/1758
f 1962/1962/1759 1960/1960/1757 1961/1961/1758
f 1955/1957/1754 1956/1956/1753 1963/1963/1760
f 1964/1964/1761 1955/1957/1754 1963/1963/1760
f 1963/1963/1760 1965/1965/1762 1964/1964/1761
f 1966/1966/1763 1964/1964/1761 1965/1965/1762
f 1965/1965/1762 1967/1967/1764 1966/1966/1763
f 1968/1968/1765 1966/1966/1763 1967/1967/1764
f 1962/1962/1759 1969/1969/1766 1960/1960/1757
f 1970/1970/1767 1960/1960/1757 1969/1969/1766
f 1969/1969/1766 1971/1971/1768 1970/1970/1767
f 1972/1972/1769 1970/1970/1767 1971/1971/1768
f 1973/1973/1770 1972/1972/1769 1971/1971/1768
f 1974/1974/1771 1973/1973/1770 1971/1971/1768
f 1974/1974/1771 1971/1971/1768 1975/1975/1772
f 1976/1976/1773 1975/1975/1772 1971/1971/1768
f 1975/1975/1772 1976/1976/1773 1977/1977/1774
f 1978/1978/1775 1977/1977/1774 1976/1976/1773
f 1977/1977/1774 1978/1978/1775 1979/1979/1776
f 1980/1980/1777 1977/1977/1774 1979/1979/1776
f 1981/1981/1778 1977/1977/1774 1980/1980/1777
f 1980/1980/1777 1982/1982/1779 1981/1981/1778
f 1981/1981/1778 1982/1982/1779 1983/1983/1780
f 1983/1983/1780 1982/1982/1779 1984/1984/1781
f 1983/1983/1780 1984/1984/1781 1985/1985/1782
f 1984/1984/1781 1986/1986/1783 1985/1985/1782
f 1985/1985/1782 1986/1986/1783 1987/1987/1784
f 1988/1988/1785 1987/1987/1784 1986/1986/1783
f 1987/1987/1784 1988/1988/1785 1989/1989/1786
f 1990/1990/1787 1989/1989/1786 1988/1988/1785
f 1993/1991/1754 1992/1992/1788 1991/1993/1789
f 1994/1994/1790 1991/1993/1789 1992/1992/1788
f 1995/1995/1791 1991/1993/1789 1994/1994/1790
f 1995/1995/1791 1996/1996/1792 1991/1993/1789
f 1997/1997/1793 1991/1993/1789 1996/1996/1792
f 1997/1997/1793 1998/1998/1794 1991/1993/1789
f 1999/1999/1795 1991/1993/1789 1998/1998/1794
f 1996/1996/1792 2000/2000/1796 1997/1997/1793
f 1995/1995/1791 1994/1994/1790 2000/2000/1796
f 2000/2000/1796 1994/1994/1790 2001/2001/1797
f 2002/2002/1798 2001/2001/1797 1994/1994/1790
f 1994/1994/1790 2003/2003/1763 2002/2002/1798
f 1994/1994/1790 1992/1992/1788 2003/2003/1763
f 2004/2004/1799 1997/1997/1793 2000/2000/1796
f 2004/2004/1799 2000/2000/1796 2001/2001/1797
f 1997/1997/1793 2004/2004/1799 2005/2005/1800
f 1997/1997/1793 2005/2005/1800 1998/1998/1794
f 2006/2006/1801 2005/2005/1800 2004/2004/1799
f 2005/2005/1800 2006/2006/1801 2007/2007/1802
f 2007/2007/1802 2008/2008/1803 2005/2005/1800
f 2007/2007/1802 2009/2009/1804 2008/2008/1803
f 2010/2010/1805 2008/2008/1803 2009/2009/1804
f 2011/2011/1806 2005/2005/1800 2008/2008/1803
f 2012/2012/1807 2007/2007/1802 2006/2006/1801
f 2012/2012/1807 2013/2013/1808 2007/2007/1802
f 2009/2009/1804 2007/2007/1802 2013/2013/1808
f 2012/2012/1807 2014/2014/1809 2013/2013/1808
f 2012/2012/1807 2015/2015/1810 2014/2014/1809
f 2006/2006/1801 2004/2004/1799 2015/2015/1810
f 2001/2001/1797 2015/2015/1810 2004/2004/1799
f 2015/2015/1810 2012/2012/1807 2006/2006/1801
f 2015/2015/1810 2001/2001/1797 2002/2002/1798
f 2002/2002/1798 2016/2016/1811 2015/2015/1810
f 2017/2017/1812 2015/2015/1810 2016/2016/1811
f 2017/2017/1812 2014/2014/1809 2015/2015/1810
f 2005/2005/1800 2011/2011/1806 2018/2018/1813
f 2011/2011/1806 2019/2019/1814 2018/2018/1813
f 1998/1998/1794 2005/2005/1800 2018/2018/1813
f 2018/2018/1813 2019/2019/1814 2020/2020/1815
f 2021/2021/1816 2020/2020/1815 2019/2019/1814
f 1999/1999/1795 2018/2018/1813 2020/2020/1815
f 1998/1998/1794 2018/2018/1813 1999/1999/1795
f 2010/2010/1805 2022/2022/1817 2008/2008/1803
f 2017/2017/1812 2016/2016/1811 2023/2023/1818
f 2017/2017/1812 2023/2023/1818 2014/2014/1809
f 2024/2024/1819 2023/2023/1818 2016/2016/1811
f 2019/2019/1814 2011/2011/1806 2025/2025/1820
f 2026/2026/1821 2014/2014/1809 2023/2023/1818
f 2026/2026/1821 2027/2027/1822 2014/2014/1809
f 2022/2022/1817 2027/2027/1822 2028/2028/1823
f 2026/2026/1821 2028/2028/1823 2027/2027/1822
f 2028/2028/1823 2008/2008/1803 2022/2022/1817
f 2028/2028/1823 2029/2029/1824 2008/2008/1803
f 2011/2011/1806 2008/2008/1803 2029/2029/1824
f 2011/2011/1806 2029/2029/1824 2025/2025/1820
f 2029/2029/1824 2028/2028/1823 2030/2030/1825
f 2026/2026/1821 2030/2030/1825 2028/2028/1823
f 2026/2026/1821 2023/2023/1818 2030/2030/1825
f 2030/2030/1825 2031/2031/1826 2029/2029/1824
f 2030/2030/1825 2023/2023/1818 2031/2031/1826
f 2032/2032/1827 2029/2029/1824 2031/2031/1826
f 2031/2031/1826 2033/2033/1828 2032/2032/1827
f 2034/2034/1829 2032/2032/1827 2033/2033/1828
f 2035/2035/1830 2032/2032/1827 2034/2034/1829
f 2032/2032/1827 2035/2035/1830 2036/2036/1831
f 2029/2029/1824 2032/2032/1827 2036/2036/1831
f 2029/2029/1824 2036/2036/1831 2025/2025/1820
f 2037/2037/1832 2036/2036/1831 2035/2035/1830
f 2025/2025/1820 2036/2036/1831 2037/2037/1832
f 2033/2033/1828 2031/2031/1826 2038/2038/1833
f 2039/2039/1834 2033/2033/1828 2038/2038/1833
f 2039/2039/1834 2040/2040/1835 2035/2035/1830
f 2041/2041/1781 2035/2035/1830 2040/2040/1835
f 2038/2038/1833 2024/2024/1819 2039/2039/1834
f 2042/2042/1785 2039/2039/1834 2024/2024/1819
f 2040/2040/1835 2039/2039/1834 2042/2042/1785
f 2035/2035/1830 2043/2043/1836 2039/2039/1834
f 2034/2034/1829 2043/2043/1836 2035/2035/1830
f 2039/2039/1834 2043/2043/1836 2033/2033/1828
f 2038/2038/1833 2031/2031/1826 2023/2023/1818
f 2038/2038/1833 2023/2023/1818 2024/2024/1819
f 2044/2044/1787 2042/2042/1785 2024/2024/1819
f 2024/2024/1819 2016/2016/1811 2044/2044/1787
f 2045/2045/1837 2044/2044/1787 2016/2016/1811
f 2045/2045/1837 2016/2016/1811 2046/2046/1838
f 2016/2016/1811 2047/2047/1839 2046/2046/1838
f 2046/2046/1838 2047/2047/1839 2048/2048/1840
f 2047/2047/1839 2016/2016/1811 2049/2049/1765
f 2002/2002/1798 2049/2049/1765 2016/2016/1811
f 2003/2003/1763 2049/2049/1765 2002/2002/1798
f 2045/2045/1837 2046/2046/1838 2050/2050/1841
f 2047/2047/1842 2052/2051/1765 2051/2052/1764
f 2051/2052/1843 2054/2053/1844 2053/2054/1739
f 2055/2055/1737 2053/2054/1739 2054/2053/1844
f 2054/2053/1844 2056/2056/1845 2055/2055/1737
f 2057/2057/1846 2055/2055/1737 2056/2056/1845
f 2057/2057/1846 2056/2056/1845 2058/2058/1727
f 2058/2058/1727 2056/2056/1845 2059/2059/1753
f 2058/2058/1727 2059/2059/1753 2060/2060/1723
f 2061/2061/1847 2060/2060/1723 2059/2059/1753
f 2060/2060/1723 2061/2061/1847 2062/2062/1757
f 2060/2060/1723 2062/2062/1757 2063/2063/1724
f 2063/2063/1724 2062/2062/1757 2064/2064/1767
f 2064/2064/1767 2065/2065/1769 2063/2063/1724
f 2053/2054/1739 2066/2066/1848 2051/2052/1843
f 2065/2065/1769 2067/2067/1729 2063/2063/1724
f 2065/2065/1769 2068/2068/1770 2067/2067/1729
f 2068/2068/1770 2069/2069/1771 2067/2067/1729
f 2067/2067/1729 2069/2069/1771 2070/2070/1742
f 2069/2069/1771 2071/2071/1849 2070/2070/1742
f 2072/2072/1774 2070/2070/1742 2071/2071/1849
f 2072/2072/1774 2073/2073/1850 2070/2070/1742
f 2074/2074/1851 2073/2073/1850 2072/2072/1774
f 2074/2074/1851 2075/2075/1780 2073/2073/1850
f 2076/2076/1852 2073/2073/1850 2075/2075/1780
f 2077/2077/1782 2076/2076/1852 2075/2075/1780
f 2077/2077/1782 2078/2078/1853 2076/2076/1852
f 2078/2078/1853 2077/2077/1782 2079/2079/1749
f 2080/2080/1854 2079/2079/1749 2077/2077/1782
f 2079/2079/1749 2080/2080/1854 2081/2081/1751
f 2082/2082/1855 2081/2081/1751 2080/2080/1854
f 2083/2083/1856 2081/2081/1751 2082/2082/1855
f 2085/2084/1751 2083/2083/1857 2084/2085/1858
f 2085/2084/1859 2087/2086/1860 2086/2087/1861
f 2087/2086/1860 2088/2088/1862 2086/2087/1861
f 2086/2087/1863 2090/2089/1864 2089/2090/1748
f 2091/2091/1865 2089/2090/1748 2090/2089/1864
f 2091/2091/1865 2092/2092/1866 2089/2090/1748
f 2093/2093/1867 2089/2090/1748 2092/2092/1866
f 2092/2092/1866 2094/2094/1868 2093/2093/1867
f 2091/2091/1865 2090/2089/1864 2095/2095/1869
f 2096/2096/1870 2095/2095/1869 2090/2089/1864
f 2096/2096/1870 2090/2089/1864 2097/2097/1871
f 2097/2097/1871 2098/2098/1872 2096/2096/1870
f 2099/2099/1873 2091/2091/1865 2095/2095/1869
f 2095/2095/1869 2100/2100/1874 2099/2099/1873
f 2101/2101/1718 2099/2099/1873 2100/2100/1874
f 2101/2101/1718 2102/2102/1875 2099/2099/1873
f 2103/2103/1876 2099/2099/1873 2102/2102/1875
f 2103/2103/1876 2102/2102/1875 2104/2104/1877
f 2099/2099/1873 2103/2103/1876 2105/2105/1878
f 2105/2105/1878 2091/2091/1865 2099/2099/1873
f 2106/2106/1879 2103/2103/1876 2104/2104/1877
f 2103/2103/1876 2106/2106/1879 2107/2107/1880
f 2107/2107/1880 2094/2094/1744 2105/2105/1878
f 2108/2108/1881 2107/2107/1880 2106/2106/1879
f 2094/2094/1744 2107/2107/1880 2108/2108/1881
f 2106/2106/1879 2109/2109/1882 2108/2108/1881
f 2107/2107/1880 2110/2110/1883 2103/2103/1876
f 2104/2104/1877 2111/2111/1711 2106/2106/1879
f 2112/2112/1884 2106/2106/1879 2111/2111/1711
f 2112/2112/1884 2109/2109/1882 2106/2106/1879
f 2111/2111/1711 2113/2113/1885 2112/2112/1884
f 2114/2114/1886 2112/2112/1884 2113/2113/1885
f 2109/2109/1882 2115/2115/1887 2108/2108/1881
f 2116/2116/1741 2108/2108/1881 2115/2115/1887
f 2116/2116/1741 2094/2094/1744 2108/2108/1881
f 2117/2117/1888 2109/2109/1882 2112/2112/1884
f 2109/2109/1882 2117/2117/1888 2115/2115/1887
f 2112/2112/1884 2114/2114/1886 2117/2117/1888
f 2117/2117/1888 2114/2114/1886 2118/2118/1889
f 2118/2118/1889 2119/2119/1890 2117/2117/1888
f 2119/2119/1890 2115/2115/1887 2117/2117/1888
f 2119/2119/1890 2118/2118/1889 2120/2120/1891
f 2121/2121/1892 2120/2120/1891 2118/2118/1889
f 2118/2118/1889 2122/2122/1893 2121/2121/1892
f 2122/2122/1893 2118/2118/1889 2114/2114/1886
f 2122/2122/1893 2114/2114/1886 2113/2113/1885
f 2121/2121/1892 2122/2122/1893 2123/2123/1894
f 2121/2121/1892 2123/2123/1894 2124/2124/1895
f 2121/2121/1892 2124/2124/1895 2120/2120/1891
f 2125/2125/1698 2124/2124/1895 2123/2123/1894
f 2124/2124/1895 2125/2125/1698 2126/2126/1896
f 2127/2127/1897 2126/2126/1896 2125/2125/1698
f 2128/2128/1898 2126/2126/1896 2127/2127/1897
f 2128/2128/1898 2129/2129/1899 2126/2126/1896
f 2130/2130/1900 2126/2126/1896 2129/2129/1899
f 2131/2131/1901 2126/2126/1896 2130/2130/1900
f 2131/2131/1901 2120/2120/1891 2124/2124/1895
f 2131/2131/1901 2124/2124/1895 2126/2126/1896
f 2132/2132/1902 2128/2128/1898 2127/2127/1897
f 2128/2128/1898 2132/2132/1902 2133/2133/1903
f 2134/2134/1689 2133/2133/1903 2132/2132/1902
f 2134/2134/1689 2135/2135/1904 2133/2133/1903
f 2136/2136/1905 2133/2133/1903 2135/2135/1904
f 2133/2133/1903 2137/2137/1906 2128/2128/1898
f 2129/2129/1899 2128/2128/1898 2138/2138/1907
f 2129/2129/1899 2139/2139/1733 2130/2130/1900
f 2139/2139/1733 2129/2129/1899 2137/2137/1906
f 2139/2139/1733 2140/2140/1732 2130/2130/1900
f 2141/2141/1908 2133/2133/1903 2136/2136/1905
f 2141/2141/1908 2137/2137/1906 2133/2133/1903
f 2141/2141/1908 2136/2136/1905 2142/2142/1909
f 2143/2143/1910 2142/2142/1909 2136/2136/1905
f 2142/2142/1909 2143/2143/1910 2144/2144/1911
f 2144/2144/1911 2143/2143/1910 2145/2145/1912
f 2141/2141/1908 2142/2142/1909 2146/2146/1736
f 2141/2141/1908 2146/2146/1736 2147/2147/1913
f 2148/2148/1914 2147/2147/1913 2146/2146/1736
f 2139/2139/1915 2147/2147/1913 2148/2148/1914
f 2149/2149/1916 2146/2146/1736 2142/2142/1909
f 2135/2135/1904 2150/2150/1696 2136/2136/1905
f 2151/2151/1917 2136/2136/1905 2150/2150/1696
f 2151/2151/1917 2150/2150/1696 2152/2152/1918
f 2153/2153/1688 2152/2152/1918 2150/2150/1696
f 2145/2145/1912 2152/2152/1918 2154/2154/1919
f 2154/2154/1919 2152/2152/1918 2155/2155/1920
f 2155/2155/1920 2152/2152/1918 2156/2156/1921
f 2155/2155/1920 2156/2156/1921 2157/2157/1922
f 2157/2157/1922 2158/2158/1923 2155/2155/1920
f 2159/2159/1924 2155/2155/1920 2158/2158/1923
f 2160/2160/1925 2157/2157/1922 2156/2156/1921
f 2157/2157/1922 2160/2160/1925 2158/2158/1923
f 2160/2160/1925 2156/2156/1921 2161/2161/1926
f 2160/2160/1925 2161/2161/1926 2158/2158/1923
f 2162/2162/1927 2161/2161/1926 2156/2156/1921
f 2163/2163/1928 2162/2162/1927 2156/2156/1921
f 2161/2161/1926 2162/2162/1927 2164/2164/1929
f 2161/2161/1926 2164/2164/1929 2165/2165/1930
f 2158/2158/1923 2161/2161/1926 2165/2165/1930
f 2166/2166/1931 2165/2165/1930 2164/2164/1929
f 2166/2166/1931 2164/2164/1929 2167/2167/1932
f 2168/2168/1933 2167/2167/1932 2164/2164/1929
f 2168/2168/1933 2169/2169/1934 2167/2167/1932
f 2168/2168/1933 2170/2170/1935 2169/2169/1934
f 2171/2171/1936 2169/2169/1934 2170/2170/1935
f 2170/2170/1935 2168/2168/1933 2172/2172/1937
f 2164/2164/1929 2172/2172/1937 2168/2168/1933
f 2172/2172/1937 2164/2164/1929 2162/2162/1927
f 2162/2162/1927 2163/2163/1928 2172/2172/1937
f 2173/2173/1938 2170/2170/1935 2172/2172/1937
f 2173/2173/1938 2172/2172/1937 2163/2163/1928
f 2163/2163/1928 2174/2174/1939 2173/2173/1938
f 2174/2174/1939 2163/2163/1928 2175/2175/1940
f 2176/2176/1941 2175/2175/1940 2163/2163/1928
f 2176/2176/1941 2177/2177/1942 2175/2175/1940
f 2176/2176/1941 2178/2178/1943 2177/2177/1942
f 2179/2179/1944 2175/2175/1940 2177/2177/1942
f 2179/2179/1944 2177/2177/1942 2180/2180/1945
f 2181/2181/1946 2180/2180/1945 2177/2177/1942
f 2181/2181/1946 2173/2173/1938 2180/2180/1945
f 2173/2173/1938 2181/2181/1946 2170/2170/1935
f 2177/2177/1942 2182/2182/1947 2181/2181/1946
f 2178/2178/1943 2182/2182/1947 2177/2177/1942
f 2183/2183/1948 2181/2181/1946 2182/2182/1947
f 2171/2171/1936 2170/2170/1935 2183/2183/1948
f 2181/2181/1946 2183/2183/1948 2170/2170/1935
f 2184/2184/1949 2173/2173/1938 2174/2174/1939
f 2184/2184/1949 2180/2180/1945 2173/2173/1938
f 2182/2182/1947 2178/2178/1943 2185/2185/1950
f 2186/2186/1951 2183/2183/1952 2185/2185/1950
f 2185/2185/1950 2187/2187/1953 2186/2186/1951
f 2185/2185/1950 2188/2188/1954 2187/2187/1953
f 2188/2188/1954 2185/2185/1950 2178/2178/1943
f 2189/2189/1955 2187/2187/1953 2188/2188/1954
f 2187/2187/1953 2189/2189/1955 2190/2190/1956
f 2191/2191/1957 2190/2190/1956 2189/2189/1955
f 2187/2187/1953 2192/2192/1958 2186/2186/1951
f 2188/2188/1954 2193/2193/1702 2189/2189/1955
f 2178/2178/1943 2194/2194/1959 2188/2188/1954
f 2193/2193/1702 2188/2188/1954 2194/2194/1959
f 2193/2193/1702 2194/2194/1959 2195/2195/1700
f 2196/2196/1960 2195/2195/1700 2194/2194/1959
f 2176/2176/1941 2196/2196/1960 2194/2194/1959
f 2194/2194/1959 2178/2178/1943 2176/2176/1941
f 2196/2196/1960 2197/2197/1961 2195/2195/1700
f 2176/2176/1941 2197/2197/1961 2196/2196/1960
f 2198/2198/1962 2197/2197/1961 2176/2176/1941
f 2199/2199/1963 2198/2198/1962 2176/2176/1941
f 2198/2198/1962 2199/2199/1963 2200/2200/1694
f 2198/2198/1962 2200/2200/1694 2197/2197/1961
f 2201/2201/1964 2200/2200/1694 2199/2199/1963
f 2199/2199/1963 2202/2202/1965 2201/2201/1964
f 2203/2203/1691 2201/2201/1964 2202/2202/1965
f 2202/2202/1965 2204/2204/1966 2203/2203/1691
f 2205/2205/1967 2203/2203/1691 2204/2204/1966
f 2163/2163/1928 2199/2199/1963 2176/2176/1941
f 2202/2202/1965 2199/2199/1963 2163/2163/1928
f 2202/2202/1965 2163/2163/1928 2156/2156/1921
f 2204/2204/1966 2202/2202/1965 2156/2156/1921
f 2204/2204/1966 2156/2156/1921 2152/2152/1918
f 2204/2204/1966 2152/2152/1918 2205/2205/1967
f 2206/2206/1968 2197/2197/1961 2200/2200/1694
f 2206/2206/1968 2195/2195/1700 2197/2197/1961
f 2153/2153/1688 2205/2205/1967 2152/2152/1918
f 2208/2207/1969 2152/2152/1970 2207/2208/1971
f 2208/2207/1969 2207/2208/1971 2209/2209/1972
f 2212/2210/1795 2211/2211/1752 2210/2212/1973
f 2213/2213/1754 2210/2212/1973 2211/2211/1752
f 2212/2210/1795 2214/2214/1815 2211/2211/1752
f 2215/2215/1974 2211/2211/1752 2214/2214/1815
f 2214/2214/1815 2216/2216/1816 2215/2215/1974
f 2217/2217/1975 2215/2215/1974 2216/2216/1816
f 2215/2215/1974 2217/2217/1975 2218/2218/1976
f 2217/2217/1975 2219/2219/1977 2218/2218/1976
f 2220/2220/1978 2219/2219/1977 2217/2217/1975
f 2217/2217/1975 2221/2221/1979 2220/2220/1978
f 2221/2221/1979 2217/2217/1975 2222/2222/1980
f 2223/2223/1981 2222/2222/1980 2217/2217/1975
f 2223/2223/1981 2217/2217/1975 2224/2224/1982
f 2217/2217/1975 2225/2225/1983 2224/2224/1982
f 2217/2217/1975 2216/2216/1816 2225/2225/1983
f 2226/2226/1984 2225/2225/1983 2216/2216/1816
f 2225/2225/1983 2226/2226/1984 2227/2227/1779
f 2228/2228/1832 2227/2227/1779 2226/2226/1984
f 2228/2228/1832 2229/2229/1985 2227/2227/1779
f 2230/2230/1781 2227/2227/1779 2229/2229/1985
f 2232/2231/1986 2013/2013/1808 2231/2232/1987
f 2234/2233/1988 2233/2234/1989 2155/2155/1990
f 2233/2234/1989 2235/2235/1991 2155/2155/1990
f 2233/2234/1989 2234/2233/1988 2236/2236/1992
f 2236/2236/1992 2235/2235/1991 2233/2234/1989
f 2236/2236/1992 2237/2237/1993 2235/2235/1991
f 2236/2236/1992 2238/2238/1994 2237/2237/1993
f 2238/2238/1994 2239/2239/1995 2237/2237/1993
f 2237/2237/1993 2239/2239/1995 2240/2240/1996
f 2241/2241/1997 2235/2235/1991 2239/2239/1995
f 2239/2239/1995 2242/2242/1998 2241/2241/1997
f 2242/2242/1998 2239/2239/1995 2238/2238/1994
f 2144/2144/1999 2241/2241/1997 2242/2242/1998
f 2238/2238/1994 2243/2243/2000 2242/2242/1998
f 2244/2244/2001 2242/2242/1998 2243/2243/2000
f 2244/2244/2001 2144/2144/1999 2242/2242/1998
f 2236/2236/1992 2245/2245/2002 2238/2238/1994
f 2245/2245/2002 2246/2246/2003 2238/2238/1994
f 2238/2238/1994 2246/2246/2003 2247/2247/2004
f 2248/2248/2005 2246/2246/2003 2234/2233/1988
f 2248/2248/2005 2234/2233/1988 2249/2249/2006
f 2250/2250/2007 2248/2248/2005 2249/2249/2006
f 2250/2250/2007 2246/2246/2003 2248/2248/2005
f 2247/2247/2004 2246/2246/2003 2250/2250/2007
f 2251/2251/2008 2238/2238/1994 2247/2247/2004
f 2252/2252/2009 2251/2251/2008 2250/2250/2007
f 2251/2251/2008 2252/2252/2009 2253/2253/2010
f 2097/2097/2011 2253/2253/2010 2252/2252/2009
f 2247/2247/2004 2254/2254/2012 2251/2251/2008
f 2251/2251/2008 2253/2253/2010 2238/2238/1994
f 2238/2238/1994 2253/2253/2010 2255/2255/2013
f 2256/2256/2014 2255/2255/2013 2253/2253/2010
f 2097/2097/2011 2256/2256/2014 2253/2253/2010
f 2258/2257/2015 2257/2258/2016 2249/2249/2017
f 2249/2249/2017 2259/2259/2018 2258/2257/2015
f 2249/2249/2017 2260/2260/2019 2259/2259/2018
f 2260/2260/2019 2249/2249/2017 2158/2158/1923
f 2261/2261/2020 2158/2158/1923 2249/2249/2017
f 2262/2262/2021 2259/2259/2018 2260/2260/2019
f 2262/2262/2021 2260/2260/2019 2158/2158/1923
f 2262/2262/2021 2263/2263/2022 2259/2259/2018
f 2263/2263/2022 2262/2262/2021 2158/2158/1923
f 2264/2264/2023 2259/2259/2018 2263/2263/2022
f 2264/2264/2023 2265/2265/2024 2259/2259/2018
f 2263/2263/2022 2266/2266/2025 2264/2264/2023
f 2263/2263/2022 2165/2165/1930 2266/2266/2025
f 2263/2263/2022 2158/2158/1923 2165/2165/1930
f 2166/2166/1931 2266/2266/2025 2165/2165/1930
f 2166/2166/1931 2167/2167/1932 2266/2266/2025
f 2267/2267/2026 2266/2266/2025 2167/2167/1932
f 2169/2169/1934 2267/2267/2026 2167/2167/1932
f 2267/2267/2026 2169/2169/1934 2268/2268/2027
f 2171/2171/1936 2268/2268/2027 2169/2169/1934
f 2266/2266/2025 2267/2267/2026 2269/2269/2028
f 2268/2268/2027 2269/2269/2028 2267/2267/2026
f 2269/2269/2028 2264/2264/2023 2266/2266/2025
f 2264/2264/2023 2269/2269/2028 2265/2265/2024
f 2268/2268/2027 2270/2270/2029 2269/2269/2028
f 2270/2270/2029 2265/2265/2024 2269/2269/2028
f 2265/2265/2024 2270/2270/2029 2271/2271/2030
f 2271/2271/2030 2272/2272/2031 2265/2265/2024
f 2273/2273/2032 2265/2265/2024 2272/2272/2031
f 2273/2273/2032 2272/2272/2031 2274/2274/2033
f 2275/2275/2034 2273/2273/2032 2274/2274/2033
f 2276/2276/2035 2274/2274/2033 2272/2272/2031
f 2276/2276/2035 2277/2277/2036 2274/2274/2033
f 2278/2278/2037 2274/2274/2033 2277/2277/2036
f 2278/2278/2037 2277/2277/2036 2270/2270/2029
f 2278/2278/2037 2270/2270/2029 2268/2268/2027
f 2274/2274/2033 2278/2278/2037 2279/2279/2038
f 2279/2279/2038 2275/2275/2034 2274/2274/2033
f 2183/2183/1948 2279/2279/2038 2278/2278/2037
f 2278/2278/2037 2268/2268/2027 2183/2183/1948
f 2171/2171/1936 2183/2183/1948 2268/2268/2027
f 2280/2280/2039 2271/2271/2030 2270/2270/2029
f 2280/2280/2039 2270/2270/2029 2277/2277/2036
f 2279/2279/2038 2281/2281/2040 2275/2275/2034
f 2183/2183/1952 2186/2186/1951 2281/2281/2040
f 2282/2282/2041 2281/2281/2040 2186/2186/1951
f 2281/2281/2040 2282/2282/2041 2283/2283/2042
f 2283/2283/2042 2275/2275/2034 2281/2281/2040
f 2284/2284/2043 2283/2283/2042 2282/2282/2041
f 2282/2282/2041 2285/2285/2044 2284/2284/2043
f 2286/2286/2045 2284/2284/2043 2285/2285/2044
f 2287/2287/2046 2282/2282/2041 2186/2186/1951
f 2288/2288/1708 2283/2283/2042 2284/2284/2043
f 2288/2288/1708 2289/2289/2047 2283/2283/2042
f 2288/2288/1708 2290/2290/1710 2289/2289/2047
f 2291/2291/2048 2289/2289/2047 2290/2290/1710
f 2291/2291/2048 2273/2273/2032 2289/2289/2047
f 2275/2275/2034 2283/2283/2042 2289/2289/2047
f 2275/2275/2034 2289/2289/2047 2273/2273/2032
f 2292/2292/2049 2291/2291/2048 2290/2290/1710
f 2292/2292/2049 2273/2273/2032 2291/2291/2048
f 2292/2292/2049 2293/2293/2050 2273/2273/2032
f 2293/2293/2050 2294/2294/2051 2273/2273/2032
f 2293/2293/2050 2295/2295/1713 2294/2294/2051
f 2293/2293/2050 2292/2292/2049 2295/2295/1713
f 2296/2296/2052 2294/2294/2051 2295/2295/1713
f 2294/2294/2051 2296/2296/2052 2297/2297/2053
f 2298/2298/1717 2297/2297/2053 2296/2296/2052
f 2297/2297/2053 2298/2298/1717 2299/2299/2054
f 2300/2300/2055 2299/2299/2054 2298/2298/1717
f 2294/2294/2051 2265/2265/2024 2273/2273/2032
f 2294/2294/2051 2297/2297/2053 2265/2265/2024
f 2265/2265/2024 2297/2297/2053 2259/2259/2018
f 2297/2297/2053 2299/2299/2054 2259/2259/2018
f 2299/2299/2054 2258/2257/2015 2259/2259/2018
f 2299/2299/2054 2300/2300/2055 2258/2257/2015
f 2301/2301/2056 2295/2295/1713 2292/2292/2049
f 2302/2302/1720 2258/2257/2015 2300/2300/2055
f 2302/2302/1720 2303/2303/1721 2258/2257/2015
f 2304/2304/2057 2258/2257/2015 2303/2303/1721
f 2304/2304/2057 2303/2303/1721 2095/2095/1869
f 2100/2100/1874 2095/2095/1869 2303/2303/1721
f 2258/2257/2015 2098/2098/1872 2257/2258/2016
f 2258/2257/2058 2306/2305/2059 2305/2306/2060
f 2306/2305/2059 2307/2307/2061 2305/2306/2060
f 2309/2308/2062 2308/2309/2063 2095/2095/1869
f 2290/2290/1710 2301/2301/2056 2292/2292/2049
f 2311/2310/1705 2310/2311/2064 2189/2189/1955
f 2310/2311/2064 2312/2312/2065 2189/2189/1955
f 2310/2311/2064 2311/2310/1705 2284/2284/2043
f 2312/2312/2065 2310/2311/2064 2284/2284/2043
f 2311/2310/1705 2313/2313/2066 2122/2122/1893
f 2313/2313/2066 2123/2123/1894 2122/2122/1893
f 2314/2314/2067 2311/2310/1705 2122/2122/1893
f 2113/2113/1885 2314/2314/2067 2122/2122/1893
f 2316/2315/2068 2315/2316/2069 2149/2149/2070
f 2317/2317/2071 2316/2315/2068 2149/2149/2070
f 2066/2066/2072 2315/2316/1739 2318/2318/2073
f 2320/2319/2072 2318/2318/2073 2319/2320/2074
f 2321/2321/2075 2319/2320/2074 2318/2318/2073
f 2320/2319/2072 2319/2320/2074 2322/2322/2076
f 2319/2320/2074 2321/2321/2075 2323/2323/2077
f 2321/2321/2075 2324/2324/2078 2323/2323/2077
f 2323/2323/2077 2325/2325/2079 2319/2320/2074
f 2142/2142/1909 2324/2324/2078 2321/2321/2075
f 2144/2144/1911 2324/2324/2078 2142/2142/1909
f 2326/2326/2080 2324/2324/2078 2144/2144/1911
f 2324/2324/2078 2327/2327/2081 2323/2323/2077
f 2327/2327/2081 2328/2328/2082 2323/2323/2077
f 2328/2328/2082 2329/2329/2083 2323/2323/2077
f 2328/2328/2082 2090/2089/1864 2329/2329/2083
f 2097/2097/1871 2090/2089/1864 2328/2328/2082
f 2330/2330/2084 2097/2097/1871 2328/2328/2082
f 2329/2329/2083 2331/2331/2085 2323/2323/2077
f 2329/2329/2083 2084/2085/1858 2331/2331/2085
f 2332/2332/1857 2331/2331/2085 2084/2085/1858
f 2332/2332/1857 2322/2322/2076 2331/2331/2085
f 2323/2323/2077 2331/2331/2085 2333/2333/2086
f 2335/2334/2087 2332/2332/1857 2334/2335/2088
f 2336/2336/2089 2334/2335/2088 2332/2332/1857
f 2334/2335/2088 2336/2336/2089 2337/2337/2090
f 2332/2332/1857 2338/2338/1855 2336/2336/2089
f 2336/2336/2089 2338/2338/1855 2339/2339/2091
f 2336/2336/2089 2339/2339/2091 2337/2337/2090
f 2337/2337/2090 2339/2339/2091 2340/2340/2092
f 2045/2045/2093 2339/2339/2091 2338/2338/1855
f 2045/2045/2093 2341/2341/2094 2339/2339/2091
f 2342/2342/2095 2334/2335/2088 2337/2337/2090
f 2342/2342/2095 2320/2319/2072 2334/2335/2088
f 2343/2343/2096 2334/2335/2088 2320/2319/2072
f 2344/2344/1843 2320/2319/2072 2342/2342/2095
f 2342/2342/2095 2345/2345/2097 2344/2344/1843
f 2345/2345/2097 2342/2342/2095 2337/2337/2090
f 2047/2047/1842 2345/2345/2097 2341/2341/2094
f 2047/2047/1842 2344/2344/1843 2345/2345/2097
f 2337/2337/2090 2346/2346/2098 2345/2345/2097
f 2347/2347/1787 2045/2045/2093 2082/2082/1786
f 2350/2348/1976 2349/2349/1758 2348/2350/1974
f 2351/2351/1756 2348/2350/1974 2349/2349/1758
f 2350/2348/1976 2352/2352/2099 2349/2349/1758
f 2353/2353/1759 2349/2349/1758 2352/2352/2099
f 2354/2354/1752 2348/2350/1974 2351/2351/1756
f 2352/2352/2099 2355/2355/2100 2353/2353/1759
f 2356/2356/1766 2353/2353/1759 2355/2355/2100
f 2355/2355/2100 2357/2357/2101 2356/2356/1766
f 2358/2358/2102 2356/2356/1766 2357/2357/2101
f 2358/2358/2102 2357/2357/2101 2359/2359/1773
f 2360/2360/2103 2359/2359/1773 2357/2357/2101
f 2359/2359/1773 2360/2360/2103 2361/2361/1775
f 2362/2362/1981 2361/2361/1775 2360/2360/2103
f 2361/2361/1775 2362/2362/1981 2363/2363/1776
f 2364/2364/1982 2363/2363/1776 2362/2362/1981
f 2364/2364/1982 2365/2365/1983 2363/2363/1776
f 2366/2366/1777 2363/2363/1776 2365/2365/1983
f 2365/2365/1983 2367/2367/1779 2366/2366/1777
f 2185/2185/1950 2368/2368/2104 2182/2182/1947
f 2370/2369/2105 2369/2370/2106 2136/2136/1905
f 2140/2140/1732 2371/2371/2107 2130/2130/1900
f 2131/2131/1901 2130/2130/1900 2371/2371/2107
f 2131/2131/1901 2371/2371/2107 2120/2120/1891
f 2119/2119/1890 2120/2120/1891 2371/2371/2107
f 2374/2372/2108 2373/2373/2109 2372/2374/2110
f 2373/2373/2109 2375/2375/2111 2372/2374/2110
f 2374/2372/2108 2377/2376/2112 2376/2377/2113
f 2378/2378/2114 2376/2377/2113 2377/2376/2112
f 2377/2376/2112 2374/2372/2108 2379/2379/2115
f 2380/2380/2116 2379/2379/2115 2374/2372/2108
f 2382/2381/2114 2381/2382/2117 2376/2377/2118
f 2384/2383/2119 2383/2384/2120 2381/2382/2121
f 2384/2383/2119 2386/2385/2117 2385/2386/2122
f 2388/2387/2123 2387/2388/2124 2386/2385/2121
f 2391/2389/2125 2390/2390/2126 2389/2391/2127
f 2389/2391/2127 2390/2390/2126 2392/2392/2128
f 2392/2392/2128 2393/2393/2129 2389/2391/2127
f 2394/2394/2130 2389/2391/2127 2393/2393/2129
f 2389/2391/2127 2394/2394/2130 2395/2395/2131
f 2389/2391/2127 2395/2395/2131 2396/2396/2132
f 2396/2396/2132 2395/2395/2131 2397/2397/2133
f 2397/2397/2133 2395/2395/2131 2398/2398/2134
f 2399/2399/2135 2397/2397/2133 2398/2398/2134
f 2400/2400/2136 2395/2395/2131 2394/2394/2130
f 2395/2395/2131 2401/2401/2136 2398/2398/2134
f 2402/2402/2137 2398/2398/2134 2401/2401/2136
f 2398/2398/2134 2402/2402/2137 2399/2399/2135
f 2403/2403/2138 2399/2399/2135 2402/2402/2137
f 2399/2399/2135 2403/2403/2138 2404/2404/2139
f 2405/2405/2140 2404/2404/2139 2403/2403/2138
f 2399/2399/2135 2406/2406/2141 2397/2397/2133
f 2409/2407/2142 2408/2408/2143 2407/2409/2144
f 2410/2410/2145 2407/2409/2144 2408/2408/2143
f 2412/2411/2146 2411/2412/2147 2409/2407/2148
f 2413/2413/2149 2409/2407/2148 2411/2412/2147
f 2415/2414/2150 2414/2415/2151 2412/2411/2152
f 2416/2416/2153 2412/2411/2152 2414/2415/2151
f 2415/2414/2150 2417/2417/2154 2414/2415/2151
f 2418/2418/2155 2414/2415/2151 2417/2417/2154
f 2421/2419/1742 2420/2420/1850 2419/2421/1743
f 2419/2421/1743 2420/2420/1850 2422/2422/1745
f 2423/2423/1852 2422/2422/1745 2420/2420/1850
f 2422/2422/1745 2423/2423/1852 2424/2424/2156
f 2426/2425/2157 2425/2426/2158 2027/2027/1822
f 2427/2427/2159 2281/2281/2040 2279/2279/2038
f 2025/2025/1820 2428/2428/1984 2019/2019/1814
f 2021/2021/1816 2019/2019/1814 2428/2428/1984
f 2025/2025/1820 2037/2037/1832 2428/2428/1984
f 2431/2429/2160 2430/2430/2161 2429/2431/2162
f 2431/2429/2160 2432/2432/2163 2430/2430/2161
f 2433/2433/2164 2430/2430/2161 2432/2432/2163
f 2432/2432/2163 2431/2429/2160 2434/2434/2165
f 2429/2431/2162 2434/2434/2165 2431/2429/2160
f 2430/2430/2161 2433/2433/2164 2435/2435/2166
f 2429/2431/2162 2430/2430/2161 2435/2435/2166
f 2429/2431/2162 2435/2435/2166 2436/2436/2167
f 2429/2431/2162 2436/2436/2167 2437/2437/2168
f 2438/2438/2169 2435/2435/2166 2433/2433/2164
f 2435/2435/2166 2438/2438/2169 2436/2436/2167
f 2429/2431/2162 2439/2439/2170 2434/2434/2165
f 2440/2440/2171 2436/2436/2167 2438/2438/2169
f 2436/2436/2167 2440/2440/2171 2441/2441/2172
f 2441/2441/2172 2442/2442/2173 2436/2436/2167
f 2443/2443/2174 2441/2441/2172 2440/2440/2171
f 2443/2443/2174 2444/2444/2175 2441/2441/2172
f 2445/2445/2176 2441/2441/2172 2444/2444/2175
f 2445/2445/2176 2446/2446/2177 2441/2441/2172
f 2447/2447/2178 2441/2441/2172 2446/2446/2177
f 2442/2442/2173 2441/2441/2172 2447/2447/2178
f 2442/2442/2173 2447/2447/2178 2448/2448/2179
f 2449/2449/2180 2448/2448/2179 2447/2447/2178
f 2437/2437/2168 2448/2448/2181 2450/2450/2182
f 2451/2451/2183 2450/2450/2182 2448/2448/2181
f 2451/2451/2183 2452/2452/2184 2450/2450/2182
f 2453/2453/2185 2450/2450/2182 2452/2452/2184
f 2450/2450/2182 2453/2453/2185 2454/2454/2186
f 2455/2455/2187 2454/2454/2186 2453/2453/2185
f 2455/2455/2187 2456/2456/2188 2454/2454/2186
f 2457/2457/2189 2454/2454/2186 2456/2456/2188
f 2456/2456/2188 2458/2458/2190 2457/2457/2189
f 2454/2454/2186 2457/2457/2189 2459/2459/2191
f 2460/2460/2192 2459/2459/2191 2457/2457/2189
f 2450/2450/2182 2454/2454/2186 2437/2437/2168
f 2459/2459/2191 2437/2437/2168 2454/2454/2186
f 2446/2446/2177 2461/2461/2193 2447/2447/2178
f 2449/2449/2180 2447/2447/2178 2461/2461/2193
f 2461/2461/2193 2446/2446/2177 2462/2462/2194
f 2463/2463/2195 2462/2462/2194 2446/2446/2177
f 2446/2446/2177 2445/2445/2176 2463/2463/2195
f 2464/2464/2196 2463/2463/2195 2445/2445/2176
f 2461/2461/2193 2462/2462/2194 2465/2465/2197
f 2465/2465/2197 2466/2466/2198 2461/2461/2193
f 2449/2449/2180 2461/2461/2193 2466/2466/2198
f 2449/2449/2180 2466/2466/2198 2448/2448/2179
f 2467/2467/2199 2448/2448/2179 2466/2466/2198
f 2466/2466/2198 2465/2465/2197 2468/2468/2200
f 2468/2468/2200 2467/2467/2199 2466/2466/2198
f 2468/2468/2200 2469/2469/2201 2467/2467/2199
f 2469/2469/2201 2468/2468/2200 2470/2470/2202
f 2471/2471/2203 2470/2470/2202 2468/2468/2200
f 2472/2472/2204 2468/2468/2200 2465/2465/2197
f 2472/2472/2204 2473/2473/2205 2468/2468/2200
f 2471/2471/2203 2468/2468/2200 2473/2473/2205
f 2474/2474/2206 2465/2465/2197 2462/2462/2194
f 2465/2465/2197 2474/2474/2206 2472/2472/2204
f 2475/2475/2207 2472/2472/2204 2474/2474/2206
f 2470/2470/2202 2476/2476/2208 2469/2469/2201
f 2477/2477/2209 2469/2469/2201 2476/2476/2208
f 2477/2477/2209 2478/2478/2210 2469/2469/2201
f 2478/2478/2210 2479/2479/2211 2469/2469/2201
f 2479/2479/2211 2480/2480/2212 2448/2448/2181
f 2451/2451/2183 2448/2448/2181 2480/2480/2212
f 2476/2476/2208 2481/2481/2213 2477/2477/2209
f 2482/2482/2214 2477/2477/2209 2481/2481/2213
f 2482/2482/2214 2478/2478/2210 2477/2477/2209
f 2482/2482/2214 2483/2483/2215 2478/2478/2210
f 2483/2483/2215 2482/2482/2214 2484/2484/2216
f 2481/2481/2213 2484/2484/2216 2482/2482/2214
f 2478/2478/2210 2483/2483/2215 2485/2485/2217
f 2484/2484/2216 2485/2485/2217 2483/2483/2215
f 2451/2451/2183 2480/2480/2212 2452/2452/2184
f 2486/2486/2218 2452/2452/2184 2480/2480/2212
f 2480/2480/2212 2487/2487/2219 2486/2486/2218
f 2480/2480/2212 2479/2479/2211 2487/2487/2219
f 2488/2488/2220 2486/2486/2218 2487/2487/2219
f 2478/2478/2210 2485/2485/2217 2489/2489/2221
f 2488/2488/2220 2487/2487/2219 2490/2490/2222
f 2491/2491/2223 2490/2490/2222 2487/2487/2219
f 2490/2490/2222 2491/2491/2223 2492/2492/2224
f 2487/2487/2219 2493/2493/2225 2491/2491/2223
f 2494/2494/2226 2491/2491/2223 2493/2493/2225
f 2493/2493/2225 2487/2487/2219 2479/2479/2211
f 2496/2495/2227 2495/2496/2228 2485/2485/2217
f 2493/2493/2229 2498/2497/2230 2497/2498/2231
f 2499/2499/2232 2497/2498/2231 2498/2497/2230
f 2497/2498/2231 2500/2500/2233 2493/2493/2229
f 2501/2501/2234 2493/2493/2229 2500/2500/2233
f 2503/2502/2235 2502/2503/2236 2491/2491/2237
f 2505/2504/2238 2434/2434/2165 2504/2505/2239
f 2508/2506/2240 2507/2507/2241 2506/2508/2242
f 2459/2459/2243 2506/2508/2242 2507/2507/2241
f 2506/2508/2242 2459/2459/2243 2509/2509/2244
f 2510/2510/2245 2509/2509/2244 2459/2459/2243
f 2512/2511/2246 2457/2457/2247 2511/2512/2248
f 2515/2513/2249 2514/2514/2250 2513/2515/2251
f 2516/2516/2252 2513/2515/2251 2514/2514/2250
f 2514/2514/2250 2517/2517/2253 2516/2516/2252
f 2518/2518/2254 2516/2516/2252 2517/2517/2253
f 2519/2519/2255 2516/2516/2252 2518/2518/2254
f 2519/2519/2255 2520/2520/2251 2516/2516/2252
f 2515/2513/2249 2521/2521/2256 2514/2514/2250
f 2522/2522/2257 2514/2514/2250 2521/2521/2256
f 2514/2514/2250 2522/2522/2257 2517/2517/2253
f 2523/2523/2258 2517/2517/2253 2522/2522/2257
f 2522/2522/2257 2524/2524/2259 2523/2523/2258
f 2525/2525/2256 2524/2524/2259 2522/2522/2257
f 2528/2526/2260 2527/2527/2261 2526/2528/2262
f 2528/2526/2263 2530/2529/2264 2529/2530/2265
f 2528/2526/2263 2529/2530/2265 2531/2531/2266
f 2534/2532/2267 2533/2533/2268 2532/2534/2269
f 2532/2534/2269 2533/2533/2268 2535/2535/2270
f 2536/2536/2271 2535/2535/2270 2533/2533/2268
f 2535/2535/2270 2536/2536/2271 2537/2537/2272
f 2538/2538/2273 2537/2537/2272 2536/2536/2271
f 2539/2539/2274 2532/2534/2269 2535/2535/2270
f 2534/2532/2267 2532/2534/2269 2540/2540/2275
f 2534/2532/2267 2540/2540/2275 2541/2541/2276
f 2542/2542/2277 2541/2541/2276 2540/2540/2275
f 2543/2543/2278 2542/2542/2277 2540/2540/2275
f 2541/2541/2276 2542/2542/2277 2544/2544/2279
f 2544/2544/2279 2545/2545/2280 2541/2541/2276
f 2546/2546/2281 2541/2541/2276 2545/2545/2280
f 2541/2541/2276 2546/2546/2281 2534/2532/2267
f 2533/2533/2268 2534/2532/2267 2546/2546/2281
f 2547/2547/2282 2544/2544/2279 2542/2542/2277
f 2542/2542/2277 2543/2543/2278 2547/2547/2282
f 2548/2548/2283 2547/2547/2282 2543/2543/2278
f 2533/2533/2268 2549/2549/2284 2536/2536/2271
f 2550/2550/2285 2536/2536/2271 2549/2549/2284
f 2546/2546/2281 2551/2551/2286 2533/2533/2268
f 2549/2549/2284 2533/2533/2268 2551/2551/2286
f 2545/2545/2280 2552/2552/2287 2546/2546/2281
f 2551/2551/2286 2546/2546/2281 2552/2552/2287
f 2543/2543/2278 2540/2540/2275 2553/2553/2288
f 2540/2540/2275 2554/2554/2289 2553/2553/2288
f 2554/2554/2289 2540/2540/2275 2532/2534/2269
f 2555/2555/2290 2553/2553/2288 2554/2554/2289
f 2539/2539/2274 2554/2554/2289 2532/2534/2269
f 2556/2556/2291 2554/2554/2289 2539/2539/2274
f 2555/2555/2290 2554/2554/2289 2556/2556/2291
f 2557/2557/2292 2556/2556/2291 2539/2539/2274
f 2539/2539/2274 2535/2535/2270 2557/2557/2292
f 2537/2537/2272 2557/2557/2292 2535/2535/2270
f 2556/2556/2291 2557/2557/2292 2558/2558/2293
f 2553/2553/2288 2555/2555/2290 2559/2559/2294
f 2559/2559/2294 2556/2556/2291 2558/2558/2293
f 2559/2559/2294 2555/2555/2290 2556/2556/2291
f 2559/2559/2294 2558/2558/2293 2560/2560/2295
f 2560/2560/2295 2558/2558/2293 2561/2561/2296
f 2537/2537/2272 2561/2561/2296 2557/2557/2292
f 2558/2558/2293 2557/2557/2292 2561/2561/2296
f 2560/2560/2295 2561/2561/2296 2562/2562/2297
f 2562/2562/2297 2563/2563/2298 2560/2560/2295
f 2564/2564/2299 2562/2562/2297 2561/2561/2296
f 2561/2561/2296 2537/2537/2272 2564/2564/2299
f 2538/2538/2273 2564/2564/2299 2537/2537/2272
f 2559/2559/2294 2560/2560/2295 2565/2565/2300
f 2563/2563/2298 2565/2565/2300 2560/2560/2295
f 2563/2563/2298 2566/2566/2301 2565/2565/2300
f 2567/2567/2302 2565/2565/2300 2566/2566/2301
f 2567/2567/2302 2543/2543/2278 2565/2565/2300
f 2566/2566/2301 2568/2568/2303 2567/2567/2302
f 2568/2568/2303 2566/2566/2301 2569/2569/2304
f 2570/2570/2305 2569/2569/2304 2566/2566/2301
f 2562/2562/2297 2570/2570/2305 2563/2563/2298
f 2566/2566/2301 2563/2563/2298 2570/2570/2305
f 2571/2571/2306 2567/2567/2302 2568/2568/2303
f 2567/2567/2302 2571/2571/2306 2543/2543/2278
f 2548/2548/2283 2543/2543/2278 2571/2571/2306
f 2562/2562/2297 2564/2564/2299 2572/2572/2307
f 2573/2573/2308 2572/2572/2307 2564/2564/2299
f 2572/2572/2307 2574/2574/2309 2562/2562/2297
f 2570/2570/2305 2562/2562/2297 2574/2574/2309
f 2574/2574/2309 2575/2575/2310 2570/2570/2305
f 2569/2569/2304 2570/2570/2305 2575/2575/2310
f 2538/2538/2273 2576/2576/2311 2564/2564/2299
f 2573/2573/2308 2564/2564/2299 2576/2576/2311
f 2538/2538/2273 2536/2536/2271 2576/2576/2311
f 2550/2550/2285 2576/2576/2311 2536/2536/2271
f 2565/2565/2300 2543/2543/2278 2553/2553/2288
f 2559/2559/2294 2565/2565/2300 2553/2553/2288
f 2579/2577/2279 2578/2578/2282 2577/2579/2283
f 2577/2579/2283 2580/2580/2312 2579/2577/2279
f 2581/2581/2313 2580/2580/2312 2577/2579/2283
f 2583/2582/2306 2582/2583/2303 2577/2579/2283
f 2584/2584/2314 2577/2579/2283 2582/2583/2303
f 2584/2584/2314 2585/2585/2315 2577/2579/2283
f 2588/2586/2316 2587/2587/2281 2586/2588/2317
f 2588/2586/2316 2586/2588/2317 2589/2589/2318
f 2590/2590/2319 2589/2589/2318 2586/2588/2317
f 2586/2588/2317 2591/2591/2320 2590/2590/2319
f 2586/2588/2317 2587/2587/2281 2591/2591/2320
f 2592/2592/2321 2590/2590/2319 2591/2591/2320
f 2591/2591/2320 2593/2593/2322 2592/2592/2321
f 2591/2591/2320 2587/2587/2281 2593/2593/2322
f 2594/2594/2323 2592/2592/2321 2593/2593/2322
f 2597/2595/2324 2596/2596/2325 2595/2597/2326
f 2597/2595/2324 2595/2597/2326 2598/2598/2327
f 2598/2598/2327 2595/2597/2326 2599/2599/2328
f 2602/2600/2329 2601/2601/2330 2600/2602/2331
f 2603/2603/2332 2600/2602/2331 2601/2601/2330
f 2601/2601/2330 2604/2604/2333 2603/2603/2332
f 2602/2600/2329 2600/2602/2331 2605/2605/2334
f 2606/2606/2335 2605/2605/2334 2600/2602/2331
f 2600/2602/2331 2607/2607/2336 2606/2606/2335
f 2608/2608/2337 2606/2606/2335 2607/2607/2336
f 2601/2601/2330 2602/2600/2329 2609/2609/2338
f 2609/2609/2338 2610/2610/2339 2601/2601/2330
f 2610/2610/2339 2604/2604/2333 2601/2601/2330
f 2609/2609/2338 2602/2600/2329 2611/2611/2340
f 2605/2605/2334 2611/2611/2340 2602/2600/2329
f 2600/2602/2331 2603/2603/2332 2612/2612/2341
f 2612/2612/2341 2607/2607/2336 2600/2602/2331
f 2613/2613/2342 2612/2612/2341 2603/2603/2332
f 2603/2603/2332 2604/2604/2333 2613/2613/2342
f 2613/2613/2342 2614/2614/2343 2612/2612/2341
f 2615/2615/2344 2612/2612/2341 2614/2614/2343
f 2612/2612/2341 2615/2615/2344 2607/2607/2336
f 2615/2615/2344 2616/2616/2345 2607/2607/2336
f 2617/2617/2346 2607/2607/2336 2616/2616/2345
f 2617/2617/2346 2616/2616/2345 2618/2618/2347
f 2619/2619/2348 2618/2618/2347 2616/2616/2345
f 2620/2620/2349 2618/2618/2347 2619/2619/2348
f 2620/2620/2349 2621/2621/2350 2618/2618/2347
f 2618/2618/2347 2621/2621/2350 2617/2617/2346
f 2619/2619/2348 2616/2616/2345 2622/2622/2351
f 2623/2623/2352 2622/2622/2351 2616/2616/2345
f 2614/2614/2343 2623/2623/2352 2615/2615/2344
f 2616/2616/2345 2615/2615/2344 2623/2623/2352
f 2623/2623/2352 2614/2614/2343 2624/2624/2353
f 2624/2624/2353 2622/2622/2351 2623/2623/2352
f 2624/2624/2353 2625/2625/2354 2622/2622/2351
f 2626/2626/2355 2622/2622/2351 2625/2625/2354
f 2624/2624/2353 2627/2627/2356 2625/2625/2354
f 2625/2625/2354 2627/2627/2356 2628/2628/2357
f 2629/2629/2358 2628/2628/2357 2627/2627/2356
f 2627/2627/2356 2630/2630/2359 2629/2629/2358
f 2630/2630/2359 2627/2627/2356 2631/2631/2360
f 2632/2632/2361 2631/2631/2360 2627/2627/2356
f 2633/2633/2362 2629/2629/2358 2630/2630/2359
f 2630/2630/2359 2631/2631/2360 2633/2633/2362
f 2631/2631/2360 2632/2632/2361 2634/2634/2363
f 2634/2634/2363 2633/2633/2362 2631/2631/2360
f 2635/2635/2364 2634/2634/2363 2632/2632/2361
f 2628/2628/2357 2636/2636/2365 2625/2625/2354
f 2637/2637/2366 2625/2625/2354 2636/2636/2365
f 2625/2625/2354 2637/2637/2366 2638/2638/2367
f 2638/2638/2367 2626/2626/2355 2625/2625/2354
f 2639/2639/2368 2638/2638/2367 2637/2637/2366
f 2639/2639/2368 2637/2637/2366 2640/2640/2369
f 2636/2636/2365 2640/2640/2369 2637/2637/2366
f 2632/2632/2361 2627/2627/2356 2641/2641/2370
f 2641/2641/2370 2627/2627/2356 2624/2624/2353
f 2641/2641/2370 2642/2642/2371 2632/2632/2361
f 2641/2641/2370 2613/2613/2342 2642/2642/2371
f 2641/2641/2370 2624/2624/2353 2614/2614/2343
f 2614/2614/2343 2613/2613/2342 2641/2641/2370
f 2642/2642/2371 2613/2613/2342 2604/2604/2333
f 2638/2638/2367 2639/2639/2368 2643/2643/2372
f 2638/2638/2367 2643/2643/2372 2644/2644/2373
f 2645/2645/2374 2644/2644/2373 2643/2643/2372
f 2646/2646/2375 2643/2643/2372 2639/2639/2368
f 2638/2638/2367 2644/2644/2373 2626/2626/2355
f 2626/2626/2355 2644/2644/2373 2647/2647/2376
f 2626/2626/2355 2647/2647/2376 2648/2648/2377
f 2649/2649/2378 2648/2648/2377 2647/2647/2376
f 2650/2650/2379 2647/2647/2376 2644/2644/2373
f 2644/2644/2373 2645/2645/2374 2650/2650/2379
f 2648/2648/2377 2622/2622/2351 2626/2626/2355
f 2648/2648/2377 2619/2619/2348 2622/2622/2351
f 2619/2619/2348 2648/2648/2377 2620/2620/2349
f 2649/2649/2378 2620/2620/2349 2648/2648/2377
f 2651/2651/2380 2650/2650/2379 2645/2645/2374
f 2649/2649/2378 2647/2647/2376 2652/2652/2381
f 2649/2649/2378 2652/2652/2381 2620/2620/2349
f 2653/2653/2382 2652/2652/2381 2647/2647/2376
f 2650/2650/2379 2654/2654/2383 2647/2647/2376
f 2653/2653/2382 2647/2647/2376 2654/2654/2383
f 2655/2655/2384 2652/2652/2381 2653/2653/2382
f 2653/2653/2382 2656/2656/2385 2655/2655/2384
f 2657/2657/2386 2655/2655/2384 2656/2656/2385
f 2658/2658/2387 2657/2657/2386 2656/2656/2385
f 2656/2656/2385 2659/2659/2388 2658/2658/2387
f 2660/2660/2389 2658/2658/2387 2659/2659/2388
f 2658/2658/2387 2660/2660/2389 2661/2661/2390
f 2661/2661/2390 2662/2662/2391 2658/2658/2387
f 2663/2663/2392 2658/2658/2387 2662/2662/2391
f 2664/2664/2393 2661/2661/2390 2660/2660/2389
f 2661/2661/2390 2664/2664/2393 2662/2662/2391
f 2662/2662/2391 2665/2665/2394 2663/2663/2392
f 2665/2665/2394 2662/2662/2391 2664/2664/2393
f 2666/2666/2395 2663/2663/2392 2665/2665/2394
f 2659/2659/2388 2656/2656/2385 2667/2667/2396
f 2668/2668/2397 2667/2667/2396 2656/2656/2385
f 2656/2656/2385 2669/2669/2398 2668/2668/2397
f 2670/2670/2399 2668/2668/2397 2669/2669/2398
f 2667/2667/2396 2668/2668/2397 2671/2671/2400
f 2670/2670/2399 2671/2671/2400 2668/2668/2397
f 2658/2658/2387 2672/2672/2401 2657/2657/2386
f 2658/2658/2387 2663/2663/2392 2672/2672/2401
f 2673/2673/2402 2672/2672/2401 2663/2663/2392
f 2674/2674/2403 2672/2672/2401 2673/2673/2402
f 2674/2674/2403 2675/2675/2404 2672/2672/2401
f 2674/2674/2403 2676/2676/2405 2675/2675/2404
f 2676/2676/2405 2674/2674/2403 2677/2677/2406
f 2678/2678/2407 2675/2675/2404 2676/2676/2405
f 2675/2675/2404 2678/2678/2407 2679/2679/2408
f 2680/2680/2409 2679/2679/2408 2678/2678/2407
f 2678/2678/2407 2681/2681/2410 2680/2680/2409
f 2678/2678/2407 2676/2676/2405 2681/2681/2410
f 2682/2682/2411 2680/2680/2409 2681/2681/2410
f 2682/2682/2411 2683/2683/2412 2680/2680/2409
f 2684/2684/2413 2680/2680/2409 2683/2683/2412
f 2683/2683/2412 2620/2620/2349 2684/2684/2413
f 2621/2621/2350 2620/2620/2349 2683/2683/2412
f 2683/2683/2412 2682/2682/2411 2621/2621/2350
f 2684/2684/2413 2655/2655/2384 2680/2680/2409
f 2679/2679/2408 2680/2680/2409 2655/2655/2384
f 2672/2672/2401 2675/2675/2404 2657/2657/2386
f 2679/2679/2408 2657/2657/2386 2675/2675/2404
f 2655/2655/2384 2657/2657/2386 2679/2679/2408
f 2677/2677/2406 2685/2685/2414 2676/2676/2405
f 2681/2681/2410 2676/2676/2405 2685/2685/2414
f 2677/2677/2406 2686/2686/2415 2685/2685/2414
f 2687/2687/2416 2685/2685/2414 2686/2686/2415
f 2688/2688/2417 2686/2686/2415 2677/2677/2406
f 2685/2685/2414 2606/2606/2335 2681/2681/2410
f 2608/2608/2337 2681/2681/2410 2606/2606/2335
f 2606/2606/2335 2685/2685/2414 2605/2605/2334
f 2687/2687/2416 2605/2605/2334 2685/2685/2414
f 2687/2687/2416 2686/2686/2415 2689/2689/2418
f 2690/2690/2419 2689/2689/2418 2686/2686/2415
f 2688/2688/2417 2690/2690/2419 2686/2686/2415
f 2605/2605/2334 2687/2687/2416 2611/2611/2340
f 2689/2689/2418 2611/2611/2340 2687/2687/2416
f 2684/2684/2413 2652/2652/2381 2655/2655/2384
f 2690/2690/2419 2691/2691/2420 2689/2689/2418
f 2689/2689/2418 2692/2692/2421 2611/2611/2340
f 2689/2689/2418 2691/2691/2420 2692/2692/2421
f 2692/2692/2421 2609/2609/2338 2611/2611/2340
f 2693/2693/2422 2609/2609/2338 2692/2692/2421
f 2693/2693/2422 2610/2610/2339 2609/2609/2338
f 2684/2684/2413 2620/2620/2349 2652/2652/2381
f 2608/2608/2337 2607/2607/2336 2694/2694/2423
f 2617/2617/2346 2694/2694/2423 2607/2607/2336
f 2695/2695/2424 2694/2694/2423 2617/2617/2346
f 2695/2695/2424 2617/2617/2346 2621/2621/2350
f 2694/2694/2423 2695/2695/2424 2682/2682/2411
f 2695/2695/2424 2621/2621/2350 2682/2682/2411
f 2682/2682/2411 2681/2681/2410 2694/2694/2423
f 2608/2608/2337 2694/2694/2423 2681/2681/2410
f 2698/2696/2425 2697/2697/2426 2696/2698/2427
f 2699/2699/2428 2696/2698/2427 2697/2697/2426
f 2697/2697/2426 2698/2696/2425 2700/2700/2429
f 2701/2701/2430 2700/2700/2429 2698/2696/2425
f 2698/2696/2425 2696/2698/2427 2701/2701/2430
f 2702/2702/2431 2701/2701/2430 2696/2698/2427
f 2696/2698/2427 2699/2699/2428 2702/2702/2431
f 2703/2703/2432 2702/2702/2431 2699/2699/2428
f 2700/2700/2429 2703/2703/2432 2697/2697/2426
f 2699/2699/2428 2697/2697/2426 2703/2703/2432
f 2706/2704/2305 2705/2705/2433 2704/2706/2434
f 2705/2705/2433 2707/2707/2435 2704/2706/2434
f 2708/2708/2436 2704/2706/2434 2707/2707/2435
f 2704/2706/2434 2708/2708/2436 2709/2709/2437
f 2706/2704/2305 2704/2706/2434 2709/2709/2437
f 2710/2710/2438 2709/2709/2437 2708/2708/2436
f 2709/2709/2437 2710/2710/2438 2711/2711/2439
f 2706/2704/2305 2709/2709/2437 2711/2711/2439
f 2712/2712/2440 2711/2711/2439 2710/2710/2438
f 2715/2713/2441 2714/2714/2442 2713/2715/2443
f 2713/2715/2443 2714/2714/2442 2716/2716/2444
f 2713/2715/2443 2716/2716/2444 2717/2717/2445
f 2719/2718/2446 2718/2719/2447 2654/2654/2383
f 2669/2669/2398 2654/2654/2383 2718/2719/2447
f 2669/2669/2398 2718/2719/2447 2670/2670/2399
f 2720/2720/2448 2670/2670/2399 2718/2719/2447
f 2654/2654/2383 2669/2669/2398 2653/2653/2382
f 2653/2653/2382 2669/2669/2398 2656/2656/2385
f 2654/2654/2383 2650/2650/2379 2719/2718/2446
f 2651/2651/2380 2719/2718/2446 2650/2650/2379
f 2673/2673/2402 2688/2688/2417 2674/2674/2403
f 2677/2677/2406 2674/2674/2403 2688/2688/2417
f 2723/2721/2449 2722/2722/2450 2721/2723/2451
f 2724/2724/2452 2721/2723/2451 2722/2722/2450
f 2722/2722/2450 2725/2725/2453 2724/2724/2452
f 2726/2726/2454 2724/2724/2452 2725/2725/2453
f 2724/2724/2452 2726/2726/2454 2721/2723/2451
f 2727/2727/2455 2721/2723/2451 2726/2726/2454
f 2721/2723/2451 2727/2727/2455 2723/2721/2449
f 2728/2728/2456 2723/2721/2449 2727/2727/2455
f 2723/2721/2449 2728/2728/2456 2722/2722/2450
f 2725/2725/2453 2722/2722/2450 2728/2728/2456
f 2730/2729/2457 2328/2328/2458 2729/2730/2459
f 2732/2731/2460 2731/2732/2461 2328/2328/2082
f 2734/2733/2462 2733/2734/2463 2246/2246/2003
f 2329/2329/2083 2736/2735/2464 2735/2736/2465
f 2738/2737/2466 2324/2324/2078 2737/2738/2467
f 2740/2739/2468 2739/2740/2469 2324/2324/2470
f 2742/2741/2471 2236/2236/1992 2741/2742/2472
f 2744/2743/2473 2321/2321/2075 2743/2744/2474
f 2747/2745/2475 2746/2746/2476 2745/2747/2477
f 2746/2746/2476 2748/2748/2478 2745/2747/2477
f 2746/2746/2476 2749/2749/2479 2748/2748/2478
f 2748/2748/2478 2750/2750/2480 2745/2747/2477
f 2753/2751/2481 2752/2752/2482 2751/2753/2480
f 2753/2751/2481 2754/2754/2483 2752/2752/2482
f 2754/2754/2483 2755/2755/2484 2752/2752/2482
f 2755/2755/2484 2756/2756/2485 2752/2752/2482
f 2753/2751/2481 2757/2757/2479 2754/2754/2483
f 2760/2758/2486 2759/2759/2487 2758/2760/2476
f 2758/2760/2476 2761/2761/2475 2760/2758/2486
f 2762/2762/2488 2760/2758/2486 2761/2761/2475
f 2762/2762/2488 2763/2763/2489 2760/2758/2486
f 2764/2764/2490 2760/2758/2486 2763/2763/2489
f 2760/2758/2486 2764/2764/2490 2765/2765/2483
f 2760/2758/2486 2765/2765/2483 2759/2759/2487
f 2766/2766/2484 2765/2765/2483 2764/2764/2490
f 2769/2767/2477 2768/2768/2491 2767/2769/2475
f 2768/2768/2491 2770/2770/2492 2767/2769/2475
f 2771/2771/2493 2770/2770/2492 2768/2768/2491
f 2774/2772/2494 2773/2773/2495 2772/2774/2496
f 2772/2774/2496 2775/2775/2497 2774/2772/2494
f 2776/2776/2498 2774/2772/2494 2775/2775/2497
f 2774/2772/2494 2776/2776/2498 2777/2777/2499
f 2774/2772/2494 2777/2777/2499 2773/2773/2495
f 2778/2778/2500 2777/2777/2499 2776/2776/2498
f 2775/2775/2497 2772/2774/2496 2779/2779/2501
f 2780/2780/2502 2779/2779/2501 2772/2774/2496
f 2772/2774/2496 2781/2781/2503 2780/2780/2502
f 2773/2773/2495 2781/2781/2503 2772/2774/2496
f 2780/2780/2502 2782/2782/2504 2779/2779/2501
f 2783/2783/2505 2779/2779/2501 2782/2782/2504
f 2783/2783/2505 2782/2782/2504 2784/2784/2506
f 2785/2785/2507 2784/2784/2506 2782/2782/2504
f 2784/2784/2506 2785/2785/2507 2786/2786/2508
f 2787/2787/2509 2786/2786/2508 2785/2785/2507
f 2787/2787/2509 2785/2785/2507 2788/2788/2510
f 2788/2788/2510 2789/2789/2511 2787/2787/2509
f 2790/2790/2512 2787/2787/2509 2789/2789/2511
f 2788/2788/2510 2791/2791/2513 2789/2789/2511
f 2788/2788/2510 2785/2785/2507 2791/2791/2513
f 2792/2792/2514 2789/2789/2511 2791/2791/2513
f 2783/2783/2505 2793/2793/2515 2779/2779/2501
f 2783/2783/2505 2784/2784/2506 2793/2793/2515
f 2794/2794/2516 2779/2779/2501 2793/2793/2515
f 2794/2794/2516 2795/2795/2517 2779/2779/2501
f 2796/2796/2518 2795/2795/2517 2794/2794/2516
f 2797/2797/2519 2793/2793/2515 2784/2784/2506
f 2784/2784/2506 2798/2798/2520 2797/2797/2519
f 2799/2799/2521 2797/2797/2519 2798/2798/2520
f 2800/2800/2522 2799/2799/2521 2789/2789/2511
f 2797/2797/2519 2799/2799/2521 2800/2800/2522
f 2789/2789/2511 2792/2792/2514 2800/2800/2522
f 2801/2801/2523 2789/2789/2511 2799/2799/2521
f 2797/2797/2519 2802/2802/2524 2793/2793/2515
f 2796/2796/2518 2794/2794/2516 2803/2803/2525
f 2804/2804/2526 2803/2803/2525 2794/2794/2516
f 2794/2794/2516 2805/2805/2527 2804/2804/2526
f 2793/2793/2515 2805/2805/2527 2794/2794/2516
f 2804/2804/2526 2805/2805/2527 2806/2806/2528
f 2807/2807/2529 2806/2806/2528 2805/2805/2527
f 2807/2807/2529 2808/2808/2530 2806/2806/2528
f 2809/2809/2531 2806/2806/2528 2808/2808/2530
f 2809/2809/2531 2810/2810/2532 2806/2806/2528
f 2811/2811/2533 2806/2806/2528 2810/2810/2532
f 2806/2806/2528 2811/2811/2533 2804/2804/2526
f 2803/2803/2525 2804/2804/2526 2811/2811/2533
f 2812/2812/2534 2797/2797/2519 2800/2800/2522
f 2802/2802/2524 2797/2797/2519 2812/2812/2534
f 2812/2812/2534 2800/2800/2522 2792/2792/2514
f 2780/2780/2502 2809/2809/2531 2808/2808/2530
f 2782/2782/2504 2780/2780/2502 2808/2808/2530
f 2782/2782/2504 2808/2808/2530 2813/2813/2535
f 2785/2785/2507 2782/2782/2504 2813/2813/2535
f 2813/2813/2535 2791/2791/2513 2785/2785/2507
f 2814/2814/2536 2813/2813/2535 2808/2808/2530
f 2813/2813/2535 2814/2814/2536 2815/2815/2537
f 2792/2792/2514 2791/2791/2513 2815/2815/2537
f 2813/2813/2535 2815/2815/2537 2791/2791/2513
f 2792/2792/2514 2815/2815/2537 2812/2812/2534
f 2816/2816/2538 2815/2815/2537 2814/2814/2536
f 2814/2814/2536 2817/2817/2539 2816/2816/2538
f 2818/2818/2540 2816/2816/2538 2817/2817/2539
f 2817/2817/2539 2814/2814/2536 2819/2819/2541
f 2817/2817/2539 2819/2819/2541 2818/2818/2540
f 2820/2820/2542 2819/2819/2541 2814/2814/2536
f 2815/2815/2537 2816/2816/2538 2802/2802/2524
f 2802/2802/2524 2812/2812/2534 2815/2815/2537
f 2821/2821/2543 2802/2802/2524 2816/2816/2538
f 2816/2816/2538 2818/2818/2540 2821/2821/2543
f 2802/2802/2524 2821/2821/2543 2793/2793/2515
f 2805/2805/2527 2793/2793/2515 2821/2821/2543
f 2822/2822/2544 2821/2821/2543 2818/2818/2540
f 2822/2822/2544 2818/2818/2540 2823/2823/2545
f 2824/2824/2546 2823/2823/2545 2818/2818/2540
f 2824/2824/2546 2818/2818/2540 2819/2819/2541
f 2823/2823/2545 2825/2825/2547 2822/2822/2544
f 2821/2821/2543 2822/2822/2544 2825/2825/2547
f 2805/2805/2527 2821/2821/2543 2825/2825/2547
f 2805/2805/2527 2825/2825/2547 2807/2807/2529
f 2826/2826/2548 2807/2807/2529 2825/2825/2547
f 2820/2820/2542 2808/2808/2530 2826/2826/2549
f 2807/2807/2529 2827/2827/2550 2808/2808/2530
f 2808/2808/2530 2820/2820/2542 2814/2814/2536
f 2829/2828/2551 2828/2829/2552 2795/2795/2517
f 2795/2795/2517 2828/2829/2552 2775/2775/2497
f 2776/2776/2498 2775/2775/2497 2828/2829/2552
f 2828/2829/2552 2830/2830/2553 2776/2776/2498
f 2830/2830/2553 2828/2829/2552 2829/2828/2551
f 2775/2775/2497 2779/2779/2501 2795/2795/2517
f 2831/2831/2554 2830/2830/2553 2829/2828/2551
f 2796/2796/2518 2829/2828/2551 2795/2795/2517
f 2833/2832/2555 2776/2776/2498 2832/2833/2556
f 2835/2834/2557 2834/2835/2558 2831/2831/2554
f 2835/2834/2559 2837/2836/2560 2836/2837/2561
f 2777/2777/2499 2836/2837/2561 2837/2836/2560
f 2777/2777/2499 2837/2836/2560 2773/2773/2495
f 2839/2838/2562 2831/2831/2563 2838/2839/2564
f 2780/2780/2502 2781/2781/2503 2809/2809/2531
f 2810/2810/2532 2809/2809/2531 2781/2781/2503
f 2842/2840/2565 2841/2841/2566 2840/2842/2542
f 2844/2843/2567 2840/2842/2568 2843/2844/2569
f 2843/2844/2569 2845/2845/2570 2844/2843/2567
f 2845/2845/2570 2843/2844/2569 2846/2846/2571
f 2847/2847/2572 2846/2846/2571 2843/2844/2569
f 2846/2846/2571 2847/2847/2572 2848/2848/2573
f 2848/2848/2573 2847/2847/2572 2849/2849/2574
f 2850/2850/2541 2844/2843/2567 2845/2845/2570
f 2840/2842/2568 2844/2843/2567 2850/2850/2541
f 2852/2851/2575 2851/2852/2576 2847/2847/2572
f 2855/2853/2577 2854/2854/2578 2853/2855/2579
f 2856/2856/2580 2853/2855/2579 2854/2854/2578
f 2853/2855/2579 2857/2857/2581 2855/2853/2577
f 2859/2858/2582 2855/2853/2577 2858/2859/2583
f 2861/2860/2584 2853/2855/2585 2860/2861/2586
f 2862/2862/2587 2860/2861/2586 2853/2855/2585
f 2853/2855/2585 2861/2860/2584 2863/2863/2588
f 2865/2864/2589 2864/2865/2590 2861/2860/2584
f 2868/2866/2560 2867/2867/2591 2866/2868/2578
f 2869/2869/2592 2866/2868/2578 2867/2867/2591
f 2868/2866/2560 2866/2868/2578 2870/2870/2495
f 2866/2868/2578 2871/2871/2577 2870/2870/2495
f 2870/2870/2495 2871/2871/2577 2872/2872/2593
f 2871/2871/2577 2873/2873/2582 2872/2872/2593
f 2873/2873/2582 2874/2874/2532 2872/2872/2593
f 2874/2874/2532 2873/2873/2582 2875/2875/2533
f 2876/2876/2594 2875/2875/2533 2873/2873/2582
f 2878/2877/2580 2867/2867/2559 2877/2878/2586
f 2879/2879/2554 2877/2878/2586 2867/2867/2559
f 2877/2878/2586 2879/2879/2554 2880/2880/2551
f 2881/2881/2584 2877/2878/2586 2880/2880/2551
f 2881/2881/2584 2880/2880/2551 2882/2882/2518
f 2881/2881/2584 2882/2882/2518 2883/2883/2589
f 2884/2884/2595 2883/2883/2589 2875/2875/2596
f 2875/2875/2596 2883/2883/2589 2885/2885/2525
f 2882/2882/2518 2885/2885/2525 2883/2883/2589
f 2888/2886/2597 2887/2887/2598 2886/2888/2599
f 2889/2889/2600 2888/2886/2597 2886/2888/2599
f 2890/2890/2601 2888/2886/2597 2889/2889/2600
f 2891/2891/2602 2889/2889/2600 2886/2888/2599
f 2894/2892/2603 2893/2893/2604 2892/2894/2602
f 2895/2895/2605 2893/2893/2604 2894/2892/2603
f 2896/2896/2606 2895/2895/2605 2894/2892/2603
f 2897/2897/2607 2896/2896/2606 2894/2892/2603
f 2898/2898/2601 2893/2893/2604 2895/2895/2605
f 2901/2899/2608 2900/2900/2609 2899/2901/2597
f 2899/2901/2597 2900/2900/2609 2902/2902/2598
f 2903/2903/2610 2902/2902/2598 2900/2900/2609
f 2903/2903/2610 2900/2900/2609 2904/2904/2611
f 2905/2905/2612 2904/2904/2611 2900/2900/2609
f 2900/2900/2609 2906/2906/2605 2905/2905/2612
f 2906/2906/2605 2900/2900/2609 2901/2899/2608
f 2907/2907/2606 2905/2905/2612 2906/2906/2605
f 2910/2908/2613 2909/2909/2599 2908/2910/2598
f 2911/2911/2614 2910/2908/2613 2908/2910/2598
f 2911/2911/2614 2912/2912/2615 2910/2908/2613
f 2915/2913/2616 2914/2914/2617 2913/2915/2618
f 2913/2915/2618 2914/2914/2617 2916/2916/2619
f 2917/2917/2620 2916/2916/2619 2914/2914/2617
f 2914/2914/2617 2918/2918/2621 2917/2917/2620
f 2918/2918/2621 2914/2914/2617 2915/2913/2616
f 2919/2919/2622 2917/2917/2620 2918/2918/2621
f 2916/2916/2619 2920/2920/2623 2913/2915/2618
f 2921/2921/2624 2913/2915/2618 2920/2920/2623
f 2922/2922/2625 2913/2915/2618 2921/2921/2624
f 2922/2922/2625 2915/2913/2616 2913/2915/2618
f 2921/2921/2624 2920/2920/2623 2923/2923/2626
f 2924/2924/2627 2923/2923/2626 2920/2920/2623
f 2924/2924/2627 2925/2925/2628 2923/2923/2626
f 2926/2926/2629 2923/2923/2626 2925/2925/2628
f 2925/2925/2628 2927/2927/2630 2926/2926/2629
f 2928/2928/2631 2926/2926/2629 2927/2927/2630
f 2926/2926/2629 2928/2928/2631 2929/2929/2632
f 2929/2929/2632 2928/2928/2631 2930/2930/2633
f 2931/2931/2634 2930/2930/2633 2928/2928/2631
f 2929/2929/2632 2930/2930/2633 2932/2932/2635
f 2929/2929/2632 2932/2932/2635 2926/2926/2629
f 2933/2933/2636 2932/2932/2635 2930/2930/2633
f 2924/2924/2627 2920/2920/2623 2934/2934/2637
f 2924/2924/2627 2934/2934/2637 2925/2925/2628
f 2935/2935/2638 2934/2934/2637 2920/2920/2623
f 2935/2935/2638 2920/2920/2623 2936/2936/2639
f 2936/2936/2639 2937/2937/2640 2935/2935/2638
f 2916/2916/2619 2936/2936/2639 2920/2920/2623
f 2936/2936/2639 2916/2916/2619 2938/2938/2641
f 2938/2938/2641 2939/2939/2642 2936/2936/2639
f 2939/2939/2642 2937/2937/2640 2936/2936/2639
f 2917/2917/2620 2938/2938/2641 2916/2916/2619
f 2938/2938/2641 2917/2917/2620 2940/2940/2643
f 2938/2938/2641 2940/2940/2643 2939/2939/2642
f 2940/2940/2643 2941/2941/2644 2939/2939/2642
f 2937/2937/2640 2942/2942/2645 2935/2935/2638
f 2943/2943/2646 2935/2935/2638 2942/2942/2645
f 2944/2944/2647 2935/2935/2638 2943/2943/2646
f 2944/2944/2647 2934/2934/2637 2935/2935/2638
f 2943/2943/2646 2945/2945/2648 2944/2944/2647
f 2946/2946/2649 2944/2944/2647 2945/2945/2648
f 2946/2946/2649 2945/2945/2648 2947/2947/2650
f 2948/2948/2651 2947/2947/2650 2945/2945/2648
f 2948/2948/2651 2945/2945/2648 2949/2949/2652
f 2950/2950/2653 2949/2949/2652 2945/2945/2648
f 2942/2942/2645 2950/2950/2653 2943/2943/2646
f 2945/2945/2648 2943/2943/2646 2950/2950/2653
f 2948/2948/2651 2921/2921/2624 2947/2947/2650
f 2921/2921/2624 2923/2923/2626 2947/2947/2650
f 2923/2923/2626 2951/2951/2654 2947/2947/2650
f 2923/2923/2626 2926/2926/2629 2951/2951/2654
f 2951/2951/2654 2926/2926/2629 2932/2932/2635
f 2952/2952/2655 2947/2947/2650 2951/2951/2654
f 2951/2951/2654 2953/2953/2656 2952/2952/2655
f 2951/2951/2654 2932/2932/2635 2953/2953/2656
f 2954/2954/2657 2952/2952/2655 2953/2953/2656
f 2952/2952/2655 2954/2954/2657 2955/2955/2658
f 2956/2956/2659 2955/2955/2658 2954/2954/2657
f 2955/2955/2658 2957/2957/2660 2952/2952/2655
f 2955/2955/2658 2956/2956/2659 2957/2957/2660
f 2958/2958/2661 2952/2952/2655 2957/2957/2660
f 2958/2958/2661 2947/2947/2650 2952/2952/2655
f 2953/2953/2656 2959/2959/2662 2954/2954/2657
f 2960/2960/2663 2954/2954/2657 2959/2959/2662
f 2954/2954/2657 2960/2960/2663 2956/2956/2659
f 2959/2959/2662 2934/2934/2637 2960/2960/2663
f 2959/2959/2662 2961/2961/2664 2934/2934/2637
f 2961/2961/2664 2925/2925/2628 2934/2934/2637
f 2925/2925/2628 2961/2961/2664 2962/2962/2665
f 2963/2963/2666 2962/2962/2665 2961/2961/2664
f 2963/2963/2666 2961/2961/2664 2964/2964/2667
f 2964/2964/2667 2930/2930/2633 2963/2963/2666
f 2965/2965/2668 2963/2963/2666 2930/2930/2633
f 2930/2930/2633 2964/2964/2667 2933/2933/2636
f 2966/2966/2669 2933/2933/2636 2964/2964/2667
f 2961/2961/2664 2966/2966/2669 2964/2964/2667
f 2961/2961/2664 2959/2959/2662 2966/2966/2669
f 2944/2944/2647 2960/2960/2663 2934/2934/2637
f 2967/2967/2670 2956/2956/2659 2960/2960/2663
f 2960/2960/2663 2968/2968/2671 2967/2967/2670
f 2960/2960/2663 2944/2944/2647 2968/2968/2671
f 2969/2969/2672 2967/2967/2670 2968/2968/2671
f 2967/2967/2670 2969/2969/2672 2956/2956/2659
f 2970/2970/2673 2956/2956/2659 2969/2969/2672
f 2970/2970/2673 2957/2957/2660 2956/2956/2659
f 2944/2944/2647 2946/2946/2649 2968/2968/2671
f 2971/2971/2674 2968/2968/2671 2946/2946/2649
f 2933/2933/2636 2966/2966/2669 2953/2953/2656
f 2933/2933/2636 2953/2953/2656 2932/2932/2635
f 2959/2959/2662 2953/2953/2656 2966/2966/2669
f 2946/2946/2649 2947/2947/2650 2972/2972/2675
f 2958/2958/2661 2971/2971/2676 2947/2947/2650
f 2974/2973/2677 2973/2974/2678 2917/2917/2620
f 2949/2949/2652 2922/2922/2625 2948/2948/2651
f 2921/2921/2624 2948/2948/2651 2922/2922/2625
f 2977/2975/2679 2976/2976/2680 2975/2977/2681
f 2918/2918/2621 2975/2977/2681 2976/2976/2680
f 2975/2977/2681 2918/2918/2621 2915/2913/2616
f 2977/2975/2682 2941/2941/2644 2978/2978/2683
f 2980/2979/2684 2979/2980/2685 2941/2941/2686
f 2983/2981/2687 2982/2982/2688 2981/2983/2689
f 2982/2982/2688 2983/2981/2687 2984/2984/2690
f 2984/2984/2690 2985/2985/2691 2982/2982/2688
f 2986/2986/2692 2982/2982/2688 2985/2985/2691
f 2986/2986/2692 2985/2985/2691 2987/2987/2693
f 2987/2987/2693 2988/2988/2694 2986/2986/2692
f 2989/2989/2660 2984/2984/2690 2983/2981/2687
f 2983/2981/2687 2981/2983/2689 2989/2989/2660
f 2991/2990/2695 2981/2983/2661 2990/2991/2696
f 2993/2992/2697 2986/2986/2692 2992/2993/2698
f 2996/2994/2699 2995/2995/2700 2994/2996/2701
f 2997/2997/2702 2994/2996/2701 2995/2995/2700
f 2994/2996/2701 2997/2997/2702 2998/2998/2703
f 3000/2999/2704 2999/3000/2705 2997/2997/2702
f 3002/3001/2706 2994/2996/2707 3001/3002/2708
f 3003/3003/2709 3001/3002/2708 2994/2996/2707
f 2994/2996/2707 3004/3004/2710 3003/3003/2709
f 3006/3005/2711 3003/3003/2709 3005/3006/2712
f 3009/3007/2713 3008/3008/2714 3007/3009/2700
f 3010/3010/2681 3007/3009/2700 3008/3008/2714
f 3007/3009/2700 3010/3010/2681 3011/3011/2616
f 3012/3012/2702 3007/3009/2700 3011/3011/2616
f 3012/3012/2702 3011/3011/2616 3013/3013/2715
f 3014/3014/2704 3012/3012/2702 3013/3013/2715
f 3015/3015/2652 3014/3014/2704 3013/3013/2715
f 3014/3014/2704 3015/3015/2652 3016/3016/2653
f 3016/3016/2653 3017/3017/2716 3014/3014/2704
f 3019/3018/2644 3008/3008/2679 3018/3019/2708
f 3020/3020/2699 3018/3019/2708 3008/3008/2679
f 3019/3018/2644 3018/3019/2708 3021/3021/2642
f 3018/3019/2708 3022/3022/2709 3021/3021/2642
f 3021/3021/2642 3022/3022/2709 3023/3023/2640
f 3023/3023/2640 3022/3022/2709 3024/3024/2711
f 3024/3024/2711 3025/3025/2717 3016/3016/2718
f 3024/3024/2711 3016/3016/2718 3026/3026/2645
f 3026/3026/2645 3023/3023/2640 3024/3024/2711
f 3029/3027/2719 3028/3028/2720 3027/3029/2721
f 3027/3029/2721 3030/3030/2722 3029/3027/2719
f 3030/3030/2722 3027/3029/2721 3031/3031/2723
f 3032/3032/2724 3031/3031/2723 3027/3029/2721
f 3035/3033/2725 3034/3034/2726 3033/3035/2722
f 3036/3036/2727 3034/3034/2726 3035/3033/2725
f 3036/3036/2727 3037/3037/2728 3034/3034/2726
f 3038/3038/2729 3034/3034/2726 3037/3037/2728
f 3037/3037/2728 3036/3036/2727 3039/3039/2730
f 3040/3040/2731 3039/3039/2730 3036/3036/2727
f 3035/3033/2725 3040/3040/2731 3036/3036/2727
f 3041/3041/2732 3040/3040/2731 3035/3033/2725
f 3041/3041/2732 3042/3042/2733 3040/3040/2731
f 3043/3043/2734 3035/3033/2725 3033/3035/2722
f 3044/3044/2735 3041/3041/2732 3035/3033/2725
f 3044/3044/2735 3035/3033/2725 3045/3045/2736
f 3043/3043/2734 3045/3045/2736 3035/3033/2725
f 3045/3045/2736 3043/3043/2734 3046/3046/2737
f 3047/3047/2738 3046/3046/2737 3043/3043/2734
f 3046/3046/2737 3048/3048/2739 3045/3045/2736
f 3044/3044/2735 3045/3045/2736 3048/3048/2739
f 3049/3049/2739 3041/3041/2732 3044/3044/2735
f 3052/3050/2740 3051/3051/2741 3050/3052/2742
f 3053/3053/2743 3050/3052/2742 3051/3051/2741
f 3050/3052/2742 3053/3053/2743 3054/3054/2744
f 3054/3054/2744 3055/3055/2745 3050/3052/2742
f 3058/3056/2746 3057/3057/2747 3056/3058/2743
f 3058/3056/2746 3059/3059/2748 3057/3057/2747
f 3059/3059/2748 3058/3056/2746 3060/3060/2749
f 3061/3061/2750 3060/3060/2749 3058/3056/2746
f 3060/3060/2749 3062/3062/2751 3059/3059/2748
f 3063/3063/2752 3059/3059/2748 3062/3062/2751
f 3063/3063/2752 3057/3057/2747 3059/3059/2748
f 3063/3063/2752 3064/3064/2753 3057/3057/2747
f 3065/3065/2754 3064/3064/2753 3063/3063/2752
f 3057/3057/2747 3066/3066/2755 3056/3058/2743
f 3064/3064/2753 3067/3067/2756 3057/3057/2747
f 3057/3057/2747 3067/3067/2756 3068/3068/2757
f 3068/3068/2757 3066/3066/2755 3057/3057/2747
f 3068/3068/2757 3069/3069/2758 3066/3066/2755
f 3070/3070/2759 3066/3066/2755 3069/3069/2758
f 3067/3067/2756 3071/3071/2760 3068/3068/2757
f 3069/3069/2758 3068/3068/2757 3071/3071/2760
f 3064/3064/2753 3072/3072/2760 3067/3067/2756
f 3075/3073/2761 3074/3074/2762 3073/3075/2763
f 3076/3076/2764 3073/3075/2763 3074/3074/2762
f 3076/3076/2764 3077/3077/2765 3073/3075/2763
f 3077/3077/2765 3076/3076/2764 3078/3078/2766
f 3077/3077/2765 3078/3078/2766 3079/3079/2767
f 3080/3080/2768 3079/3079/2767 3078/3078/2766
f 3081/3081/2769 3078/3078/2766 3076/3076/2764
f 3082/3082/2770 3073/3075/2763 3077/3077/2765
f 3077/3077/2765 3079/3079/2767 3082/3082/2770
f 3083/3083/2771 3082/3082/2770 3079/3079/2767
f 3083/3083/2771 3079/3079/2767 3084/3084/2772
f 3085/3085/2773 3084/3084/2772 3079/3079/2767
f 3073/3075/2763 3082/3082/2770 3086/3086/2774
f 3073/3075/2763 3086/3086/2774 3075/3073/2761
f 3087/3087/2775 3086/3086/2774 3082/3082/2770
f 3082/3082/2770 3083/3083/2771 3087/3087/2775
f 3088/3088/2776 3084/3084/2772 3085/3085/2773
f 3089/3089/2777 3088/3088/2776 3085/3085/2773
f 3081/3081/2769 3090/3090/2778 3078/3078/2766
f 3091/3091/2779 3078/3078/2766 3090/3090/2778
f 3081/3081/2769 3092/3092/2780 3090/3090/2778
f 3092/3092/2780 3093/3093/2781 3090/3090/2778
f 3091/3091/2779 3094/3094/2782 3078/3078/2766
f 3087/3087/2775 3095/3095/2783 3086/3086/2774
f 3095/3095/2783 3096/3096/2784 3086/3086/2774
f 3096/3096/2784 3097/3097/2785 3086/3086/2774
f 3098/3098/2786 3086/3086/2774 3097/3097/2785
f 3095/3095/2783 3099/3099/2787 3096/3096/2784
f 3094/3094/2782 3091/3091/2779 3100/3100/2788
f 3101/3101/2789 3100/3100/2788 3091/3091/2779
f 3101/3101/2789 3091/3091/2779 3102/3102/2790
f 3090/3090/2778 3102/3102/2790 3091/3091/2779
f 3093/3093/2781 3102/3102/2790 3090/3090/2778
f 3099/3099/2787 3103/3103/2791 3096/3096/2784
f 3104/3104/2792 3096/3096/2784 3103/3103/2791
f 3105/3105/2793 3101/3101/2789 3102/3102/2790
f 3101/3101/2789 3105/3105/2793 3100/3100/2788
f 3093/3093/2781 3092/3092/2780 3106/3106/2794
f 3102/3102/2790 3106/3106/2794 3105/3105/2793
f 3102/3102/2790 3093/3093/2781 3106/3106/2794
f 3105/3105/2793 3106/3106/2794 3107/3107/2795
f 3108/3108/2796 3107/3107/2795 3106/3106/2794
f 3108/3108/2796 3109/3109/2797 3107/3107/2795
f 3110/3110/2798 3107/3107/2795 3109/3109/2797
f 3110/3110/2798 3111/3111/2799 3107/3107/2795
f 3112/3112/2800 3107/3107/2795 3111/3111/2799
f 3109/3109/2797 3113/3113/2801 3110/3110/2798
f 3109/3109/2797 3074/3074/2762 3113/3113/2801
f 3075/3073/2761 3113/3113/2801 3074/3074/2762
f 3114/3114/2802 3110/3110/2798 3113/3113/2801
f 3110/3110/2798 3114/3114/2802 3111/3111/2799
f 3115/3115/2803 3111/3111/2799 3114/3114/2802
f 3115/3115/2803 3116/3116/2804 3111/3111/2799
f 3117/3117/2805 3111/3111/2799 3116/3116/2804
f 3113/3113/2801 3118/3118/2806 3114/3114/2802
f 3113/3113/2801 3075/3073/2761 3118/3118/2806
f 3119/3119/2807 3114/3114/2802 3118/3118/2806
f 3115/3115/2803 3114/3114/2802 3119/3119/2807
f 3116/3116/2804 3120/3120/2808 3117/3117/2805
f 3120/3120/2808 3121/3121/2809 3117/3117/2805
f 3122/3122/2810 3119/3119/2807 3118/3118/2806
f 3123/3123/2811 3122/3122/2810 3118/3118/2806
f 3123/3123/2811 3118/3118/2806 3124/3124/2812
f 3125/3125/2813 3124/3124/2812 3118/3118/2806
f 3099/3099/2787 3122/3122/2810 3123/3123/2811
f 3126/3126/2814 3118/3118/2806 3075/3073/2761
f 3126/3126/2814 3075/3073/2761 3086/3086/2774
f 3127/3127/2815 3126/3126/2814 3086/3086/2774
f 3128/3128/2816 3127/3127/2815 3086/3086/2774
f 3126/3126/2814 3129/3129/2817 3118/3118/2806
f 3129/3129/2817 3130/3130/2818 3118/3118/2806
f 3099/3099/2787 3123/3123/2811 3103/3103/2791
f 3131/3131/2819 3103/3103/2791 3123/3123/2811
f 3121/3121/2809 3132/3132/2820 3117/3117/2805
f 3111/3111/2799 3117/3117/2805 3132/3132/2820
f 3111/3111/2799 3132/3132/2820 3133/3133/2821
f 3135/3134/2822 3079/3079/2767 3134/3135/2823
f 3085/3085/2773 3079/3079/2767 3135/3134/2822
f 3135/3134/2822 3089/3089/2777 3085/3085/2773
f 3138/3136/2824 3137/3137/2825 3136/3138/2826
f 3139/3139/2827 3136/3138/2826 3137/3137/2825
f 3137/3137/2825 3138/3136/2824 3140/3140/2828
f 3141/3141/2829 3140/3140/2828 3138/3136/2824
f 3140/3140/2828 3143/3142/2830 3142/3143/2831
f 3144/3144/2832 3142/3143/2831 3143/3142/2830
f 3144/3144/2832 3145/3145/2833 3142/3143/2831
f 3146/3146/2834 3142/3143/2831 3145/3145/2833
f 3148/3147/2768 3147/3148/2782 3144/3144/2832
f 3149/3149/2835 3144/3144/2832 3147/3148/2782
f 3150/3150/2836 3149/3149/2835 3147/3148/2782
f 3149/3149/2835 3150/3150/2836 3151/3151/2837
f 3149/3149/2835 3151/3151/2837 3144/3144/2832
f 3152/3152/2800 3144/3144/2832 3151/3151/2837
f 3154/3153/2838 3146/3146/2834 3153/3154/2839
f 3153/3154/2839 3155/3155/2840 3154/3153/2838
f 3156/3156/2841 3154/3153/2838 3155/3155/2840
f 3157/3157/2842 3153/3154/2839 3146/3146/2834
f 3158/3158/2843 3078/3078/2766 3094/3094/2782
f 3161/3159/2791 3160/3160/2844 3159/3161/2845
f 3163/3162/2846 3161/3159/2847 3162/3163/2819
f 3166/3164/2848 3165/3165/2849 3164/3166/2850
f 3076/3076/2764 3074/3074/2762 3167/3167/2851
f 3167/3167/2851 3081/3081/2769 3076/3076/2764
f 3167/3167/2851 3092/3092/2780 3081/3081/2769
f 3074/3074/2762 3109/3109/2797 3167/3167/2851
f 3108/3108/2796 3167/3167/2851 3109/3109/2797
f 3092/3092/2780 3167/3167/2851 3108/3108/2796
f 3092/3092/2780 3108/3108/2796 3106/3106/2794
f 3170/3168/2852 3169/3169/2853 3168/3170/2854
f 3105/3105/2793 3107/3107/2795 3171/3171/2837
f 3172/3172/2855 3171/3171/2837 3107/3107/2795
f 3171/3171/2837 3100/3100/2788 3105/3105/2793
f 3175/3173/2856 3174/3174/2857 3173/3175/2858
f 3178/3176/2859 3177/3177/2860 3176/3178/2861
f 3181/3179/2862 3180/3180/2863 3179/3181/2864
f 3183/3182/2865 3180/3180/2863 3182/3183/2866
f 3179/3181/2867 3185/3184/2868 3184/3185/2869
f 3182/3183/2870 3185/3184/2868 3186/3186/2871
f 3185/3184/2868 3187/3187/2872 3186/3186/2871
f 3187/3187/2873 3189/3188/2874 3188/3189/2875
f 3190/3190/2876 3188/3189/2875 3189/3188/2874
f 3189/3188/2874 3191/3191/2877 3190/3190/2876
f 3192/3192/2878 3190/3190/2876 3191/3191/2877
f 3192/3192/2878 3193/3193/2879 3190/3190/2876
f 3194/3194/2880 3190/3190/2876 3193/3193/2879
f 3190/3190/2876 3194/3194/2880 3195/3195/2881
f 3197/3196/2882 3196/3197/2883 3194/3194/2880
f 3199/3198/2884 3195/3195/2885 3198/3199/2886
f 3197/3196/2887 3198/3199/2886 3200/3200/2888
f 3198/3199/2886 3202/3201/2889 3201/3202/2890
f 3203/3203/2891 3201/3202/2890 3202/3201/2889
f 3205/3204/2892 3202/3201/2889 3204/3205/2893
f 3206/3206/2894 3204/3205/2893 3202/3201/2889
f 3206/3206/2895 3208/3207/2879 3207/3208/2896
f 3209/3209/2897 3207/3208/2896 3208/3207/2879
f 3212/3210/2898 3211/3211/2877 3210/3212/2899
f 3213/3213/2900 3210/3212/2899 3211/3211/2877
f 3213/3213/2901 3215/3214/2902 3214/3215/2903
f 3216/3216/2904 3214/3215/2903 3215/3214/2902
f 3215/3214/2905 3180/3180/2863 3217/3217/2906
f 3220/3218/2889 3219/3219/2886 3218/3220/2895
f 3221/3221/2879 3218/3220/2895 3219/3219/2886
f 3221/3221/2879 3219/3219/2886 3222/3222/2880
f 3223/3223/2907 3222/3222/2880 3219/3219/2886
f 3226/3224/2908 3225/3225/2909 3224/3226/2910
f 3226/3224/2908 3228/3227/2911 3227/3228/2912
f 3230/3229/2913 3224/3226/2914 3229/3230/2915
f 3230/3229/2913 3227/3228/2916 3231/3231/2917
f 3232/3232/2918 3230/3229/2913 3231/3231/2917
f 3232/3232/2919 3234/3233/2920 3233/3234/2921
f 3235/3235/2922 3233/3234/2921 3234/3233/2920
f 3233/3234/2921 3235/3235/2922 3236/3236/2923
f 3237/3237/2924 3236/3236/2923 3235/3235/2922
f 3237/3237/2924 3235/3235/2922 3238/3238/2925
f 3239/3239/2926 3238/3238/2925 3235/3235/2922
f 3235/3235/2922 3240/3240/2927 3239/3239/2926
f 3242/3241/2928 3239/3239/2926 3241/3242/2929
f 3242/3241/2930 3244/3243/2931 3243/3244/2932
f 3245/3245/2933 3243/3244/2932 3240/3240/2934
f 3243/3244/2932 3247/3246/2935 3246/3247/2936
f 3248/3248/2937 3246/3247/2936 3247/3246/2935
f 3250/3249/2938 3246/3247/2936 3249/3250/2939
f 3251/3251/2940 3249/3250/2939 3246/3247/2936
f 3250/3249/2941 3253/3252/2942 3252/3253/2925
f 3254/3254/2943 3252/3253/2925 3253/3252/2942
f 3257/3255/2944 3256/3256/2923 3255/3257/2945
f 3258/3258/2946 3255/3257/2945 3256/3256/2923
f 3257/3255/2947 3260/3259/2948 3259/3260/2949
f 3261/3261/2950 3259/3260/2949 3260/3259/2948
f 3226/3224/2908 3259/3260/2951 3262/3262/2952
f 3265/3263/2925 3264/3264/2932 3263/3265/2941
f 3266/3266/2936 3263/3265/2941 3264/3264/2932
f 3265/3263/2925 3267/3267/2926 3264/3264/2932
f 3268/3268/2953 3264/3264/2932 3267/3267/2926
f 3271/3269/2954 3270/3270/2955 3269/3271/2956
f 3271/3269/2954 3272/3272/2957 3270/3270/2955
f 3269/3271/2956 3273/3273/2958 3271/3269/2954
f 3274/3274/2959 3271/3269/2954 3273/3273/2958
f 3273/3273/2958 3269/3271/2956 3275/3275/2960
f 3276/3276/2961 3275/3275/2960 3269/3271/2956
f 3272/3272/2957 3271/3269/2954 3277/3277/2962
f 3278/3278/2963 3277/3277/2962 3271/3269/2954
f 3271/3269/2954 3274/3274/2959 3278/3278/2963
f 3277/3277/2962 3279/3279/2964 3272/3272/2957
f 3280/3280/2965 3272/3272/2957 3279/3279/2964
f 3272/3272/2957 3280/3280/2965 3281/3281/2966
f 3281/3281/2966 3282/3282/2967 3272/3272/2957
f 3283/3283/2968 3269/3271/2969 3282/3282/2970
f 3284/3284/2971 3281/3281/2966 3280/3280/2965
f 3285/3285/2972 3278/3278/2963 3274/3274/2959
f 3274/3274/2959 3273/3273/2958 3285/3285/2972
f 3275/3275/2960 3285/3285/2972 3273/3273/2958
f 3288/3286/2973 3287/3287/2974 3286/3288/2975
f 3287/3287/2974 3288/3286/2973 3289/3289/2976
f 3291/3290/2977 3288/3286/2973 3290/3291/2978
f 3288/3286/2973 3293/3292/2979 3292/3293/2980
f 3294/3294/2981 3292/3293/2980 3293/3292/2979
f 3294/3294/2981 3295/3295/2982 3292/3293/2980
f 3297/3296/2983 3296/3297/2984 3288/3286/2985
f 3298/3298/2986 3296/3297/2984 3297/3296/2983
f 3298/3298/2986 3299/3299/2987 3296/3297/2984
f 3300/3300/2988 3297/3296/2983 3288/3286/2985
f 3302/3301/2989 3288/3286/2973 3301/3302/2990
f 3302/3301/2989 3303/3303/2991 3288/3286/2973
f 3305/3304/2992 3298/3298/2986 3304/3305/2993
f 3304/3305/2993 3298/3298/2986 3306/3306/2994
f 3307/3307/2995 3306/3306/2994 3292/3293/2980
f 3292/3293/2980 3308/3308/2996 3307/3307/2995
f 3309/3309/2997 3308/3308/2996 3292/3293/2980
f 3312/3310/2998 3311/3311/2999 3310/3312/3000
f 3313/3313/3001 3312/3310/2998 3310/3312/3000
f 3313/3313/3001 3314/3314/3002 3312/3310/2998
f 3315/3315/3003 3312/3310/2998 3314/3314/3002
f 3312/3310/2998 3315/3315/3003 3316/3316/3004
f 3314/3314/3002 3313/3313/3001 3317/3317/3005
f 3318/3318/3006 3317/3317/3005 3313/3313/3001
f 3313/3313/3001 3319/3319/3007 3318/3318/3006
f 3310/3312/3000 3319/3319/3007 3313/3313/3001
f 3320/3320/3008 3318/3318/3006 3319/3319/3007
f 3319/3319/3007 3321/3321/3009 3320/3320/3008
f 3322/3322/3010 3320/3320/3008 3321/3321/3009
f 3311/3311/2999 3323/3323/3011 3310/3312/3000
f 3317/3317/3005 3324/3324/3012 3314/3314/3002
f 3315/3315/3003 3314/3314/3002 3325/3325/3013
f 3321/3321/3009 3319/3319/3007 3326/3326/3014
f 3319/3319/3007 3310/3312/3000 3326/3326/3014
f 3310/3312/3000 3327/3327/3015 3326/3326/3014
f 3328/3328/3016 3326/3326/3014 3327/3327/3015
f 3322/3322/3010 3321/3321/3009 3329/3329/3017
f 3330/3330/3018 3329/3329/3017 3321/3321/3009
f 3330/3330/3018 3321/3321/3009 3326/3326/3014
f 3329/3329/3017 3330/3330/3018 3331/3331/3019
f 3332/3332/3020 3331/3331/3019 3330/3330/3018
f 3331/3331/3019 3332/3332/3020 3333/3333/3021
f 3334/3334/3022 3333/3333/3021 3332/3332/3020
f 3332/3332/3020 3335/3335/3023 3334/3334/3022
f 3335/3335/3023 3332/3332/3020 3336/3336/3024
f 3330/3330/3018 3336/3336/3024 3332/3332/3020
f 3336/3336/3024 3330/3330/3018 3326/3326/3014
f 3337/3337/3025 3335/3335/3023 3336/3336/3024
f 3338/3338/3026 3334/3334/3022 3335/3335/3023
f 3335/3335/3023 3339/3339/3027 3338/3338/3026
f 3328/3328/3016 3340/3340/3028 3326/3326/3014
f 3336/3336/3024 3326/3326/3014 3340/3340/3028
f 3341/3341/3029 3337/3337/3025 3336/3336/3024
f 3338/3338/3026 3342/3342/3030 3334/3334/3022
f 3333/3333/3021 3334/3334/3022 3342/3342/3030
f 3344/3343/3031 3338/3338/3026 3343/3344/3032
f 3344/3343/3031 3345/3345/3033 3338/3338/3026
f 3346/3346/3034 3338/3338/3026 3345/3345/3033
f 3348/3347/2956 3347/3348/3035 3315/3315/3036
f 3348/3347/2956 3315/3315/3036 3349/3349/2961
f 3350/3350/3037 3349/3349/2961 3315/3315/3036
f 3353/3351/3038 3352/3352/3039 3351/3353/3040
f 3355/3354/3041 3351/3353/3031 3354/3355/3042
f 3355/3354/3041 3354/3355/3042 3356/3356/3043
f 3357/3357/3044 3356/3356/3043 3352/3352/3039
f 3356/3356/3043 3357/3357/3044 3358/3358/3045
f 3359/3359/3046 3358/3358/3045 3357/3357/3044
f 3351/3353/3031 3355/3354/3041 3360/3360/3047
f 3361/3361/3048 3360/3360/3047 3355/3354/3041
f 3360/3360/3047 3362/3362/3049 3351/3353/3031
f 3363/3363/3033 3351/3353/3031 3362/3362/3049
f 3356/3356/3043 3364/3364/3050 3355/3354/3041
f 3365/3365/3051 3355/3354/3041 3364/3364/3050
f 3355/3354/3041 3365/3365/3051 3361/3361/3048
f 3364/3364/3050 3356/3356/3043 3366/3366/3052
f 3358/3358/3045 3366/3366/3052 3356/3356/3043
f 3367/3367/3053 3361/3361/3048 3365/3365/3051
f 3362/3362/3049 3360/3360/3047 3367/3367/3053
f 3361/3361/3048 3367/3367/3053 3360/3360/3047
f 3369/3368/3054 3288/3286/2973 3368/3369/3055
o w03_201_0_Untitled.077
v 0.655425 2.041460 -0.017316
v 0.661875 2.059114 -0.025690
v 0.647201 2.050636 -0.037574
v 0.650240 2.065769 -0.010173
v 0.657030 2.075721 -0.032453
v 0.641605 2.058321 -0.047033
v 0.648907 2.113370 -0.050186
v 0.627161 2.059516 -0.046021
v 0.631854 2.005275 -0.016104
v 0.634160 2.008750 0.002387
v 0.619678 2.009572 0.003530
v 0.617378 2.006103 -0.014917
v 0.617378 2.006103 -0.014917
v 0.634513 2.114927 -0.049172
v 0.651212 2.116864 -0.031645
v 0.647094 2.066624 -0.002890
v 0.619678 2.009572 0.003530
v 0.632630 2.067848 -0.001768
v 0.636788 2.118401 -0.030693
v 0.636788 2.118401 -0.030693
v 0.634513 2.114927 -0.049172
v 0.524026 2.034559 -0.159540
v 0.510692 1.998880 -0.131535
v 0.516194 1.996035 -0.138787
v 0.518592 2.038279 -0.152739
v 0.546335 2.069106 -0.166710
v 0.541489 2.073550 -0.160062
v 0.543082 2.026714 -0.157509
v 0.556905 2.067721 -0.158125
v 0.541489 2.073550 -0.160062
v 0.552130 2.072153 -0.151409
v 0.526737 1.994688 -0.130224
v 0.510692 1.998880 -0.131535
v 0.521331 1.997502 -0.122888
v 0.550027 2.031172 -0.138432
v 0.552130 2.072153 -0.151409
v 0.545154 2.034833 -0.131167
v 0.521331 1.997502 -0.122888
v 0.573510 2.031847 -0.134824
v 0.562139 1.996320 -0.103906
v 0.569512 1.993808 -0.109929
v 0.566105 2.035242 -0.129380
v 0.583430 2.074021 -0.138010
v 0.590341 2.069835 -0.143338
v 0.593817 2.027785 -0.128763
v 0.599626 2.071166 -0.132907
v 0.592787 2.075336 -0.127520
v 0.583430 2.074021 -0.138010
v 0.578781 1.995165 -0.099529
v 0.571492 1.997668 -0.093413
v 0.562139 1.996320 -0.103906
v 0.596380 2.035123 -0.109196
v 0.592787 2.075336 -0.127520
v 0.589451 2.038598 -0.103189
v 0.571492 1.997668 -0.093413
v 0.603704 2.046017 -0.090302
v 0.603785 1.998509 -0.066110
v 0.613598 2.042096 -0.094300
v 0.593799 2.001408 -0.061457
v 0.633517 2.085953 -0.100737
v 0.624208 2.090806 -0.096791
v 0.634913 2.037411 -0.082000
v 0.641196 2.087693 -0.086713
v 0.624208 2.090806 -0.096791
v 0.631934 2.092546 -0.082664
v 0.611419 2.000228 -0.052130
v 0.593799 2.001408 -0.061457
v 0.601549 2.003148 -0.047332
v 0.632439 2.046348 -0.059792
v 0.631934 2.092546 -0.082664
v 0.622951 2.050364 -0.055063
v 0.601549 2.003148 -0.047332
v 0.526015 2.631323 -0.331820
v 0.563779 2.616995 -0.186491
v 0.545443 2.515459 -0.263784
v 0.559867 2.245849 -0.221257
v 0.579065 2.256759 -0.156879
v 0.547523 2.793680 -0.190403
v 0.527773 2.867042 -0.223470
v 0.469180 3.029348 -0.364087
v 0.497828 3.030042 -0.238851
v 0.589710 2.619420 -0.197955
v 0.551525 2.633932 -0.343068
v 0.571627 2.518116 -0.275234
v 0.545443 2.515459 -0.263784
v 0.526015 2.631323 -0.331820
v 0.611420 2.259442 -0.168443
v 0.585414 2.248510 -0.232817
v 0.559867 2.245849 -0.221257
v 0.469180 3.029348 -0.364087
v 0.494514 3.032723 -0.374043
v 0.559867 2.245849 -0.221257
v 0.579065 2.256759 -0.156879
v 0.552844 2.869694 -0.234704
v 0.573161 2.796046 -0.201827
v 0.547523 2.793680 -0.190403
v 0.527773 2.867042 -0.223470
v 0.523051 3.032609 -0.247003
v 0.497828 3.030042 -0.238851
v 0.497828 3.030042 -0.238851
v 0.469180 3.029348 -0.364087
v 0.526055 2.192729 0.039402
v 0.531375 2.202629 0.033627
v 0.542554 2.195918 0.046242
v 0.543240 2.206378 0.031434
v 0.554701 2.201780 0.034108
v 0.559044 2.191528 0.040082
v 0.553725 2.181628 0.045857
v 0.541860 2.177879 0.048050
v 0.530399 2.182477 0.045376
v 0.520750 2.186556 0.028373
v 0.527777 2.199636 0.020743
v 0.543455 2.204590 0.017845
v 0.558599 2.198515 0.021378
v 0.564337 2.184969 0.029272
v 0.557310 2.171888 0.036902
v 0.541631 2.166935 0.039799
v 0.526488 2.173010 0.036267
v -0.655425 2.041460 -0.017316
v -0.647201 2.050636 -0.037574
v -0.661875 2.059114 -0.025690
v -0.650240 2.065769 -0.010173
v -0.657030 2.075721 -0.032453
v -0.641605 2.058321 -0.047033
v -0.648907 2.113370 -0.050186
v -0.627161 2.059516 -0.046021
v -0.631854 2.005275 -0.016104
v -0.634160 2.008750 0.002387
v -0.619678 2.009572 0.003530
v -0.617378 2.006103 -0.014917
v -0.617378 2.006103 -0.014917
v -0.634513 2.114927 -0.049172
v -0.651212 2.116864 -0.031645
v -0.647094 2.066624 -0.002890
v -0.619678 2.009572 0.003530
v -0.632630 2.067848 -0.001768
v -0.636788 2.118401 -0.030693
v -0.636788 2.118401 -0.030693
v -0.634513 2.114927 -0.049172
v -0.524026 2.034559 -0.159540
v -0.510692 1.998880 -0.131535
v -0.518592 2.038279 -0.152739
v -0.516194 1.996035 -0.138787
v -0.546335 2.069106 -0.166710
v -0.541489 2.073550 -0.160062
v -0.543082 2.026714 -0.157509
v -0.556905 2.067721 -0.158125
v -0.541489 2.073550 -0.160062
v -0.552130 2.072153 -0.151409
v -0.526737 1.994688 -0.130224
v -0.510692 1.998880 -0.131535
v -0.521331 1.997502 -0.122888
v -0.550027 2.031172 -0.138432
v -0.552130 2.072153 -0.151409
v -0.545154 2.034833 -0.131167
v -0.521331 1.997502 -0.122888
v -0.573510 2.031847 -0.134824
v -0.562139 1.996320 -0.103906
v -0.566105 2.035242 -0.129380
v -0.569512 1.993808 -0.109929
v -0.583430 2.074021 -0.138010
v -0.590341 2.069835 -0.143338
v -0.593817 2.027785 -0.128763
v -0.599626 2.071166 -0.132907
v -0.592787 2.075336 -0.127520
v -0.583430 2.074021 -0.138010
v -0.578781 1.995165 -0.099529
v -0.571492 1.997668 -0.093413
v -0.562139 1.996320 -0.103906
v -0.596380 2.035123 -0.109196
v -0.592787 2.075336 -0.127520
v -0.589451 2.038598 -0.103189
v -0.571492 1.997668 -0.093413
v -0.603704 2.046017 -0.090302
v -0.603785 1.998509 -0.066110
v -0.593799 2.001408 -0.061457
v -0.613598 2.042096 -0.094300
v -0.633517 2.085953 -0.100737
v -0.624208 2.090806 -0.096791
v -0.634913 2.037411 -0.082000
v -0.641196 2.087693 -0.086713
v -0.624208 2.090806 -0.096791
v -0.631934 2.092546 -0.082664
v -0.611419 2.000228 -0.052130
v -0.593799 2.001408 -0.061457
v -0.601549 2.003148 -0.047332
v -0.632439 2.046348 -0.059792
v -0.631934 2.092546 -0.082664
v -0.622951 2.050364 -0.055063
v -0.601549 2.003148 -0.047332
v -0.526015 2.631323 -0.331820
v -0.545443 2.515459 -0.263784
v -0.563779 2.616995 -0.186491
v -0.559867 2.245849 -0.221257
v -0.579065 2.256759 -0.156879
v -0.547523 2.793680 -0.190403
v -0.527773 2.867042 -0.223470
v -0.469180 3.029348 -0.364087
v -0.497828 3.030042 -0.238851
v -0.589710 2.619420 -0.197955
v -0.571627 2.518116 -0.275234
v -0.551525 2.633932 -0.343068
v -0.545443 2.515459 -0.263784
v -0.526015 2.631323 -0.331820
v -0.611420 2.259442 -0.168443
v -0.585414 2.248510 -0.232817
v -0.559867 2.245849 -0.221257
v -0.469180 3.029348 -0.364087
v -0.494514 3.032723 -0.374043
v -0.559867 2.245849 -0.221257
v -0.579065 2.256759 -0.156879
v -0.552844 2.869694 -0.234704
v -0.573161 2.796046 -0.201827
v -0.547523 2.793680 -0.190403
v -0.527773 2.867042 -0.223470
v -0.523051 3.032609 -0.247003
v -0.497828 3.030042 -0.238851
v -0.497828 3.030042 -0.238851
v -0.469180 3.029348 -0.364087
v -0.526055 2.192729 0.039402
v -0.542554 2.195918 0.046242
v -0.531375 2.202629 0.033627
v -0.543240 2.206378 0.031434
v -0.554701 2.201780 0.034108
v -0.559044 2.191528 0.040082
v -0.553725 2.181628 0.045857
v -0.541860 2.177879 0.048050
v -0.530399 2.182477 0.045376
v -0.520750 2.186556 0.028373
v -0.527777 2.199636 0.020743
v -0.543455 2.204590 0.017845
v -0.558599 2.198515 0.021378
v -0.564337 2.184969 0.029272
v -0.557310 2.171888 0.036902
v -0.541631 2.166935 0.039799
v -0.526488 2.173010 0.036267
v -0.535044 2.125476 -0.161841
v -0.516739 2.124652 -0.109519
v -0.551705 2.177952 -0.157679
v -0.509409 2.066261 -0.120317
v -0.634072 2.130407 -0.107158
v -0.633785 2.182481 -0.111936
v -0.618580 2.184044 -0.021249
v -0.623062 2.128934 -0.006672
v -0.634193 2.065175 -0.024703
v -0.621460 2.243870 -0.048871
v -0.635595 2.244079 -0.121492
v -0.562437 2.241498 -0.158842
v -0.529405 2.239826 -0.086680
v -0.524582 2.173035 -0.074229
v -0.544829 2.128035 -0.069985
v -0.557548 2.123066 -0.022278
v -0.586735 2.057754 -0.046867
v -0.544789 2.066868 -0.084623
v -0.573738 2.125526 0.008908
v -0.619731 2.067168 0.015741
v -0.591198 2.063318 0.008537
v -0.541194 2.133374 0.004526
v -0.578362 1.993565 0.033840
v -0.603071 1.989536 0.039463
v -0.559193 1.921283 0.074872
v -0.613187 1.977838 0.011531
v -0.565740 1.916925 0.052813
v -0.539443 1.902190 0.082722
v -0.546323 1.918345 0.044322
v -0.581423 1.985506 0.004742
v -0.601074 2.055098 -0.029680
v -0.539191 1.929094 0.068399
v -0.539443 1.902190 0.082722
v -0.530723 1.900490 0.059707
v -0.517222 2.089747 0.042232
v -0.515228 2.186653 -0.003492
v -0.541194 2.133374 0.004526
v -0.560240 2.241581 -0.027053
v -0.515228 2.186653 -0.003492
v -0.484086 2.105105 0.040994
v -0.471378 2.054832 0.076729
v -0.496667 2.051124 0.085313
v -0.476740 2.047360 0.099853
v -0.601074 2.055098 -0.029680
v -0.621823 2.065853 -0.074538
v -0.595330 2.055064 -0.119800
v -0.588013 2.053636 -0.077302
v -0.538524 1.978039 -0.048815
v -0.549204 2.057465 -0.145490
v -0.515632 2.060823 -0.149719
v -0.483718 1.989945 -0.122773
v -0.511599 1.974377 -0.121408
v -0.484471 1.999576 -0.099855
v -0.540638 2.052972 -0.116968
v -0.452012 1.942238 -0.088629
v -0.472870 1.931245 -0.083978
v -0.499202 1.986273 -0.092748
v -0.462478 1.945322 -0.063271
v -0.444358 1.952604 -0.069821
v -0.442639 1.926307 -0.075252
v -0.499202 1.986273 -0.092748
v -0.540638 2.052972 -0.116968
v -0.462478 1.945322 -0.063271
v -0.540638 2.052972 -0.116968
v -0.447087 1.930246 -0.054572
v -0.447087 1.930246 -0.054572
v -0.447087 1.930246 -0.054572
v -0.447087 1.930246 -0.054572
v -0.540638 2.052972 -0.116968
v -0.523892 1.978360 -0.086221
v -0.515284 1.990507 -0.059304
v -0.588013 2.053636 -0.077302
v -0.538524 1.978039 -0.048815
v -0.464929 1.905816 -0.039594
v -0.449455 1.911925 -0.010121
v -0.478229 1.909512 -0.006617
v -0.445938 1.883682 -0.024403
v -0.456772 1.886237 0.004142
v -0.588013 2.053636 -0.077302
v -0.547848 1.981061 -0.042136
v -0.555513 1.984275 -0.020494
v -0.588013 2.053636 -0.077302
v -0.601074 2.055098 -0.029680
v -0.494929 1.896918 0.005348
v -0.494375 1.901353 0.028362
v -0.578775 1.980724 -0.012486
v -0.509013 1.900428 0.037743
v -0.488077 1.877573 0.046585
v -0.601074 2.055098 -0.029680
v -0.494929 1.896918 0.005348
v -0.478290 1.876320 0.024860
v -0.601074 2.055098 -0.029680
v -0.601074 2.055098 -0.029680
v -0.591198 2.063318 0.008537
v -0.581423 1.985506 0.004742
v -0.578362 1.993565 0.033840
v -0.546323 1.918345 0.044322
v -0.539191 1.929094 0.068399
v -0.530723 1.900490 0.059707
v -0.573738 2.125526 0.008908
v -0.539443 1.902190 0.082722
v -0.530723 1.900490 0.059707
v -0.588013 2.053636 -0.077302
v -0.585650 1.967844 -0.042004
v -0.547848 1.981061 -0.042136
v -0.494929 1.896918 0.005348
v -0.578775 1.980724 -0.012486
v -0.601074 2.055098 -0.029680
v -0.509013 1.900428 0.037743
v -0.520140 1.891502 0.011646
v -0.494929 1.896918 0.005348
v -0.478290 1.876320 0.024860
v -0.488077 1.877573 0.046585
v -0.488077 1.877573 0.046585
v -0.478290 1.876320 0.024860
v -0.560240 2.241581 -0.027053
v -0.515228 2.186653 -0.003492
v -0.543290 2.195618 0.023538
v -0.488030 2.128528 0.070153
v -0.525175 2.106264 0.068843
v -0.473894 2.070149 0.097125
v -0.498508 2.063318 0.098652
v -0.496667 2.051124 0.085313
v -0.517222 2.089747 0.042232
v -0.541194 2.133374 0.004526
v -0.471378 2.054832 0.076729
v -0.484086 2.105105 0.040994
v -0.572162 2.167452 0.028723
v -0.541194 2.133374 0.004526
v -0.476740 2.047360 0.099853
v -0.515228 2.186653 -0.003492
v -0.540638 2.052972 -0.116968
v -0.523892 1.978360 -0.086221
v -0.559838 1.967890 -0.086374
v -0.464929 1.905816 -0.039594
v -0.595330 2.055064 -0.119800
v -0.559838 1.967890 -0.086374
v -0.485877 1.889026 -0.030039
v -0.478229 1.909512 -0.006617
v -0.456772 1.886237 0.004142
v -0.445938 1.883682 -0.024403
v -0.540638 2.052972 -0.116968
v -0.559838 1.967890 -0.086374
v -0.595330 2.055064 -0.119800
v -0.478290 1.876320 0.024860
v -0.488077 1.877573 0.046585
v -0.591749 2.831313 -0.037824
v -0.586821 2.946954 -0.143701
v -0.550777 2.946085 -0.048848
v -0.626210 2.832553 -0.147627
v -0.521429 2.826540 -0.195721
v -0.498235 2.939925 -0.188123
v -0.463086 2.825305 -0.109918
v -0.456559 2.936774 -0.108186
v -0.617921 2.716573 -0.029614
v -0.652252 2.718137 -0.152254
v -0.541117 2.713302 -0.204288
v -0.475750 2.715219 -0.111744
v -0.539903 2.713408 -0.021862
v -0.556929 2.593794 -0.019908
v -0.508197 2.597054 -0.110989
v -0.475750 2.715219 -0.111744
v -0.623009 2.596214 -0.029349
v -0.531945 2.461343 -0.105046
v -0.566433 2.461357 -0.037541
v -0.572396 2.371712 -0.042609
v -0.612377 2.373397 -0.054924
v -0.614664 2.464590 -0.048791
v -0.639797 2.373858 -0.133636
v -0.645632 2.465046 -0.142915
v -0.569404 2.460959 -0.186033
v -0.570403 2.371426 -0.172291
v -0.531945 2.461343 -0.105046
v -0.536349 2.371393 -0.098874
v -0.536349 2.371393 -0.098874
v -0.565694 2.282066 -0.037807
v -0.536823 2.281442 -0.092943
v -0.560240 2.241581 -0.027053
v -0.529405 2.239826 -0.086680
v -0.621460 2.243870 -0.048871
v -0.617437 2.282203 -0.051045
v -0.635595 2.244079 -0.121492
v -0.636900 2.282670 -0.124120
v -0.562437 2.241498 -0.158842
v -0.563882 2.281894 -0.162519
v -0.536823 2.281442 -0.092943
v -0.529405 2.239826 -0.086680
v -0.539443 1.902190 0.082722
v -0.530723 1.900490 0.059707
v -0.655242 2.597652 -0.151791
v -0.558655 2.593633 -0.204036
v -0.508197 2.597054 -0.110989
v -0.520157 2.826711 -0.029771
v -0.463086 2.825305 -0.109918
v -0.496801 2.940210 -0.035921
v -0.456559 2.936774 -0.108186
v 0.535044 2.125476 -0.161841
v 0.551705 2.177952 -0.157679
v 0.516739 2.124652 -0.109519
v 0.509409 2.066261 -0.120317
v 0.634072 2.130407 -0.107158
v 0.633785 2.182481 -0.111936
v 0.618580 2.184044 -0.021249
v 0.623062 2.128934 -0.006672
v 0.634193 2.065175 -0.024703
v 0.621460 2.243870 -0.048871
v 0.635595 2.244079 -0.121492
v 0.562437 2.241498 -0.158842
v 0.529405 2.239826 -0.086680
v 0.524582 2.173035 -0.074229
v 0.544829 2.128035 -0.069985
v 0.557548 2.123066 -0.022278
v 0.586735 2.057754 -0.046867
v 0.544789 2.066868 -0.084623
v 0.573738 2.125526 0.008908
v 0.619731 2.067168 0.015741
v 0.591198 2.063318 0.008537
v 0.541194 2.133374 0.004526
v 0.578362 1.993565 0.033840
v 0.603071 1.989536 0.039463
v 0.559193 1.921283 0.074872
v 0.613187 1.977838 0.011531
v 0.565740 1.916925 0.052813
v 0.539443 1.902190 0.082722
v 0.546323 1.918345 0.044322
v 0.581423 1.985506 0.004742
v 0.601074 2.055098 -0.029680
v 0.539191 1.929094 0.068399
v 0.539443 1.902190 0.082722
v 0.530723 1.900490 0.059707
v 0.515228 2.186653 -0.003492
v 0.517222 2.089747 0.042232
v 0.541194 2.133374 0.004526
v 0.560240 2.241581 -0.027053
v 0.515228 2.186653 -0.003492
v 0.484086 2.105105 0.040994
v 0.471378 2.054832 0.076729
v 0.496667 2.051124 0.085313
v 0.476740 2.047360 0.099853
v 0.601074 2.055098 -0.029680
v 0.621823 2.065853 -0.074538
v 0.585650 1.967844 -0.042004
v 0.578775 1.980724 -0.012486
v 0.601074 2.055098 -0.029680
v 0.588013 2.053636 -0.077302
v 0.547848 1.981061 -0.042136
v 0.494929 1.896918 0.005348
v 0.509013 1.900428 0.037743
v 0.520140 1.891502 0.011646
v 0.494929 1.896918 0.005348
v 0.478290 1.876320 0.024860
v 0.488077 1.877573 0.046585
v 0.595330 2.055064 -0.119800
v 0.588013 2.053636 -0.077302
v 0.538524 1.978039 -0.048815
v 0.549204 2.057465 -0.145490
v 0.515632 2.060823 -0.149719
v 0.483718 1.989945 -0.122773
v 0.511599 1.974377 -0.121408
v 0.484471 1.999576 -0.099855
v 0.540638 2.052972 -0.116968
v 0.452012 1.942238 -0.088629
v 0.472870 1.931245 -0.083978
v 0.499202 1.986273 -0.092748
v 0.462478 1.945322 -0.063271
v 0.444358 1.952604 -0.069821
v 0.442639 1.926307 -0.075252
v 0.499202 1.986273 -0.092748
v 0.540638 2.052972 -0.116968
v 0.462478 1.945322 -0.063271
v 0.540638 2.052972 -0.116968
v 0.447087 1.930246 -0.054572
v 0.447087 1.930246 -0.054572
v 0.447087 1.930246 -0.054572
v 0.447087 1.930246 -0.054572
v 0.540638 2.052972 -0.116968
v 0.523892 1.978360 -0.086221
v 0.515284 1.990507 -0.059304
v 0.588013 2.053636 -0.077302
v 0.538524 1.978039 -0.048815
v 0.464929 1.905816 -0.039594
v 0.449455 1.911925 -0.010121
v 0.478229 1.909512 -0.006617
v 0.445938 1.883682 -0.024403
v 0.456772 1.886237 0.004142
v 0.588013 2.053636 -0.077302
v 0.547848 1.981061 -0.042136
v 0.588013 2.053636 -0.077302
v 0.555513 1.984275 -0.020494
v 0.601074 2.055098 -0.029680
v 0.494929 1.896918 0.005348
v 0.578775 1.980724 -0.012486
v 0.494375 1.901353 0.028362
v 0.509013 1.900428 0.037743
v 0.488077 1.877573 0.046585
v 0.601074 2.055098 -0.029680
v 0.494929 1.896918 0.005348
v 0.478290 1.876320 0.024860
v 0.601074 2.055098 -0.029680
v 0.601074 2.055098 -0.029680
v 0.591198 2.063318 0.008537
v 0.581423 1.985506 0.004742
v 0.578362 1.993565 0.033840
v 0.546323 1.918345 0.044322
v 0.539191 1.929094 0.068399
v 0.530723 1.900490 0.059707
v 0.573738 2.125526 0.008908
v 0.539443 1.902190 0.082722
v 0.530723 1.900490 0.059707
v 0.560240 2.241581 -0.027053
v 0.543290 2.195618 0.023538
v 0.515228 2.186653 -0.003492
v 0.488030 2.128528 0.070153
v 0.525175 2.106264 0.068843
v 0.473894 2.070149 0.097125
v 0.498508 2.063318 0.098652
v 0.496667 2.051124 0.085313
v 0.517222 2.089747 0.042232
v 0.541194 2.133374 0.004526
v 0.471378 2.054832 0.076729
v 0.484086 2.105105 0.040994
v 0.572162 2.167452 0.028723
v 0.541194 2.133374 0.004526
v 0.476740 2.047360 0.099853
v 0.515228 2.186653 -0.003492
v 0.540638 2.052972 -0.116968
v 0.523892 1.978360 -0.086221
v 0.464929 1.905816 -0.039594
v 0.559838 1.967890 -0.086374
v 0.595330 2.055064 -0.119800
v 0.559838 1.967890 -0.086374
v 0.485877 1.889026 -0.030039
v 0.478229 1.909512 -0.006617
v 0.456772 1.886237 0.004142
v 0.445938 1.883682 -0.024403
v 0.540638 2.052972 -0.116968
v 0.595330 2.055064 -0.119800
v 0.559838 1.967890 -0.086374
v 0.488077 1.877573 0.046585
v 0.478290 1.876320 0.024860
v 0.488077 1.877573 0.046585
v 0.478290 1.876320 0.024860
v 0.591749 2.831313 -0.037824
v 0.586821 2.946954 -0.143701
v 0.626210 2.832553 -0.147627
v 0.550777 2.946085 -0.048848
v 0.521429 2.826540 -0.195721
v 0.498235 2.939925 -0.188123
v 0.463086 2.825305 -0.109918
v 0.456559 2.936774 -0.108186
v 0.617921 2.716573 -0.029614
v 0.652252 2.718137 -0.152254
v 0.541117 2.713302 -0.204288
v 0.475750 2.715219 -0.111744
v 0.539903 2.713408 -0.021862
v 0.556929 2.593794 -0.019908
v 0.508197 2.597054 -0.110989
v 0.475750 2.715219 -0.111744
v 0.623009 2.596214 -0.029349
v 0.531945 2.461343 -0.105046
v 0.566433 2.461357 -0.037541
v 0.572396 2.371712 -0.042609
v 0.612377 2.373397 -0.054924
v 0.614664 2.464590 -0.048791
v 0.639797 2.373858 -0.133636
v 0.645632 2.465046 -0.142915
v 0.569404 2.460959 -0.186033
v 0.570403 2.371426 -0.172291
v 0.531945 2.461343 -0.105046
v 0.536349 2.371393 -0.098874
v 0.536349 2.371393 -0.098874
v 0.565694 2.282066 -0.037807
v 0.536823 2.281442 -0.092943
v 0.560240 2.241581 -0.027053
v 0.529405 2.239826 -0.086680
v 0.621460 2.243870 -0.048871
v 0.617437 2.282203 -0.051045
v 0.635595 2.244079 -0.121492
v 0.636900 2.282670 -0.124120
v 0.562437 2.241498 -0.158842
v 0.563882 2.281894 -0.162519
v 0.536823 2.281442 -0.092943
v 0.529405 2.239826 -0.086680
v 0.539443 1.902190 0.082722
v 0.530723 1.900490 0.059707
v 0.655242 2.597652 -0.151791
v 0.558655 2.593633 -0.204036
v 0.508197 2.597054 -0.110989
v 0.520157 2.826711 -0.029771
v 0.463086 2.825305 -0.109918
v 0.496801 2.940210 -0.035921
v 0.456559 2.936774 -0.108186
vt 0.9481 0.0588
vt 0.9612 0.0580
vt 0.9616 0.0666
vt 0.9748 0.0576
vt 0.9612 0.0494
vt 0.9427 0.0583
vt 0.9536 0.0216
vt 0.9341 0.0584
vt 0.9562 0.0962
vt 0.9689 0.0958
vt 0.9692 0.1053
vt 0.9568 0.1057
vt 0.9469 0.0991
vt 0.9440 0.0193
vt 0.9663 0.0211
vt 0.9798 0.0569
vt 0.9785 0.0979
vt 0.9885 0.0565
vt 0.9755 0.0184
vt 0.9658 0.0117
vt 0.9533 0.0121
vt 0.9570 0.1886
vt 0.9500 0.1903
vt 0.9474 0.1564
vt 0.9409 0.1564
vt 0.9562 0.1258
vt 0.9491 0.1243
vt 0.9619 0.1575
vt 0.9670 0.1257
vt 0.9566 0.1188
vt 0.9664 0.1187
vt 0.9678 0.1885
vt 0.9576 0.1956
vt 0.9674 0.1955
vt 0.9766 0.1560
vt 0.9741 0.1238
vt 0.9830 0.1559
vt 0.9749 0.1900
vt 0.9569 0.1884
vt 0.9499 0.1902
vt 0.9475 0.1563
vt 0.9410 0.1562
vt 0.9491 0.1241
vt 0.9563 0.1258
vt 0.9621 0.1573
vt 0.9671 0.1257
vt 0.9666 0.1187
vt 0.9568 0.1187
vt 0.9677 0.1883
vt 0.9673 0.1954
vt 0.9575 0.1955
vt 0.9766 0.1560
vt 0.9741 0.1239
vt 0.9830 0.1559
vt 0.9747 0.1900
vt 0.9474 0.1564
vt 0.9569 0.1887
vt 0.9409 0.1564
vt 0.9497 0.1905
vt 0.9562 0.1259
vt 0.9491 0.1241
vt 0.9620 0.1576
vt 0.9671 0.1257
vt 0.9566 0.1188
vt 0.9665 0.1186
vt 0.9677 0.1886
vt 0.9574 0.1958
vt 0.9673 0.1958
vt 0.9765 0.1562
vt 0.9741 0.1239
vt 0.9831 0.1561
vt 0.9748 0.1902
vt 0.4660 0.4915
vt 0.4902 0.4632
vt 0.5033 0.5022
vt 0.3888 0.4861
vt 0.3891 0.4673
vt 0.5399 0.4588
vt 0.5637 0.4624
vt 0.6147 0.5029
vt 0.6096 0.4648
vt 0.4660 0.4915
vt 0.5033 0.5022
vt 0.4902 0.4632
vt 0.4646 0.4988
vt 0.5026 0.5085
vt 0.3891 0.4673
vt 0.3888 0.4861
vt 0.3880 0.4922
vt 0.6160 0.5119
vt 0.6147 0.5029
vt 0.3823 0.4857
vt 0.3827 0.4666
vt 0.5637 0.4624
vt 0.5399 0.4588
vt 0.5413 0.4510
vt 0.5640 0.4546
vt 0.6096 0.4648
vt 0.6098 0.4567
vt 0.6169 0.4641
vt 0.6224 0.5019
vt 0.5615 0.8895
vt 0.5460 0.8783
vt 0.5614 0.8783
vt 0.5401 0.8783
vt 0.5473 0.8783
vt 0.5633 0.8782
vt 0.5787 0.8782
vt 0.5846 0.8782
vt 0.5774 0.8782
vt 0.5614 0.8594
vt 0.5410 0.8595
vt 0.5333 0.8595
vt 0.5427 0.8595
vt 0.5639 0.8594
vt 0.5843 0.8593
vt 0.5920 0.8593
vt 0.5825 0.8593
vt 0.9612 0.0580
vt 0.9481 0.0588
vt 0.9616 0.0666
vt 0.9748 0.0576
vt 0.9612 0.0494
vt 0.9427 0.0583
vt 0.9536 0.0216
vt 0.9341 0.0584
vt 0.9562 0.0962
vt 0.9689 0.0958
vt 0.9692 0.1053
vt 0.9568 0.1057
vt 0.9469 0.0991
vt 0.9440 0.0193
vt 0.9663 0.0211
vt 0.9798 0.0569
vt 0.9785 0.0979
vt 0.9885 0.0565
vt 0.9755 0.0184
vt 0.9658 0.0117
vt 0.9533 0.0121
vt 0.9409 0.1564
vt 0.9500 0.1903
vt 0.9474 0.1564
vt 0.9570 0.1886
vt 0.9562 0.1258
vt 0.9491 0.1243
vt 0.9619 0.1575
vt 0.9670 0.1257
vt 0.9566 0.1188
vt 0.9664 0.1187
vt 0.9678 0.1885
vt 0.9576 0.1956
vt 0.9674 0.1955
vt 0.9766 0.1560
vt 0.9741 0.1238
vt 0.9830 0.1559
vt 0.9749 0.1900
vt 0.9410 0.1562
vt 0.9499 0.1902
vt 0.9475 0.1563
vt 0.9569 0.1884
vt 0.9491 0.1241
vt 0.9563 0.1258
vt 0.9621 0.1573
vt 0.9671 0.1257
vt 0.9666 0.1187
vt 0.9568 0.1187
vt 0.9677 0.1883
vt 0.9673 0.1954
vt 0.9575 0.1955
vt 0.9766 0.1560
vt 0.9741 0.1239
vt 0.9830 0.1559
vt 0.9747 0.1900
vt 0.9497 0.1905
vt 0.9569 0.1887
vt 0.9409 0.1564
vt 0.9474 0.1564
vt 0.9562 0.1259
vt 0.9491 0.1241
vt 0.9620 0.1576
vt 0.9671 0.1257
vt 0.9566 0.1188
vt 0.9665 0.1186
vt 0.9677 0.1886
vt 0.9574 0.1958
vt 0.9673 0.1958
vt 0.9765 0.1562
vt 0.9741 0.1239
vt 0.9831 0.1561
vt 0.9748 0.1902
vt 0.4902 0.4632
vt 0.4660 0.4915
vt 0.5033 0.5022
vt 0.3888 0.4861
vt 0.3891 0.4673
vt 0.5399 0.4588
vt 0.5637 0.4624
vt 0.6147 0.5029
vt 0.6096 0.4648
vt 0.5033 0.5022
vt 0.4660 0.4915
vt 0.4902 0.4632
vt 0.4646 0.4988
vt 0.5026 0.5085
vt 0.3891 0.4673
vt 0.3888 0.4861
vt 0.3880 0.4922
vt 0.6160 0.5119
vt 0.6147 0.5029
vt 0.3823 0.4857
vt 0.3827 0.4666
vt 0.5637 0.4624
vt 0.5399 0.4588
vt 0.5413 0.4510
vt 0.5640 0.4546
vt 0.6096 0.4648
vt 0.6098 0.4567
vt 0.6169 0.4641
vt 0.6224 0.5019
vt 0.5460 0.8783
vt 0.5615 0.8895
vt 0.5614 0.8783
vt 0.5401 0.8783
vt 0.5473 0.8783
vt 0.5633 0.8782
vt 0.5787 0.8782
vt 0.5846 0.8782
vt 0.5774 0.8782
vt 0.5614 0.8594
vt 0.5410 0.8595
vt 0.5333 0.8595
vt 0.5427 0.8595
vt 0.5639 0.8594
vt 0.5843 0.8593
vt 0.5920 0.8593
vt 0.5825 0.8593
vt 0.9565 0.8379
vt 0.9315 0.8201
vt 0.9362 0.8401
vt 0.9118 0.8295
vt 0.9487 0.8761
vt 0.9642 0.8724
vt 0.9638 0.9079
vt 0.9506 0.9114
vt 0.9324 0.9080
vt 0.9882 0.9042
vt 0.9882 0.8709
vt 0.9882 0.8438
vt 0.9882 0.8055
vt 0.9518 0.7968
vt 0.9283 0.7993
vt 0.9287 0.7726
vt 0.9010 0.7845
vt 0.9090 0.8100
vt 0.9517 0.9360
vt 0.9340 0.9211
vt 0.9397 0.9368
vt 0.9422 0.7566
vt 0.9207 0.9505
vt 0.9152 0.9400
vt 0.8979 0.9633
vt 0.9123 0.9321
vt 0.8954 0.9560
vt 0.8922 0.9694
vt 0.8900 0.9551
vt 0.9053 0.9306
vt 0.9186 0.9069
vt 0.9020 0.9690
vt 0.8922 0.9694
vt 0.8861 0.9638
vt 0.9637 0.7566
vt 0.9355 0.7283
vt 0.9422 0.7566
vt 0.9882 0.7566
vt 0.9461 0.7264
vt 0.9637 0.7566
vt 0.9426 0.7071
vt 0.9345 0.7082
vt 0.9383 0.7010
vt 0.9272 0.8893
vt 0.9186 0.9069
vt 0.9205 0.8707
vt 0.9141 0.8845
vt 0.8884 0.8919
vt 0.9158 0.8546
vt 0.9130 0.8410
vt 0.8851 0.8402
vt 0.8864 0.8494
vt 0.8834 0.8302
vt 0.9088 0.8208
vt 0.8607 0.8416
vt 0.8636 0.8486
vt 0.8821 0.8596
vt 0.8597 0.8569
vt 0.8559 0.8361
vt 0.8537 0.8438
vt 0.8812 0.8240
vt 0.9088 0.8208
vt 0.8468 0.8278
vt 0.9058 0.8638
vt 0.8474 0.8422
vt 0.8474 0.8422
vt 0.8526 0.8536
vt 0.8526 0.8536
vt 0.9088 0.8208
vt 0.8845 0.8192
vt 0.8826 0.8092
vt 0.8973 0.7984
vt 0.8822 0.7989
vt 0.8517 0.8175
vt 0.8450 0.8108
vt 0.8475 0.8035
vt 0.8382 0.8177
vt 0.8359 0.8086
vt 0.8973 0.7984
vt 0.8662 0.7832
vt 0.8650 0.7943
vt 0.8973 0.7984
vt 0.8989 0.7701
vt 0.8242 0.7880
vt 0.8681 0.7747
vt 0.8224 0.7819
vt 0.8224 0.7768
vt 0.8102 0.7799
vt 0.8989 0.7701
vt 0.8242 0.7880
vt 0.8124 0.7877
vt 0.8989 0.7701
vt 0.9035 0.7566
vt 0.8989 0.7701
vt 0.8788 0.7686
vt 0.8746 0.7566
vt 0.8444 0.7666
vt 0.8418 0.7566
vt 0.8333 0.7649
vt 0.9288 0.7566
vt 0.8333 0.7649
vt 0.8300 0.7566
vt 0.8877 0.9003
vt 0.8966 0.9065
vt 0.9141 0.8845
vt 0.8622 0.9258
vt 0.8975 0.9137
vt 0.9186 0.9069
vt 0.8690 0.9369
vt 0.8684 0.9282
vt 0.8622 0.9258
vt 0.8557 0.9348
vt 0.8601 0.9413
vt 0.8557 0.9348
vt 0.8601 0.9413
vt 0.9771 0.9403
vt 0.9882 0.9481
vt 0.9882 0.9226
vt 0.9707 0.9736
vt 0.9606 0.9728
vt 0.9682 0.9882
vt 0.9634 0.9869
vt 0.9618 0.9887
vt 0.9542 0.9740
vt 0.9521 0.9509
vt 0.9731 0.9913
vt 0.9798 0.9777
vt 0.9657 0.9377
vt 0.9521 0.9509
vt 0.9673 0.9923
vt 0.9882 0.9481
vt 0.8843 0.8753
vt 0.9058 0.8638
vt 0.8558 0.8957
vt 0.8913 0.8802
vt 0.9205 0.8707
vt 0.8596 0.9008
vt 0.8913 0.8802
vt 0.8625 0.9082
vt 0.8536 0.9126
vt 0.8483 0.9044
vt 0.9058 0.8638
vt 0.9205 0.8707
vt 0.8913 0.8802
vt 0.8102 0.7799
vt 0.8124 0.7877
vt 0.8238 0.2063
vt 0.8582 0.2063
vt 0.8250 0.1767
vt 0.8587 0.1767
vt 0.8934 0.1767
vt 0.8931 0.2063
vt 0.9219 0.1767
vt 0.9219 0.2063
vt 0.8263 0.1471
vt 0.8593 0.1471
vt 0.8937 0.1471
vt 0.9219 0.1471
vt 0.8020 0.1471
vt 0.8019 0.1152
vt 0.7707 0.1152
vt 0.7707 0.1471
vt 0.8274 0.1152
vt 0.7707 0.0785
vt 0.8017 0.0785
vt 0.8016 0.0541
vt 0.8286 0.0541
vt 0.8281 0.0785
vt 0.8615 0.0541
vt 0.8609 0.0785
vt 0.8944 0.0785
vt 0.8946 0.0541
vt 0.9219 0.0785
vt 0.9219 0.0541
vt 0.7707 0.0541
vt 0.8014 0.0297
vt 0.7707 0.0297
vt 0.7976 0.0140
vt 0.7707 0.0140
vt 0.8298 0.0140
vt 0.8290 0.0297
vt 0.8645 0.0140
vt 0.8621 0.0297
vt 0.8956 0.0140
vt 0.8949 0.0297
vt 0.9219 0.0297
vt 0.9219 0.0140
vt 0.8861 0.9638
vt 0.8922 0.9694
vt 0.8599 0.1152
vt 0.8941 0.1152
vt 0.9219 0.1152
vt 0.8019 0.1767
vt 0.7707 0.1767
vt 0.8019 0.2063
vt 0.7707 0.2063
vt 0.9315 0.8201
vt 0.9565 0.8379
vt 0.9362 0.8401
vt 0.9118 0.8295
vt 0.9487 0.8761
vt 0.9642 0.8724
vt 0.9638 0.9079
vt 0.9506 0.9114
vt 0.9324 0.9080
vt 0.9882 0.9042
vt 0.9882 0.8709
vt 0.9882 0.8438
vt 0.9882 0.8055
vt 0.9518 0.7968
vt 0.9283 0.7993
vt 0.9287 0.7726
vt 0.9010 0.7845
vt 0.9090 0.8100
vt 0.9517 0.9360
vt 0.9340 0.9211
vt 0.9397 0.9368
vt 0.9422 0.7566
vt 0.9207 0.9505
vt 0.9152 0.9400
vt 0.8979 0.9633
vt 0.9123 0.9321
vt 0.8954 0.9560
vt 0.8922 0.9694
vt 0.8900 0.9551
vt 0.9053 0.9306
vt 0.9186 0.9069
vt 0.9020 0.9690
vt 0.8922 0.9694
vt 0.8861 0.9638
vt 0.9355 0.7283
vt 0.9637 0.7566
vt 0.9422 0.7566
vt 0.9882 0.7566
vt 0.9461 0.7264
vt 0.9637 0.7566
vt 0.9426 0.7071
vt 0.9345 0.7082
vt 0.9383 0.7010
vt 0.9272 0.8893
vt 0.9186 0.9069
vt 0.8975 0.9137
vt 0.8966 0.9065
vt 0.9186 0.9069
vt 0.9141 0.8845
vt 0.8877 0.9003
vt 0.8622 0.9258
vt 0.8690 0.9369
vt 0.8684 0.9282
vt 0.8622 0.9258
vt 0.8557 0.9348
vt 0.8601 0.9413
vt 0.9141 0.8845
vt 0.9205 0.8707
vt 0.8884 0.8919
vt 0.9158 0.8546
vt 0.9130 0.8410
vt 0.8851 0.8402
vt 0.8864 0.8494
vt 0.8834 0.8302
vt 0.9088 0.8208
vt 0.8607 0.8416
vt 0.8636 0.8486
vt 0.8821 0.8596
vt 0.8597 0.8569
vt 0.8559 0.8361
vt 0.8537 0.8438
vt 0.8812 0.8240
vt 0.9088 0.8208
vt 0.8468 0.8278
vt 0.9058 0.8638
vt 0.8474 0.8422
vt 0.8474 0.8422
vt 0.8526 0.8536
vt 0.8526 0.8536
vt 0.9088 0.8208
vt 0.8845 0.8192
vt 0.8826 0.8092
vt 0.8973 0.7984
vt 0.8822 0.7989
vt 0.8517 0.8175
vt 0.8450 0.8108
vt 0.8475 0.8035
vt 0.8382 0.8177
vt 0.8359 0.8086
vt 0.8973 0.7984
vt 0.8973 0.7984
vt 0.8650 0.7943
vt 0.8662 0.7832
vt 0.8989 0.7701
vt 0.8242 0.7880
vt 0.8224 0.7819
vt 0.8681 0.7747
vt 0.8224 0.7768
vt 0.8102 0.7799
vt 0.8989 0.7701
vt 0.8242 0.7880
vt 0.8124 0.7877
vt 0.8989 0.7701
vt 0.9035 0.7566
vt 0.8989 0.7701
vt 0.8788 0.7686
vt 0.8746 0.7566
vt 0.8444 0.7666
vt 0.8418 0.7566
vt 0.8333 0.7649
vt 0.9288 0.7566
vt 0.8333 0.7649
vt 0.8300 0.7566
vt 0.9882 0.9481
vt 0.9771 0.9403
vt 0.9882 0.9226
vt 0.9707 0.9736
vt 0.9606 0.9728
vt 0.9682 0.9882
vt 0.9634 0.9869
vt 0.9618 0.9887
vt 0.9542 0.9740
vt 0.9521 0.9509
vt 0.9731 0.9913
vt 0.9798 0.9777
vt 0.9657 0.9377
vt 0.9521 0.9509
vt 0.9673 0.9923
vt 0.9882 0.9481
vt 0.8843 0.8753
vt 0.9058 0.8638
vt 0.8913 0.8802
vt 0.8558 0.8957
vt 0.9205 0.8707
vt 0.8596 0.9008
vt 0.8913 0.8802
vt 0.8625 0.9082
vt 0.8536 0.9126
vt 0.8483 0.9044
vt 0.9058 0.8638
vt 0.8913 0.8802
vt 0.9205 0.8707
vt 0.8124 0.7877
vt 0.8102 0.7799
vt 0.8557 0.9348
vt 0.8601 0.9413
vt 0.8587 0.1767
vt 0.8582 0.2063
vt 0.8250 0.1767
vt 0.8238 0.2063
vt 0.8934 0.1767
vt 0.8931 0.2063
vt 0.9219 0.1767
vt 0.9219 0.2063
vt 0.8263 0.1471
vt 0.8593 0.1471
vt 0.8937 0.1471
vt 0.9219 0.1471
vt 0.8020 0.1471
vt 0.8019 0.1152
vt 0.7707 0.1152
vt 0.7707 0.1471
vt 0.8274 0.1152
vt 0.7707 0.0785
vt 0.8017 0.0785
vt 0.8016 0.0541
vt 0.8286 0.0541
vt 0.8281 0.0785
vt 0.8615 0.0541
vt 0.8609 0.0785
vt 0.8944 0.0785
vt 0.8946 0.0541
vt 0.9219 0.0785
vt 0.9219 0.0541
vt 0.7707 0.0541
vt 0.8014 0.0297
vt 0.7707 0.0297
vt 0.7976 0.0140
vt 0.7707 0.0140
vt 0.8298 0.0140
vt 0.8290 0.0297
vt 0.8645 0.0140
vt 0.8621 0.0297
vt 0.8956 0.0140
vt 0.8949 0.0297
vt 0.9219 0.0297
vt 0.9219 0.0140
vt 0.8861 0.9638
vt 0.8922 0.9694
vt 0.8599 0.1152
vt 0.8941 0.1152
vt 0.9219 0.1152
vt 0.7707 0.1767
vt 0.8019 0.1767
vt 0.8019 0.2063
vt 0.7707 0.2063
vn 0.6873 -0.3631 -0.6291
vn 0.9949 -0.0682 -0.0741
vn 0.9200 -0.3862 0.0669
vn 0.8691 0.0782 0.4884
vn 0.9624 0.0490 -0.2673
vn 0.4176 -0.3043 -0.8562
vn 0.4340 0.4567 -0.7766
vn -0.0896 -0.2744 -0.9574
vn 0.3249 -0.8197 -0.4717
vn 0.6621 -0.4424 0.6050
vn 0.0283 -0.6089 0.7927
vn -0.0860 -0.9045 -0.4178
vn 0.0110 0.6154 -0.7882
vn 0.7038 0.5297 0.4734
vn 0.4923 0.1437 0.8585
vn 0.0282 -0.6089 0.7927
vn 0.1024 0.3562 0.9288
vn 0.1167 0.9748 0.1903
vn 0.1167 0.9748 0.1904
vn 0.0111 0.6154 -0.7881
vn -0.2577 -0.7435 -0.6172
vn -0.6797 -0.6899 -0.2492
vn -0.5347 -0.1502 -0.8316
vn -0.7332 0.1490 -0.6635
vn -0.0970 0.2850 -0.9536
vn 0.0293 0.8409 -0.5404
vn 0.5144 -0.4788 -0.7114
vn 0.8692 0.3772 -0.3197
vn 0.0292 0.8409 -0.5404
vn 0.8417 0.4539 0.2925
vn 0.4757 -0.8579 0.1945
vn -0.6797 -0.6899 -0.2491
vn 0.2840 -0.8064 0.5187
vn 0.9360 -0.2128 0.2805
vn 0.8417 0.4538 0.2925
vn 0.7744 -0.1712 0.6090
vn 0.2841 -0.8064 0.5186
vn -0.0502 -0.9237 -0.3798
vn -0.5851 -0.6834 -0.4366
vn -0.3949 -0.2686 -0.8786
vn -0.6296 -0.1515 -0.7620
vn -0.3651 0.4332 -0.8240
vn 0.2622 0.3986 -0.8788
vn 0.7026 -0.4345 -0.5636
vn 0.9328 0.3248 -0.1559
vn 0.6086 0.7758 0.1666
vn -0.3651 0.4333 -0.8240
vn 0.6737 -0.7106 0.2028
vn 0.3206 -0.6806 0.6588
vn 0.8570 -0.0041 0.5153
vn 0.6861 0.1309 0.7156
vn -0.0289 -0.3519 -0.9356
vn -0.0345 -0.7789 -0.6262
vn -0.4355 -0.1885 -0.8802
vn -0.3362 -0.9313 -0.1405
vn 0.2483 0.1356 -0.9591
vn 0.1274 0.7619 -0.6350
vn 0.8185 -0.4265 -0.3850
vn 0.8487 0.5275 -0.0392
vn 0.5651 0.6645 0.4889
vn 0.4848 -0.7098 0.5110
vn 0.1621 -0.6590 0.7345
vn 0.7670 0.0541 0.6394
vn 0.5651 0.6646 0.4888
vn 0.4755 0.0984 0.8742
vn -0.7149 -0.3016 -0.6308
vn -0.9658 -0.0322 0.2572
vn -0.9671 -0.2112 -0.1419
vn -0.6861 -0.7261 -0.0454
vn -0.6079 -0.7329 0.3055
vn -0.4830 0.2704 0.8328
vn -0.4725 0.0878 0.8770
vn -0.8917 0.1505 -0.4270
vn -0.3583 0.7957 0.4884
vn 0.6300 -0.1847 -0.7543
vn 0.3378 -0.2280 -0.9132
vn 0.9549 0.0600 -0.2910
vn 0.7375 -0.6608 -0.1395
vn 0.1225 -0.5316 -0.8381
vn -0.8917 0.1505 -0.4269
vn 0.4705 0.7441 -0.4743
vn 0.9176 0.2878 0.2741
vn 0.8744 0.3774 0.3050
vn 0.5771 0.5346 0.6173
vn -0.3583 0.7956 0.4884
vn 0.0005 0.5037 0.8639
vn -0.5735 0.7616 0.3016
vn -0.7633 0.2831 0.5807
vn -0.0476 0.9840 0.1716
vn 0.5064 0.8199 0.2670
vn 0.7640 0.3655 0.5317
vn 0.5742 -0.1131 0.8109
vn 0.0483 -0.3355 0.9408
vn -0.5057 -0.1714 0.8455
vn -0.9084 0.3356 0.2491
vn -0.5261 0.8490 -0.0503
vn 0.1646 0.9783 -0.1261
vn 0.7590 0.6478 0.0663
vn 0.9088 0.0511 0.4140
vn 0.5264 -0.4623 0.7136
vn -0.1642 -0.5916 0.7893
vn -0.7586 -0.2611 0.5970
vn -0.9949 -0.0682 -0.0741
vn -0.6873 -0.3631 -0.6291
vn -0.9200 -0.3862 0.0669
vn -0.8691 0.0782 0.4884
vn -0.9624 0.0490 -0.2673
vn -0.4176 -0.3043 -0.8562
vn -0.4340 0.4567 -0.7766
vn 0.0896 -0.2744 -0.9574
vn -0.3249 -0.8197 -0.4717
vn -0.6621 -0.4424 0.6050
vn -0.0283 -0.6089 0.7927
vn 0.0860 -0.9045 -0.4178
vn -0.0110 0.6154 -0.7882
vn -0.7038 0.5297 0.4734
vn -0.4923 0.1437 0.8585
vn -0.0282 -0.6089 0.7927
vn -0.1024 0.3562 0.9288
vn -0.1167 0.9748 0.1903
vn -0.1167 0.9748 0.1904
vn -0.0111 0.6154 -0.7881
vn 0.7332 0.1490 -0.6635
vn 0.6797 -0.6899 -0.2492
vn 0.5347 -0.1502 -0.8316
vn 0.2577 -0.7435 -0.6172
vn 0.0970 0.2850 -0.9536
vn -0.0293 0.8409 -0.5405
vn -0.5144 -0.4788 -0.7114
vn -0.8692 0.3772 -0.3197
vn -0.0292 0.8409 -0.5404
vn -0.8417 0.4539 0.2925
vn -0.4757 -0.8579 0.1945
vn 0.6797 -0.6899 -0.2491
vn -0.2841 -0.8064 0.5186
vn -0.9360 -0.2128 0.2805
vn -0.8417 0.4538 0.2925
vn -0.7744 -0.1712 0.6090
vn 0.6296 -0.1515 -0.7620
vn 0.5851 -0.6834 -0.4366
vn 0.3949 -0.2686 -0.8786
vn 0.0502 -0.9237 -0.3798
vn 0.3652 0.4332 -0.8240
vn -0.2622 0.3986 -0.8788
vn -0.7026 -0.4346 -0.5635
vn -0.9328 0.3248 -0.1559
vn -0.6086 0.7758 0.1666
vn 0.3651 0.4333 -0.8240
vn -0.6737 -0.7106 0.2028
vn -0.3206 -0.6806 0.6588
vn -0.8570 -0.0041 0.5153
vn -0.6861 0.1309 0.7156
vn 0.3362 -0.9313 -0.1405
vn 0.0345 -0.7789 -0.6262
vn 0.4355 -0.1885 -0.8802
vn 0.0289 -0.3519 -0.9356
vn -0.2483 0.1356 -0.9591
vn -0.1274 0.7619 -0.6350
vn -0.8185 -0.4265 -0.3850
vn -0.8487 0.5275 -0.0392
vn -0.5651 0.6645 0.4889
vn -0.4848 -0.7098 0.5110
vn -0.1621 -0.6590 0.7345
vn -0.7670 0.0541 0.6394
vn -0.5651 0.6646 0.4888
vn -0.4755 0.0984 0.8742
vn 0.9658 -0.0322 0.2572
vn 0.7149 -0.3016 -0.6308
vn 0.9671 -0.2112 -0.1419
vn 0.6861 -0.7261 -0.0454
vn 0.6079 -0.7329 0.3055
vn 0.4830 0.2704 0.8328
vn 0.4725 0.0878 0.8770
vn 0.8917 0.1505 -0.4270
vn 0.3583 0.7957 0.4884
vn -0.3377 -0.2280 -0.9132
vn -0.6300 -0.1847 -0.7543
vn -0.9549 0.0600 -0.2909
vn -0.7375 -0.6608 -0.1395
vn -0.1225 -0.5316 -0.8381
vn 0.8917 0.1505 -0.4269
vn -0.4705 0.7441 -0.4743
vn -0.9176 0.2878 0.2741
vn -0.8744 0.3774 0.3050
vn -0.5771 0.5346 0.6173
vn 0.3583 0.7956 0.4884
vn 0.5735 0.7616 0.3016
vn -0.0005 0.5037 0.8639
vn 0.7633 0.2831 0.5807
vn 0.0476 0.9840 0.1716
vn -0.5064 0.8199 0.2670
vn -0.7640 0.3655 0.5317
vn -0.5742 -0.1131 0.8109
vn -0.0483 -0.3355 0.9408
vn 0.5057 -0.1714 0.8455
vn 0.9084 0.3356 0.2491
vn 0.5261 0.8490 -0.0503
vn -0.1646 0.9783 -0.1261
vn -0.7590 0.6478 0.0663
vn -0.9088 0.0511 0.4140
vn -0.5264 -0.4623 0.7136
vn 0.1642 -0.5916 0.7893
vn 0.7586 -0.2611 0.5970
vn 0.3395 0.0797 -0.9372
vn 0.9641 -0.0158 0.2651
vn 0.2637 0.0460 -0.9635
vn 0.9057 0.2496 0.3428
vn -0.9034 -0.0954 -0.4182
vn -0.9549 -0.0425 -0.2937
vn -0.7586 0.2488 0.6022
vn -0.8040 0.2103 0.5561
vn -0.9557 -0.2941 -0.0077
vn -0.7452 0.1593 0.6475
vn -0.9070 -0.0457 -0.4186
vn 0.3349 -0.0052 -0.9422
vn 0.9708 0.2210 -0.0930
vn 0.9750 -0.2207 -0.0265
vn 0.8094 -0.3661 0.4592
vn 0.7938 -0.5756 0.1963
vn 0.9565 -0.0167 0.2911
vn 0.8526 0.0192 0.5222
vn 0.0536 -0.2638 0.9631
vn -0.3131 0.1933 0.9298
vn 0.9161 -0.0458 0.3984
vn 0.2385 -0.9711 0.0121
vn 0.6682 0.4973 0.5533
vn -0.6369 0.0913 0.7656
vn -0.4961 0.0321 0.8677
vn -0.6696 -0.5953 -0.4442
vn -0.5799 -0.7951 -0.1777
vn -0.5554 -0.5674 0.6079
vn 0.5318 -0.2291 -0.8153
vn 0.7532 -0.1008 -0.6501
vn 0.2833 -0.8716 -0.4000
vn 0.7830 0.5115 0.3539
vn 0.1943 0.0191 0.9808
vn 0.1162 -0.7429 -0.6593
vn 0.9648 0.2142 -0.1524
vn -0.2211 -0.6826 -0.6966
vn 0.4697 -0.8828 0.0063
vn 0.3517 0.5491 0.7581
vn 0.7682 -0.1457 -0.6234
vn -0.2210 -0.6826 -0.6966
vn 0.9314 -0.0474 -0.3608
vn 0.7731 -0.4807 -0.4138
vn -0.5902 -0.8064 -0.0369
vn 0.2382 -0.7258 0.6454
vn -0.7885 -0.5935 -0.1615
vn 0.4170 -0.8974 -0.1441
vn -0.5835 -0.6024 -0.5446
vn 0.0169 -0.8843 0.4665
vn -0.5693 0.0441 0.8210
vn -0.3309 -0.5001 -0.8003
vn 0.7197 0.0770 -0.6900
vn 0.5533 -0.0722 -0.8298
vn -0.6155 -0.6667 -0.4204
vn 0.7492 0.5577 0.3573
vn 0.0952 -0.3188 0.9430
vn 0.6391 -0.1445 -0.7554
vn -0.5827 -0.8109 0.0539
vn -0.4860 0.1241 0.8651
vn -0.4300 0.1638 0.8878
vn 0.6980 0.5615 0.4444
vn 0.7366 -0.5695 -0.3649
vn -0.4860 0.1240 0.8651
vn 0.1041 -0.0669 0.9923
vn -0.4524 -0.4666 0.7601
vn 0.5677 -0.2608 0.7809
vn 0.0773 -0.3925 0.9165
vn -0.4257 -0.4033 0.8100
vn 0.6847 -0.3043 0.6623
vn 0.6388 -0.0691 -0.7663
vn 0.7238 0.5970 0.3460
vn 0.3184 -0.3018 0.8986
vn -0.5692 0.0441 0.8210
vn 0.5518 -0.0935 -0.8287
vn 0.6782 0.5592 0.4768
vn -0.4310 0.0938 0.8974
vn 0.7246 -0.5506 -0.4146
vn 0.0693 -0.4660 0.8821
vn 0.4215 -0.7749 0.4710
vn 0.6696 0.5576 0.4906
vn 0.8622 0.2160 -0.4582
vn 0.9169 -0.1137 0.3825
vn 0.7727 -0.0948 0.6276
vn 0.8513 0.4185 -0.3165
vn -0.4650 0.1808 0.8667
vn 0.6382 0.6530 0.4077
vn -0.5176 0.0052 0.8556
vn 0.2821 0.3637 0.8877
vn 0.6884 -0.3947 0.6086
vn 0.7106 -0.0118 -0.7035
vn 0.9377 0.1886 -0.2918
vn 0.6535 -0.7542 0.0642
vn 0.8151 -0.5764 -0.0572
vn 0.6683 0.4973 0.5533
vn 0.7831 0.5114 0.3539
vn 0.9018 -0.1163 -0.4161
vn 0.9547 0.2949 -0.0404
vn 0.5990 0.3719 0.7091
vn 0.8622 0.2160 -0.4581
vn -0.5678 -0.6349 -0.5240
vn 0.1669 -0.7828 -0.5994
vn -0.7884 -0.5935 -0.1615
vn 0.0309 -0.9514 0.3063
vn -0.5234 -0.8343 -0.1733
vn 0.5308 -0.1984 -0.8240
vn 0.3190 -0.7234 -0.6123
vn -0.4386 -0.5426 0.7164
vn -0.1845 -0.8834 -0.4307
vn -0.5768 -0.7880 0.2152
vn -0.0521 0.6572 0.7519
vn 0.9550 0.2964 0.0077
vn 0.3517 0.5490 0.7582
vn 0.7096 0.5291 0.4653
vn -0.7542 -0.0479 0.6549
vn 0.4680 0.3187 0.8242
vn -0.4870 -0.1368 0.8626
vn -0.5902 -0.8064 -0.0368
vn 0.0212 -0.9995 0.0235
vn 0.7731 -0.4808 -0.4138
vn 0.7682 -0.1457 -0.6235
vn -0.5609 -0.0888 0.8231
vn 0.2382 -0.7257 0.6454
vn 0.6388 -0.0690 -0.7663
vn 0.0759 -0.9964 -0.0391
vn -0.1763 -0.6073 -0.7747
vn -0.4681 -0.6008 -0.6481
vn -0.5882 -0.8087 0.0035
vn -0.4804 -0.6558 -0.5823
vn -0.4311 0.0938 0.8974
vn 0.0692 -0.4660 0.8821
vn 0.7246 -0.5506 -0.4145
vn 0.1147 -0.7317 0.6719
vn -0.6607 -0.6093 -0.4385
vn -0.8280 -0.5492 0.1132
vn 0.6281 0.5713 0.5284
vn 0.8431 0.5264 0.1096
vn -0.4529 0.2168 0.8648
vn -0.8662 0.3192 -0.3844
vn -0.5957 0.2355 0.7679
vn -0.8767 0.2582 -0.4060
vn 0.2665 0.0315 -0.9633
vn 0.5536 -0.0115 -0.8327
vn 0.9938 -0.1102 0.0117
vn 0.9982 -0.0586 0.0140
vn -0.6346 0.1220 0.7631
vn -0.9063 0.1016 -0.4103
vn 0.2770 -0.0268 -0.9605
vn 0.9858 -0.1677 0.0053
vn 0.4303 -0.0439 0.9016
vn 0.3537 -0.1052 0.9294
vn 0.9816 -0.1908 0.0001
vn -0.8027 -0.0463 0.5946
vn 0.9934 -0.1117 0.0266
vn 0.2560 -0.1077 0.9607
vn 0.3659 0.0123 0.9306
vn -0.6952 -0.0048 0.7188
vn -0.6623 -0.0993 0.7426
vn -0.9317 -0.0915 -0.3515
vn -0.9715 -0.1011 -0.2145
vn -0.0333 -0.1435 -0.9891
vn 0.3123 -0.1194 -0.9424
vn 0.9934 -0.1116 0.0266
vn 0.9980 0.0059 0.0633
vn 0.3762 0.1422 0.9156
vn 0.9940 0.1022 0.0402
vn 0.3518 0.5491 0.7581
vn 0.9708 0.2210 -0.0929
vn -0.7151 0.0645 0.6960
vn -0.9070 -0.0458 -0.4186
vn -0.8698 -0.0650 -0.4892
vn 0.5349 -0.0680 -0.8422
vn -0.3313 -0.8644 -0.3782
vn -0.5924 -0.7952 0.1290
vn -0.8471 -0.0485 -0.5293
vn 0.3001 -0.1047 -0.9482
vn 0.3925 -0.0042 0.9197
vn 0.5814 -0.0380 0.8127
vn 0.9982 -0.0587 0.0140
vn -0.9641 -0.0158 0.2651
vn -0.3395 0.0797 -0.9372
vn -0.2637 0.0460 -0.9635
vn -0.9057 0.2496 0.3428
vn 0.9034 -0.0954 -0.4182
vn 0.9549 -0.0425 -0.2937
vn 0.7586 0.2488 0.6022
vn 0.8040 0.2103 0.5561
vn 0.9557 -0.2941 -0.0077
vn 0.7452 0.1593 0.6475
vn 0.9070 -0.0457 -0.4186
vn -0.3349 -0.0052 -0.9422
vn -0.9708 0.2210 -0.0930
vn -0.9750 -0.2207 -0.0265
vn -0.8094 -0.3661 0.4592
vn -0.7938 -0.5756 0.1963
vn -0.9565 -0.0167 0.2911
vn -0.8526 0.0192 0.5222
vn -0.0536 -0.2638 0.9631
vn 0.3131 0.1934 0.9298
vn -0.9161 -0.0458 0.3984
vn -0.2385 -0.9711 0.0121
vn -0.6682 0.4973 0.5533
vn 0.6369 0.0913 0.7656
vn 0.4961 0.0321 0.8677
vn 0.6696 -0.5952 -0.4442
vn 0.5799 -0.7951 -0.1777
vn 0.5554 -0.5674 0.6079
vn -0.5318 -0.2291 -0.8153
vn -0.7532 -0.1008 -0.6501
vn -0.2833 -0.8716 -0.4000
vn -0.7830 0.5115 0.3539
vn -0.1943 0.0191 0.9808
vn -0.1162 -0.7429 -0.6593
vn 0.2211 -0.6826 -0.6966
vn -0.9648 0.2142 -0.1524
vn -0.4697 -0.8828 0.0063
vn -0.3517 0.5491 0.7581
vn -0.7682 -0.1457 -0.6234
vn -0.9314 -0.0474 -0.3608
vn 0.2210 -0.6826 -0.6966
vn -0.7731 -0.4807 -0.4138
vn 0.5902 -0.8064 -0.0369
vn -0.2382 -0.7258 0.6454
vn 0.7885 -0.5935 -0.1615
vn -0.4170 -0.8974 -0.1441
vn 0.7884 -0.5935 -0.1615
vn 0.4650 0.1808 0.8667
vn 0.5678 -0.6349 -0.5240
vn -0.0313 -0.9510 0.3075
vn -0.1669 -0.7828 -0.5994
vn -0.8622 0.2160 -0.4581
vn -0.7106 -0.0118 -0.7035
vn 0.5176 0.0052 0.8556
vn 0.5234 -0.8343 -0.1733
vn -0.5308 -0.1984 -0.8240
vn -0.3190 -0.7234 -0.6123
vn 0.4386 -0.5426 0.7164
vn -0.0169 -0.8843 0.4665
vn 0.5835 -0.6024 -0.5446
vn 0.5693 0.0441 0.8210
vn 0.3309 -0.5001 -0.8003
vn -0.7197 0.0769 -0.6900
vn -0.5533 -0.0722 -0.8298
vn 0.6155 -0.6667 -0.4204
vn -0.7492 0.5577 0.3573
vn -0.0952 -0.3188 0.9430
vn -0.6391 -0.1445 -0.7554
vn 0.5827 -0.8109 0.0539
vn 0.4860 0.1241 0.8651
vn 0.4300 0.1638 0.8878
vn -0.6980 0.5615 0.4444
vn -0.7366 -0.5695 -0.3649
vn 0.4860 0.1240 0.8651
vn -0.1041 -0.0669 0.9923
vn 0.4524 -0.4666 0.7601
vn -0.5677 -0.2608 0.7809
vn -0.0773 -0.3925 0.9165
vn 0.4257 -0.4033 0.8100
vn -0.6847 -0.3043 0.6623
vn -0.6388 -0.0691 -0.7663
vn -0.7238 0.5970 0.3460
vn -0.3184 -0.3018 0.8986
vn 0.5692 0.0441 0.8210
vn -0.5518 -0.0935 -0.8287
vn -0.6782 0.5592 0.4768
vn 0.4310 0.0938 0.8974
vn -0.7246 -0.5506 -0.4146
vn -0.0693 -0.4660 0.8821
vn -0.4215 -0.7749 0.4710
vn -0.9169 -0.1137 0.3825
vn -0.8622 0.2160 -0.4582
vn -0.6696 0.5576 0.4906
vn -0.7727 -0.0948 0.6276
vn -0.8513 0.4185 -0.3165
vn -0.6382 0.6530 0.4077
vn -0.2822 0.3638 0.8877
vn -0.6884 -0.3947 0.6086
vn -0.9377 0.1886 -0.2918
vn -0.6535 -0.7542 0.0642
vn -0.8151 -0.5764 -0.0572
vn -0.6683 0.4973 0.5533
vn -0.7831 0.5114 0.3539
vn -0.9018 -0.1163 -0.4161
vn -0.9547 0.2949 -0.0404
vn -0.5990 0.3719 0.7091
vn -0.9550 0.2964 0.0077
vn 0.0521 0.6572 0.7519
vn -0.3517 0.5490 0.7582
vn -0.7096 0.5291 0.4653
vn 0.7542 -0.0479 0.6549
vn -0.4680 0.3187 0.8242
vn 0.4870 -0.1368 0.8626
vn 0.5902 -0.8064 -0.0368
vn -0.0212 -0.9995 0.0235
vn -0.7731 -0.4808 -0.4138
vn -0.7682 -0.1457 -0.6235
vn 0.5609 -0.0889 0.8231
vn -0.2382 -0.7257 0.6454
vn -0.6388 -0.0690 -0.7663
vn -0.0759 -0.9964 -0.0391
vn 0.1763 -0.6073 -0.7747
vn 0.4681 -0.6008 -0.6481
vn 0.5882 -0.8087 0.0035
vn 0.4804 -0.6558 -0.5823
vn 0.4311 0.0938 0.8974
vn -0.0692 -0.4660 0.8821
vn -0.7246 -0.5506 -0.4145
vn -0.1147 -0.7317 0.6719
vn 0.8280 -0.5492 0.1132
vn 0.6607 -0.6093 -0.4385
vn -0.8431 0.5264 0.1096
vn -0.6281 0.5713 0.5284
vn 0.1845 -0.8834 -0.4307
vn 0.5768 -0.7880 0.2152
vn 0.8767 0.2582 -0.4060
vn 0.8662 0.3192 -0.3844
vn 0.5957 0.2355 0.7679
vn 0.4529 0.2168 0.8648
vn -0.2665 0.0315 -0.9633
vn -0.5536 -0.0115 -0.8327
vn -0.9938 -0.1102 0.0117
vn -0.9982 -0.0586 0.0140
vn 0.6346 0.1220 0.7631
vn 0.9063 0.1016 -0.4103
vn -0.2770 -0.0268 -0.9605
vn -0.9858 -0.1677 0.0053
vn -0.4303 -0.0439 0.9016
vn -0.3537 -0.1052 0.9294
vn -0.9816 -0.1908 0.0001
vn 0.8027 -0.0463 0.5946
vn -0.9934 -0.1117 0.0266
vn -0.2560 -0.1077 0.9607
vn -0.3659 0.0123 0.9306
vn 0.6952 -0.0048 0.7188
vn 0.6623 -0.0993 0.7426
vn 0.9317 -0.0915 -0.3515
vn 0.9715 -0.1012 -0.2145
vn 0.0333 -0.1436 -0.9891
vn -0.3123 -0.1194 -0.9424
vn -0.9934 -0.1116 0.0266
vn -0.9980 0.0059 0.0633
vn -0.3762 0.1422 0.9156
vn -0.9940 0.1022 0.0402
vn -0.3518 0.5491 0.7581
vn -0.9708 0.2210 -0.0929
vn 0.7151 0.0646 0.6960
vn 0.9070 -0.0458 -0.4186
vn 0.8698 -0.0650 -0.4892
vn -0.5349 -0.0680 -0.8422
vn 0.3313 -0.8644 -0.3782
vn 0.5924 -0.7953 0.1291
vn 0.8471 -0.0485 -0.5293
vn -0.3001 -0.1047 -0.9482
vn -0.3925 -0.0042 0.9197
vn -0.5814 -0.0380 0.8127
vn -0.9982 -0.0587 0.0140
usemtl e03_201_w03_001.png
s 1
f 3372/3370/3056 3371/3371/3057 3370/3372/3058
f 3373/3373/3059 3370/3372/3058 3371/3371/3057
f 3374/3374/3060 3371/3371/3057 3372/3370/3056
f 3373/3373/3059 3371/3371/3057 3374/3374/3060
f 3372/3370/3056 3375/3375/3061 3374/3374/3060
f 3376/3376/3062 3374/3374/3060 3375/3375/3061
f 3375/3375/3061 3377/3377/3063 3376/3376/3062
f 3375/3375/3061 3378/3378/3064 3377/3377/3063
f 3372/3370/3056 3370/3372/3058 3378/3378/3064
f 3375/3375/3061 3372/3370/3056 3378/3378/3064
f 3370/3372/3058 3379/3379/3065 3378/3378/3064
f 3373/3373/3059 3379/3379/3065 3370/3372/3058
f 3379/3379/3065 3380/3380/3066 3378/3378/3064
f 3381/3381/3067 3378/3378/3064 3380/3380/3066
f 3382/3382/3067 3377/3377/3063 3378/3378/3064
f 3383/3383/3068 3376/3376/3062 3377/3377/3063
f 3384/3384/3069 3374/3374/3060 3376/3376/3062
f 3374/3374/3060 3384/3384/3069 3373/3373/3059
f 3384/3384/3069 3385/3385/3070 3373/3373/3059
f 3385/3385/3070 3379/3379/3065 3373/3373/3059
f 3379/3379/3065 3385/3385/3070 3386/3386/3071
f 3387/3387/3072 3386/3386/3071 3385/3385/3070
f 3385/3385/3070 3384/3384/3069 3387/3387/3072
f 3388/3388/3073 3387/3387/3072 3384/3384/3069
f 3384/3384/3069 3376/3376/3062 3389/3389/3074
f 3390/3390/3075 3389/3389/3074 3376/3376/3062
f 3393/3391/3076 3392/3392/3077 3391/3393/3078
f 3394/3394/3079 3391/3393/3078 3392/3392/3077
f 3391/3393/3078 3394/3394/3079 3395/3395/3080
f 3396/3396/3081 3395/3395/3080 3394/3394/3079
f 3395/3395/3080 3397/3397/3082 3391/3393/3078
f 3391/3393/3078 3397/3397/3082 3393/3391/3076
f 3398/3398/3083 3397/3397/3082 3395/3395/3080
f 3395/3395/3080 3399/3399/3084 3398/3398/3083
f 3400/3400/3085 3398/3398/3083 3399/3399/3084
f 3401/3401/3086 3393/3391/3076 3397/3397/3082
f 3393/3391/3076 3401/3401/3086 3402/3402/3087
f 3403/3403/3088 3402/3402/3087 3401/3401/3086
f 3404/3404/3089 3401/3401/3086 3397/3397/3082
f 3404/3404/3089 3397/3397/3082 3398/3398/3083
f 3398/3398/3083 3405/3405/3090 3404/3404/3089
f 3406/3406/3091 3404/3404/3089 3405/3405/3090
f 3404/3404/3089 3406/3406/3091 3401/3401/3086
f 3407/3407/3092 3401/3401/3086 3406/3406/3091
f 3410/3408/3093 3409/3409/3094 3408/3410/3095
f 3411/3411/3096 3408/3410/3095 3409/3409/3094
f 3411/3411/3096 3412/3412/3097 3408/3410/3095
f 3413/3413/3098 3408/3410/3095 3412/3412/3097
f 3414/3414/3099 3408/3410/3095 3413/3413/3098
f 3408/3410/3095 3414/3414/3099 3410/3408/3093
f 3413/3413/3098 3415/3415/3100 3414/3414/3099
f 3415/3415/3100 3413/3413/3098 3416/3416/3101
f 3417/3417/3102 3416/3416/3101 3413/3413/3098
f 3418/3418/3103 3410/3408/3093 3414/3414/3099
f 3418/3418/3103 3419/3419/3104 3410/3408/3093
f 3420/3420/3094 3410/3408/3093 3419/3419/3104
f 3421/3421/3105 3418/3418/3103 3414/3414/3099
f 3414/3414/3099 3415/3415/3100 3421/3421/3105
f 3415/3415/3100 3422/3422/3101 3421/3421/3105
f 3423/3423/3106 3421/3421/3105 3422/3422/3101
f 3423/3423/3106 3424/3424/3104 3421/3421/3105
f 3418/3418/3103 3421/3421/3105 3424/3424/3104
f 3427/3425/3107 3426/3426/3108 3425/3427/3109
f 3428/3428/3110 3425/3427/3109 3426/3426/3108
f 3427/3425/3107 3425/3427/3109 3429/3429/3111
f 3430/3430/3112 3429/3429/3111 3425/3427/3109
f 3431/3431/3113 3427/3425/3107 3429/3429/3111
f 3427/3425/3107 3431/3431/3113 3426/3426/3108
f 3431/3431/3113 3429/3429/3111 3432/3432/3114
f 3429/3429/3111 3433/3433/3112 3432/3432/3114
f 3434/3434/3115 3432/3432/3114 3433/3433/3112
f 3435/3435/3116 3426/3426/3108 3431/3431/3113
f 3426/3426/3108 3435/3435/3116 3436/3436/3110
f 3437/3437/3117 3436/3436/3110 3435/3435/3116
f 3431/3431/3113 3438/3438/3118 3435/3435/3116
f 3432/3432/3114 3438/3438/3118 3431/3431/3113
f 3432/3432/3114 3439/3439/3119 3438/3438/3118
f 3440/3440/3120 3438/3438/3118 3439/3439/3119
f 3438/3438/3118 3440/3440/3120 3435/3435/3116
f 3441/3441/3117 3435/3435/3116 3440/3440/3120
f 3444/3442/3121 3443/3443/3122 3442/3444/3123
f 3444/3442/3121 3445/3445/3124 3443/3443/3122
f 3446/3446/3125 3443/3443/3122 3445/3445/3124
f 3443/3443/3122 3447/3447/3126 3442/3444/3123
f 3448/3448/3127 3442/3444/3123 3447/3447/3126
f 3448/3448/3127 3449/3449/3128 3442/3444/3123
f 3450/3450/3129 3449/3449/3128 3448/3448/3127
f 3453/3451/3130 3452/3452/3131 3451/3453/3132
f 3453/3451/3130 3454/3454/3121 3452/3452/3131
f 3455/3455/3123 3452/3452/3131 3454/3454/3121
f 3451/3453/3132 3456/3456/3133 3453/3451/3130
f 3457/3457/3134 3453/3451/3130 3456/3456/3133
f 3453/3451/3130 3457/3457/3134 3454/3454/3121
f 3458/3458/3124 3454/3454/3121 3457/3457/3134
f 3455/3455/3123 3459/3459/3135 3452/3452/3131
f 3460/3460/3136 3452/3452/3131 3459/3459/3135
f 3457/3457/3134 3456/3456/3133 3461/3461/3124
f 3462/3462/3125 3461/3461/3124 3456/3456/3133
f 3452/3452/3131 3463/3463/3137 3451/3453/3132
f 3460/3460/3136 3463/3463/3137 3452/3452/3131
f 3464/3464/3138 3451/3453/3132 3463/3463/3137
f 3464/3464/3138 3463/3463/3137 3465/3465/3126
f 3466/3466/3127 3465/3465/3126 3463/3463/3137
f 3463/3463/3137 3467/3467/3139 3466/3466/3127
f 3467/3467/3139 3463/3463/3137 3460/3460/3136
f 3468/3468/3140 3466/3466/3127 3467/3467/3139
f 3467/3467/3139 3460/3460/3136 3469/3469/3129
f 3470/3470/3128 3469/3469/3129 3460/3460/3136
f 3473/3471/3141 3472/3472/3142 3471/3473/3143
f 3473/3471/3141 3474/3474/3144 3472/3472/3142
f 3473/3471/3141 3475/3475/3145 3474/3474/3144
f 3473/3471/3141 3476/3476/3146 3475/3475/3145
f 3473/3471/3141 3477/3477/3147 3476/3476/3146
f 3473/3471/3141 3478/3478/3148 3477/3477/3147
f 3473/3471/3141 3479/3479/3149 3478/3478/3148
f 3473/3471/3141 3471/3473/3143 3479/3479/3149
f 3471/3473/3143 3472/3472/3142 3480/3480/3150
f 3481/3481/3151 3480/3480/3150 3472/3472/3142
f 3472/3472/3142 3474/3474/3144 3481/3481/3151
f 3482/3482/3152 3481/3481/3151 3474/3474/3144
f 3474/3474/3144 3475/3475/3145 3482/3482/3152
f 3483/3483/3153 3482/3482/3152 3475/3475/3145
f 3475/3475/3145 3476/3476/3146 3483/3483/3153
f 3484/3484/3154 3483/3483/3153 3476/3476/3146
f 3476/3476/3146 3477/3477/3147 3484/3484/3154
f 3485/3485/3155 3484/3484/3154 3477/3477/3147
f 3477/3477/3147 3478/3478/3148 3485/3485/3155
f 3486/3486/3156 3485/3485/3155 3478/3478/3148
f 3478/3478/3148 3479/3479/3149 3486/3486/3156
f 3487/3487/3157 3486/3486/3156 3479/3479/3149
f 3480/3480/3150 3487/3487/3157 3471/3473/3143
f 3479/3479/3149 3471/3473/3143 3487/3487/3157
f 3490/3488/3158 3489/3489/3159 3488/3490/3160
f 3488/3490/3160 3491/3491/3161 3490/3488/3158
f 3490/3488/3158 3492/3492/3162 3489/3489/3159
f 3490/3488/3158 3491/3491/3161 3492/3492/3162
f 3489/3489/3159 3492/3492/3162 3493/3493/3163
f 3494/3494/3164 3493/3493/3163 3492/3492/3162
f 3493/3493/3163 3494/3494/3164 3495/3495/3165
f 3493/3493/3163 3495/3495/3165 3496/3496/3166
f 3488/3490/3160 3489/3489/3159 3496/3496/3166
f 3489/3489/3159 3493/3493/3163 3496/3496/3166
f 3497/3497/3167 3488/3490/3160 3496/3496/3166
f 3497/3497/3167 3491/3491/3161 3488/3490/3160
f 3497/3497/3167 3496/3496/3166 3498/3498/3168
f 3499/3499/3169 3498/3498/3168 3496/3496/3166
f 3500/3500/3169 3496/3496/3166 3495/3495/3165
f 3501/3501/3170 3495/3495/3165 3494/3494/3164
f 3492/3492/3162 3502/3502/3171 3494/3494/3164
f 3502/3502/3171 3492/3492/3162 3491/3491/3161
f 3503/3503/3172 3502/3502/3171 3491/3491/3161
f 3497/3497/3167 3503/3503/3172 3491/3491/3161
f 3497/3497/3167 3504/3504/3173 3503/3503/3172
f 3505/3505/3174 3503/3503/3172 3504/3504/3173
f 3503/3503/3172 3505/3505/3174 3502/3502/3171
f 3506/3506/3175 3502/3502/3171 3505/3505/3174
f 3502/3502/3171 3507/3507/3176 3494/3494/3164
f 3508/3508/3177 3494/3494/3164 3507/3507/3176
f 3511/3509/3178 3510/3510/3179 3509/3511/3180
f 3512/3512/3181 3509/3511/3180 3510/3510/3179
f 3509/3511/3180 3513/3513/3182 3511/3509/3178
f 3514/3514/3183 3511/3509/3178 3513/3513/3182
f 3515/3515/3184 3513/3513/3182 3509/3511/3180
f 3515/3515/3184 3509/3511/3180 3512/3512/3181
f 3515/3515/3184 3516/3516/3185 3513/3513/3182
f 3513/3513/3182 3516/3516/3185 3517/3517/3186
f 3518/3518/3187 3517/3517/3186 3516/3516/3185
f 3512/3512/3181 3519/3519/3188 3515/3515/3184
f 3512/3512/3181 3520/3520/3189 3519/3519/3188
f 3521/3521/3190 3519/3519/3188 3520/3520/3189
f 3519/3519/3188 3522/3522/3191 3515/3515/3184
f 3515/3515/3184 3522/3522/3191 3516/3516/3185
f 3516/3516/3185 3522/3522/3191 3523/3523/3192
f 3524/3524/3193 3523/3523/3192 3522/3522/3191
f 3522/3522/3191 3519/3519/3188 3524/3524/3193
f 3525/3525/3190 3524/3524/3193 3519/3519/3188
f 3528/3526/3194 3527/3527/3195 3526/3528/3196
f 3529/3529/3197 3526/3528/3196 3527/3527/3195
f 3528/3526/3194 3526/3528/3196 3530/3530/3198
f 3531/3531/3199 3530/3530/3198 3526/3528/3196
f 3526/3528/3196 3532/3532/3200 3531/3531/3199
f 3532/3532/3200 3526/3528/3196 3529/3529/3197
f 3533/3533/3201 3531/3531/3199 3532/3532/3200
f 3533/3533/3201 3534/3534/3202 3531/3531/3199
f 3535/3535/3203 3531/3531/3199 3534/3534/3202
f 3529/3529/3197 3536/3536/3204 3532/3532/3200
f 3536/3536/3204 3529/3529/3197 3537/3537/3205
f 3538/3538/3195 3537/3537/3205 3529/3529/3197
f 3536/3536/3204 3539/3539/3206 3532/3532/3200
f 3533/3533/3201 3532/3532/3200 3539/3539/3206
f 3533/3533/3201 3539/3539/3206 3540/3540/3202
f 3541/3541/3207 3540/3540/3202 3539/3539/3206
f 3536/3536/3204 3542/3542/3205 3539/3539/3206
f 3541/3541/3207 3539/3539/3206 3542/3542/3205
f 3545/3543/3208 3544/3544/3209 3543/3545/3210
f 3546/3546/3211 3543/3545/3210 3544/3544/3209
f 3546/3546/3211 3547/3547/3212 3543/3545/3210
f 3548/3548/3213 3543/3545/3210 3547/3547/3212
f 3546/3546/3211 3549/3549/3214 3547/3547/3212
f 3549/3549/3214 3546/3546/3211 3544/3544/3209
f 3547/3547/3212 3549/3549/3214 3550/3550/3215
f 3547/3547/3212 3550/3550/3215 3551/3551/3213
f 3552/3552/3216 3551/3551/3213 3550/3550/3215
f 3544/3544/3209 3553/3553/3217 3549/3549/3214
f 3544/3544/3209 3554/3554/3208 3553/3553/3217
f 3555/3555/3218 3553/3553/3217 3554/3554/3208
f 3556/3556/3219 3549/3549/3214 3553/3553/3217
f 3556/3556/3219 3550/3550/3215 3549/3549/3214
f 3550/3550/3215 3556/3556/3219 3557/3557/3220
f 3558/3558/3221 3557/3557/3220 3556/3556/3219
f 3556/3556/3219 3553/3553/3217 3558/3558/3221
f 3559/3559/3218 3558/3558/3221 3553/3553/3217
f 3562/3560/3222 3561/3561/3223 3560/3562/3224
f 3561/3561/3223 3562/3560/3222 3563/3563/3225
f 3564/3564/3226 3563/3563/3225 3562/3560/3222
f 3562/3560/3222 3560/3562/3224 3565/3565/3227
f 3566/3566/3228 3565/3565/3227 3560/3562/3224
f 3567/3567/3229 3566/3566/3228 3560/3562/3224
f 3567/3567/3229 3568/3568/3230 3566/3566/3228
f 3571/3569/3231 3570/3570/3232 3569/3571/3233
f 3570/3570/3232 3571/3569/3231 3572/3572/3223
f 3573/3573/3224 3572/3572/3223 3571/3569/3231
f 3569/3571/3233 3570/3570/3232 3574/3574/3234
f 3575/3575/3235 3574/3574/3234 3570/3570/3232
f 3570/3570/3232 3572/3572/3223 3575/3575/3235
f 3576/3576/3225 3575/3575/3235 3572/3572/3223
f 3573/3573/3224 3571/3569/3231 3577/3577/3236
f 3578/3578/3237 3577/3577/3236 3571/3569/3231
f 3575/3575/3235 3579/3579/3225 3574/3574/3234
f 3580/3580/3226 3574/3574/3234 3579/3579/3225
f 3571/3569/3231 3569/3571/3233 3581/3581/3238
f 3581/3581/3238 3578/3578/3237 3571/3569/3231
f 3582/3582/3239 3581/3581/3238 3569/3571/3233
f 3582/3582/3239 3583/3583/3227 3581/3581/3238
f 3584/3584/3228 3581/3581/3238 3583/3583/3227
f 3581/3581/3238 3584/3584/3228 3585/3585/3240
f 3581/3581/3238 3585/3585/3240 3578/3578/3237
f 3586/3586/3241 3585/3585/3240 3584/3584/3228
f 3585/3585/3240 3587/3587/3230 3578/3578/3237
f 3588/3588/3229 3578/3578/3237 3587/3587/3230
f 3591/3589/3242 3590/3590/3243 3589/3591/3244
f 3592/3592/3245 3590/3590/3243 3591/3589/3242
f 3593/3593/3246 3590/3590/3243 3592/3592/3245
f 3594/3594/3247 3590/3590/3243 3593/3593/3246
f 3595/3595/3248 3590/3590/3243 3594/3594/3247
f 3596/3596/3249 3590/3590/3243 3595/3595/3248
f 3597/3597/3250 3590/3590/3243 3596/3596/3249
f 3589/3591/3244 3590/3590/3243 3597/3597/3250
f 3589/3591/3244 3598/3598/3251 3591/3589/3242
f 3599/3599/3252 3591/3589/3242 3598/3598/3251
f 3591/3589/3242 3599/3599/3252 3592/3592/3245
f 3600/3600/3253 3592/3592/3245 3599/3599/3252
f 3592/3592/3245 3600/3600/3253 3593/3593/3246
f 3601/3601/3254 3593/3593/3246 3600/3600/3253
f 3593/3593/3246 3601/3601/3254 3594/3594/3247
f 3602/3602/3255 3594/3594/3247 3601/3601/3254
f 3594/3594/3247 3602/3602/3255 3595/3595/3248
f 3603/3603/3256 3595/3595/3248 3602/3602/3255
f 3595/3595/3248 3603/3603/3256 3596/3596/3249
f 3604/3604/3257 3596/3596/3249 3603/3603/3256
f 3596/3596/3249 3604/3604/3257 3597/3597/3250
f 3605/3605/3258 3597/3597/3250 3604/3604/3257
f 3597/3597/3250 3605/3605/3258 3589/3591/3244
f 3598/3598/3251 3589/3591/3244 3605/3605/3258
f 3608/3606/3259 3607/3607/3260 3606/3608/3261
f 3609/3609/3262 3606/3608/3261 3607/3607/3260
f 3606/3608/3261 3610/3610/3263 3608/3606/3259
f 3611/3611/3264 3608/3606/3259 3610/3610/3263
f 3611/3611/3264 3610/3610/3263 3612/3612/3265
f 3613/3613/3266 3612/3612/3265 3610/3610/3263
f 3610/3610/3263 3614/3614/3267 3613/3613/3266
f 3612/3612/3265 3615/3615/3268 3611/3611/3264
f 3616/3616/3269 3611/3611/3264 3615/3615/3268
f 3611/3611/3264 3616/3616/3269 3608/3606/3259
f 3617/3617/3270 3608/3606/3259 3616/3616/3269
f 3617/3617/3270 3618/3618/3271 3608/3606/3259
f 3619/3619/3272 3608/3606/3259 3618/3618/3271
f 3608/3606/3259 3619/3619/3272 3607/3607/3260
f 3619/3619/3272 3620/3620/3273 3607/3607/3260
f 3619/3619/3272 3621/3621/3274 3620/3620/3273
f 3621/3621/3274 3622/3622/3275 3620/3620/3273
f 3607/3607/3260 3620/3620/3273 3623/3623/3276
f 3624/3624/3277 3612/3612/3265 3613/3613/3266
f 3614/3614/3267 3625/3625/3278 3613/3613/3266
f 3624/3624/3277 3613/3613/3266 3625/3625/3278
f 3624/3624/3277 3625/3625/3278 3626/3626/3279
f 3627/3627/3280 3621/3621/3274 3619/3619/3272
f 3626/3626/3279 3625/3625/3278 3628/3628/3281
f 3629/3629/3282 3628/3628/3281 3625/3625/3278
f 3629/3629/3282 3630/3630/3283 3628/3628/3281
f 3629/3629/3282 3631/3631/3284 3630/3630/3283
f 3632/3632/3285 3630/3630/3283 3631/3631/3284
f 3632/3632/3285 3633/3633/3286 3630/3630/3283
f 3632/3632/3285 3631/3631/3284 3634/3634/3287
f 3635/3635/3288 3634/3634/3287 3631/3631/3284
f 3635/3635/3288 3631/3631/3284 3636/3636/3289
f 3614/3614/3267 3636/3636/3289 3631/3631/3284
f 3631/3631/3284 3629/3629/3282 3614/3614/3267
f 3625/3625/3278 3614/3614/3267 3629/3629/3282
f 3637/3637/3290 3628/3628/3281 3630/3630/3283
f 3637/3637/3290 3630/3630/3283 3638/3638/3291
f 3632/3632/3285 3634/3634/3287 3639/3639/3292
f 3627/3627/3280 3641/3640/3293 3640/3641/3294
f 3619/3619/3272 3641/3640/3293 3642/3642/3295
f 3619/3619/3272 3618/3618/3271 3641/3640/3293
f 3618/3618/3271 3643/3643/3296 3641/3640/3293
f 3645/3644/3297 3640/3641/3298 3644/3645/3299
f 3645/3644/3297 3646/3646/3300 3640/3641/3298
f 3647/3647/3301 3640/3641/3298 3646/3646/3300
f 3648/3648/3302 3647/3647/3301 3646/3646/3300
f 3614/3614/3267 3650/3649/3303 3649/3650/3304
f 3610/3610/3263 3650/3649/3303 3614/3614/3267
f 3650/3649/3303 3610/3610/3263 3651/3651/3305
f 3652/3652/3306 3650/3649/3303 3651/3651/3305
f 3651/3651/3305 3653/3653/3307 3652/3652/3306
f 3651/3651/3305 3610/3610/3263 3606/3608/3261
f 3654/3654/3308 3651/3651/3305 3606/3608/3261
f 3655/3655/3309 3654/3654/3308 3606/3608/3261
f 3655/3655/3309 3656/3656/3310 3654/3654/3308
f 3657/3657/3311 3654/3654/3308 3656/3656/3310
f 3656/3656/3310 3655/3655/3309 3658/3658/3312
f 3609/3609/3262 3658/3658/3312 3655/3655/3309
f 3609/3609/3262 3655/3655/3309 3606/3608/3261
f 3609/3609/3262 3659/3659/3313 3658/3658/3312
f 3656/3656/3310 3660/3660/3314 3657/3657/3311
f 3656/3656/3310 3658/3658/3312 3660/3660/3314
f 3661/3661/3315 3657/3657/3311 3660/3660/3314
f 3657/3657/3311 3661/3661/3315 3662/3662/3316
f 3663/3663/3317 3662/3662/3316 3661/3661/3315
f 3664/3664/3318 3660/3660/3314 3658/3658/3312
f 3664/3664/3318 3665/3665/3319 3660/3660/3314
f 3661/3661/3315 3660/3660/3314 3665/3665/3319
f 3658/3658/3312 3666/3666/3320 3664/3664/3318
f 3666/3666/3320 3658/3658/3312 3667/3667/3321
f 3668/3668/3317 3664/3664/3318 3666/3666/3320
f 3654/3654/3308 3657/3657/3311 3669/3669/3322
f 3662/3662/3316 3669/3669/3322 3657/3657/3311
f 3607/3607/3260 3659/3659/3313 3609/3609/3262
f 3665/3665/3319 3664/3664/3318 3670/3670/3323
f 3664/3664/3318 3668/3668/3317 3671/3671/3324
f 3672/3672/3324 3661/3661/3315 3665/3665/3319
f 3673/3673/3325 3663/3663/3317 3661/3661/3315
f 3607/3607/3260 3623/3623/3276 3674/3674/3326
f 3674/3674/3326 3623/3623/3276 3675/3675/3327
f 3676/3676/3328 3675/3675/3327 3623/3623/3276
f 3623/3623/3276 3677/3677/3329 3676/3676/3328
f 3678/3678/3330 3676/3676/3328 3677/3677/3329
f 3675/3675/3327 3676/3676/3328 3679/3679/3331
f 3680/3680/3332 3679/3679/3331 3676/3676/3328
f 3676/3676/3328 3678/3678/3330 3680/3680/3332
f 3681/3681/3333 3680/3680/3332 3678/3678/3330
f 3682/3682/3334 3679/3679/3331 3680/3680/3332
f 3682/3682/3334 3680/3680/3332 3683/3683/3335
f 3680/3680/3332 3681/3681/3333 3683/3683/3335
f 3620/3620/3273 3677/3677/3329 3623/3623/3276
f 3622/3622/3275 3684/3684/3336 3620/3620/3273
f 3686/3685/3337 3685/3686/3338 3622/3622/3275
f 3687/3687/3339 3622/3622/3275 3685/3686/3338
f 3622/3622/3275 3688/3688/3340 3686/3685/3337
f 3685/3686/3338 3686/3685/3337 3689/3689/3341
f 3686/3685/3337 3691/3690/3342 3690/3691/3343
f 3692/3692/3344 3690/3691/3343 3691/3690/3342
f 3693/3693/3345 3690/3691/3343 3692/3692/3344
f 3691/3690/3342 3686/3685/3337 3694/3694/3346
f 3690/3691/3343 3695/3695/3347 3686/3685/3337
f 3696/3696/3348 3695/3695/3347 3690/3691/3343
f 3621/3621/3274 3697/3697/3349 3622/3622/3275
f 3621/3621/3274 3699/3698/3279 3698/3699/3350
f 3698/3699/3350 3699/3698/3279 3700/3700/3288
f 3701/3701/3351 3700/3700/3288 3699/3698/3279
f 3700/3700/3288 3701/3701/3351 3702/3702/3287
f 3703/3703/3352 3702/3702/3287 3701/3701/3351
f 3704/3704/3353 3702/3702/3287 3703/3703/3352
f 3621/3621/3274 3705/3705/3277 3699/3698/3279
f 3705/3705/3277 3621/3621/3274 3627/3627/3280
f 3707/3706/3354 3703/3703/3352 3706/3707/3355
f 3710/3708/3356 3709/3709/3357 3708/3710/3358
f 3709/3709/3357 3710/3708/3356 3711/3711/3347
f 3650/3649/3359 3708/3710/3358 3709/3709/3357
f 3712/3712/3342 3650/3649/3359 3709/3709/3357
f 3650/3649/3359 3712/3712/3342 3713/3713/3360
f 3712/3712/3342 3709/3709/3357 3714/3714/3344
f 3715/3715/3361 3714/3714/3344 3709/3709/3357
f 3709/3709/3357 3716/3716/3362 3715/3715/3361
f 3715/3715/3361 3716/3716/3362 3717/3717/3363
f 3718/3718/3364 3714/3714/3344 3715/3715/3361
f 3715/3715/3361 3720/3719/3365 3719/3720/3366
f 3723/3721/3367 3722/3722/3368 3721/3723/3369
f 3724/3724/3370 3722/3722/3368 3723/3721/3367
f 3723/3721/3367 3725/3725/3371 3724/3724/3370
f 3724/3724/3370 3725/3725/3371 3726/3726/3372
f 3727/3727/3373 3726/3726/3372 3725/3725/3371
f 3727/3727/3373 3725/3725/3371 3728/3728/3374
f 3729/3729/3298 3728/3728/3374 3725/3725/3371
f 3730/3730/3375 3729/3729/3298 3725/3725/3371
f 3726/3726/3372 3731/3731/3376 3724/3724/3370
f 3732/3732/3377 3724/3724/3370 3731/3731/3376
f 3723/3721/3367 3721/3723/3369 3612/3612/3265
f 3612/3612/3265 3733/3733/3378 3723/3721/3367
f 3723/3721/3367 3733/3733/3378 3725/3725/3371
f 3725/3725/3371 3733/3733/3378 3734/3734/3280
f 3624/3624/3277 3734/3734/3280 3733/3733/3378
f 3612/3612/3265 3624/3624/3277 3733/3733/3378
f 3721/3723/3369 3615/3615/3268 3612/3612/3265
f 3735/3735/3379 3727/3727/3373 3728/3728/3374
f 3735/3735/3379 3726/3726/3372 3727/3727/3373
f 3735/3735/3379 3731/3731/3376 3726/3726/3372
f 3724/3724/3370 3732/3732/3377 3736/3736/3293
f 3738/3737/3380 3651/3651/3305 3737/3738/3381
f 3738/3737/3380 3740/3739/3331 3739/3740/3382
f 3738/3737/3380 3739/3740/3382 3741/3741/3383
f 3743/3742/3384 3742/3743/3385 3740/3739/3331
f 3742/3743/3385 3743/3742/3384 3653/3653/3330
f 3744/3744/3386 3653/3653/3330 3743/3742/3384
f 3745/3745/3387 3744/3744/3386 3743/3742/3384
f 3745/3745/3387 3743/3742/3384 3746/3746/3388
f 3743/3742/3384 3740/3739/3331 3746/3746/3388
f 3654/3654/3308 3747/3747/3389 3651/3651/3305
f 3749/3748/3390 3748/3749/3391 3653/3653/3330
f 3751/3750/3392 3750/3751/3393 3690/3691/3343
f 3754/3752/3394 3753/3753/3395 3752/3754/3396
f 3755/3755/3397 3752/3754/3396 3753/3753/3395
f 3755/3755/3397 3753/3753/3395 3756/3756/3398
f 3757/3757/3399 3756/3756/3398 3753/3753/3395
f 3756/3756/3398 3757/3757/3399 3758/3758/3400
f 3759/3759/3401 3758/3758/3400 3757/3757/3399
f 3752/3754/3396 3755/3755/3397 3760/3760/3402
f 3761/3761/3403 3760/3760/3402 3755/3755/3397
f 3756/3756/3398 3762/3762/3404 3755/3755/3397
f 3761/3761/3403 3755/3755/3397 3762/3762/3404
f 3758/3758/3400 3763/3763/3405 3756/3756/3398
f 3762/3762/3404 3756/3756/3398 3763/3763/3405
f 3760/3760/3402 3764/3764/3406 3752/3754/3396
f 3764/3764/3406 3760/3760/3402 3765/3765/3407
f 3765/3765/3407 3766/3766/3408 3764/3764/3406
f 3767/3767/3405 3764/3764/3406 3766/3766/3408
f 3768/3768/3409 3765/3765/3407 3760/3760/3402
f 3760/3760/3402 3761/3761/3403 3768/3768/3409
f 3766/3766/3408 3765/3765/3407 3769/3769/3410
f 3770/3770/3411 3769/3769/3410 3765/3765/3407
f 3770/3770/3411 3771/3771/3412 3769/3769/3410
f 3771/3771/3412 3770/3770/3411 3772/3772/3413
f 3773/3773/3414 3772/3772/3413 3770/3770/3411
f 3768/3768/3409 3773/3773/3414 3765/3765/3407
f 3770/3770/3411 3765/3765/3407 3773/3773/3414
f 3772/3772/3413 3773/3773/3414 3774/3774/3415
f 3775/3775/3416 3774/3774/3415 3773/3773/3414
f 3773/3773/3414 3768/3768/3409 3775/3775/3416
f 3775/3775/3416 3776/3776/3417 3774/3774/3415
f 3777/3777/3418 3774/3774/3415 3776/3776/3417
f 3776/3776/3417 3778/3778/3419 3777/3777/3418
f 3779/3779/3420 3777/3777/3418 3778/3778/3419
f 3780/3780/3420 3769/3769/3410 3771/3771/3412
f 3771/3771/3412 3781/3781/3421 3780/3780/3420
f 3782/3782/3422 3780/3780/3420 3781/3781/3421
f 3781/3781/3421 3783/3783/3423 3782/3782/3422
f 3784/3784/3424 3782/3782/3422 3783/3783/3423
f 3781/3781/3421 3785/3785/3268 3783/3783/3423
f 3786/3786/3425 3785/3785/3268 3781/3781/3421
f 3772/3772/3413 3786/3786/3425 3771/3771/3412
f 3781/3781/3421 3771/3771/3412 3786/3786/3425
f 3785/3785/3268 3786/3786/3425 3787/3787/3426
f 3788/3788/3427 3787/3787/3426 3786/3786/3425
f 3774/3774/3415 3777/3777/3418 3788/3788/3427
f 3787/3787/3426 3788/3788/3427 3789/3789/3270
f 3790/3790/3428 3789/3789/3270 3788/3788/3427
f 3790/3790/3428 3788/3788/3427 3777/3777/3418
f 3777/3777/3418 3779/3779/3420 3790/3790/3428
f 3790/3790/3428 3791/3791/3422 3789/3789/3270
f 3791/3791/3422 3790/3790/3428 3779/3779/3420
f 3792/3792/3271 3789/3789/3270 3791/3791/3422
f 3786/3786/3425 3772/3772/3413 3788/3788/3427
f 3774/3774/3415 3788/3788/3427 3772/3772/3413
f 3632/3632/3285 3794/3793/3429 3793/3794/3430
f 3795/3795/3431 3775/3775/3416 3768/3768/3409
f 3775/3775/3416 3795/3795/3431 3776/3776/3417
f 3796/3796/3432 3776/3776/3417 3795/3795/3431
f 3776/3776/3417 3796/3796/3432 3778/3778/3419
f 3797/3797/3408 3778/3778/3419 3796/3796/3432
f 3795/3795/3431 3768/3768/3409 3761/3761/3403
f 3795/3795/3431 3761/3761/3403 3796/3796/3432
f 3762/3762/3404 3796/3796/3432 3761/3761/3403
f 3796/3796/3432 3762/3762/3404 3797/3797/3408
f 3763/3763/3405 3797/3797/3408 3762/3762/3404
f 3764/3764/3406 3767/3767/3405 3798/3798/3433
f 3799/3799/3400 3798/3798/3433 3767/3767/3405
f 3798/3798/3433 3752/3754/3396 3764/3764/3406
f 3798/3798/3433 3799/3799/3400 3800/3800/3434
f 3801/3801/3435 3800/3800/3434 3799/3799/3400
f 3752/3754/3396 3798/3798/3433 3754/3752/3394
f 3800/3800/3434 3754/3752/3394 3798/3798/3433
f 3804/3802/3436 3803/3803/3437 3802/3804/3438
f 3802/3804/3438 3805/3805/3439 3804/3802/3436
f 3802/3804/3438 3803/3803/3437 3806/3806/3440
f 3807/3807/3441 3806/3806/3440 3803/3803/3437
f 3807/3807/3441 3808/3808/3442 3806/3806/3440
f 3809/3809/3443 3806/3806/3440 3808/3808/3442
f 3810/3810/3444 3806/3806/3440 3809/3809/3443
f 3808/3808/3442 3807/3807/3441 3811/3811/3445
f 3812/3812/3446 3811/3811/3445 3807/3807/3441
f 3807/3807/3441 3803/3803/3437 3812/3812/3446
f 3813/3813/3447 3812/3812/3446 3803/3803/3437
f 3813/3813/3447 3803/3803/3437 3814/3814/3448
f 3815/3815/3449 3814/3814/3448 3803/3803/3437
f 3815/3815/3449 3803/3803/3437 3804/3802/3436
f 3816/3816/3450 3815/3815/3449 3804/3802/3436
f 3817/3817/3451 3815/3815/3449 3816/3816/3450
f 3818/3818/3452 3817/3817/3451 3816/3816/3450
f 3816/3816/3450 3804/3802/3436 3819/3819/3453
f 3808/3808/3442 3820/3820/3454 3809/3809/3443
f 3821/3821/3455 3810/3810/3444 3809/3809/3443
f 3809/3809/3443 3820/3820/3454 3821/3821/3455
f 3821/3821/3455 3820/3820/3454 3822/3822/3456
f 3817/3817/3451 3823/3823/3457 3815/3815/3449
f 3822/3822/3456 3824/3824/3458 3821/3821/3455
f 3825/3825/3459 3821/3821/3455 3824/3824/3458
f 3821/3821/3455 3825/3825/3459 3810/3810/3444
f 3825/3825/3459 3824/3824/3458 3826/3826/3460
f 3825/3825/3459 3826/3826/3460 3827/3827/3461
f 3828/3828/3462 3827/3827/3461 3826/3826/3460
f 3829/3829/3463 3828/3828/3462 3826/3826/3460
f 3828/3828/3462 3830/3830/3464 3827/3827/3461
f 3831/3831/3465 3827/3827/3461 3830/3830/3464
f 3831/3831/3465 3832/3832/3466 3827/3827/3461
f 3810/3810/3444 3827/3827/3461 3832/3832/3466
f 3827/3827/3461 3810/3810/3444 3825/3825/3459
f 3833/3833/3467 3826/3826/3460 3824/3824/3458
f 3826/3826/3460 3833/3833/3467 3834/3834/3468
f 3830/3830/3464 3828/3828/3462 3835/3835/3469
f 3823/3823/3457 3837/3836/3470 3836/3837/3471
f 3836/3837/3471 3815/3815/3449 3838/3838/3472
f 3814/3814/3448 3815/3815/3449 3836/3837/3471
f 3839/3839/3473 3814/3814/3448 3836/3837/3471
f 3841/3840/3474 3840/3841/3475 3837/3836/3476
f 3841/3840/3474 3837/3836/3476 3842/3842/3477
f 3843/3843/3478 3842/3842/3477 3837/3836/3476
f 3843/3843/3478 3844/3844/3479 3842/3842/3477
f 3846/3845/3480 3810/3810/3444 3845/3846/3481
f 3846/3845/3482 3848/3847/3483 3847/3848/3484
f 3848/3847/3483 3846/3845/3482 3849/3849/3485
f 3850/3850/3486 3846/3845/3482 3847/3848/3484
f 3847/3848/3484 3851/3851/3487 3850/3850/3486
f 3851/3851/3487 3847/3848/3484 3852/3852/3488
f 3848/3847/3483 3853/3853/3489 3847/3848/3484
f 3854/3854/3490 3847/3848/3484 3853/3853/3489
f 3855/3855/3491 3847/3848/3484 3854/3854/3490
f 3855/3855/3491 3854/3854/3490 3856/3856/3492
f 3853/3853/3489 3857/3857/3493 3854/3854/3490
f 3846/3845/3480 3859/3858/3494 3858/3859/3495
f 3860/3860/3496 3858/3859/3495 3859/3858/3494
f 3806/3806/3440 3846/3845/3480 3858/3859/3495
f 3806/3806/3440 3858/3859/3495 3802/3804/3438
f 3858/3859/3495 3861/3861/3497 3802/3804/3438
f 3861/3861/3497 3862/3862/3498 3802/3804/3438
f 3862/3862/3498 3861/3861/3497 3863/3863/3499
f 3864/3864/3500 3863/3863/3499 3861/3861/3497
f 3863/3863/3499 3865/3865/3501 3862/3862/3498
f 3805/3805/3439 3862/3862/3498 3865/3865/3501
f 3862/3862/3498 3805/3805/3439 3802/3804/3438
f 3805/3805/3439 3865/3865/3501 3866/3866/3502
f 3863/3863/3499 3864/3864/3500 3867/3867/3503
f 3863/3863/3499 3867/3867/3503 3865/3865/3501
f 3868/3868/3504 3867/3867/3503 3864/3864/3500
f 3864/3864/3500 3869/3869/3505 3868/3868/3504
f 3870/3870/3506 3868/3868/3504 3869/3869/3505
f 3871/3871/3507 3865/3865/3501 3867/3867/3503
f 3872/3872/3508 3871/3871/3507 3867/3867/3503
f 3867/3867/3503 3868/3868/3504 3872/3872/3508
f 3865/3865/3501 3871/3871/3507 3873/3873/3509
f 3873/3873/3509 3874/3874/3510 3865/3865/3501
f 3875/3875/3506 3873/3873/3509 3871/3871/3507
f 3869/3869/3505 3864/3864/3500 3876/3876/3511
f 3861/3861/3497 3876/3876/3511 3864/3864/3500
f 3866/3866/3502 3804/3802/3436 3805/3805/3439
f 3871/3871/3507 3872/3872/3508 3877/3877/3512
f 3875/3875/3506 3871/3871/3507 3878/3878/3513
f 3868/3868/3504 3879/3879/3513 3872/3872/3508
f 3870/3870/3506 3880/3880/3514 3868/3868/3504
f 3819/3819/3453 3804/3802/3436 3881/3881/3515
f 3881/3881/3515 3882/3882/3516 3819/3819/3453
f 3883/3883/3517 3819/3819/3453 3882/3882/3516
f 3819/3819/3453 3883/3883/3517 3884/3884/3518
f 3885/3885/3519 3884/3884/3518 3883/3883/3517
f 3882/3882/3516 3886/3886/3520 3883/3883/3517
f 3887/3887/3521 3883/3883/3517 3886/3886/3520
f 3883/3883/3517 3887/3887/3521 3885/3885/3519
f 3888/3888/3522 3885/3885/3519 3887/3887/3521
f 3886/3886/3520 3889/3889/3523 3887/3887/3521
f 3887/3887/3521 3889/3889/3523 3890/3890/3524
f 3888/3888/3522 3887/3887/3521 3890/3890/3524
f 3884/3884/3518 3816/3816/3450 3819/3819/3453
f 3891/3891/3525 3818/3818/3452 3816/3816/3450
f 3893/3892/3526 3892/3893/3527 3818/3818/3452
f 3894/3894/3528 3818/3818/3452 3892/3893/3527
f 3818/3818/3452 3894/3894/3528 3895/3895/3529
f 3892/3893/3527 3896/3896/3530 3894/3894/3528
f 3894/3894/3528 3898/3897/3531 3897/3898/3483
f 3899/3899/3489 3897/3898/3483 3898/3897/3531
f 3898/3897/3531 3900/3900/3532 3899/3899/3489
f 3897/3898/3483 3901/3901/3533 3894/3894/3528
f 3898/3897/3531 3894/3894/3528 3902/3902/3488
f 3902/3902/3488 3903/3903/3534 3898/3897/3531
f 3904/3904/3535 3817/3817/3451 3818/3818/3452
f 3906/3905/3456 3817/3817/3451 3905/3906/3536
f 3905/3906/3536 3907/3907/3465 3906/3905/3456
f 3908/3908/3537 3906/3905/3456 3907/3907/3465
f 3907/3907/3465 3909/3909/3464 3908/3908/3537
f 3910/3910/3538 3908/3908/3537 3909/3909/3464
f 3909/3909/3464 3911/3911/3539 3910/3910/3538
f 3912/3912/3454 3817/3817/3451 3906/3905/3456
f 3817/3817/3451 3912/3912/3454 3823/3823/3457
f 3910/3910/3538 3914/3913/3540 3913/3914/3541
f 3917/3915/3542 3916/3916/3543 3915/3917/3544
f 3917/3915/3542 3918/3918/3545 3916/3916/3543
f 3919/3919/3546 3916/3916/3543 3918/3918/3545
f 3918/3918/3545 3920/3920/3547 3919/3919/3546
f 3921/3921/3548 3919/3919/3546 3920/3920/3547
f 3921/3921/3548 3922/3922/3549 3919/3919/3546
f 3923/3923/3476 3919/3919/3546 3922/3922/3549
f 3923/3923/3476 3924/3924/3550 3919/3919/3546
f 3920/3920/3547 3918/3918/3545 3925/3925/3551
f 3926/3926/3552 3925/3925/3551 3918/3918/3545
f 3915/3917/3544 3916/3916/3543 3808/3808/3442
f 3927/3927/3553 3808/3808/3442 3916/3916/3543
f 3927/3927/3553 3916/3916/3543 3919/3919/3546
f 3927/3927/3553 3919/3919/3546 3928/3928/3457
f 3928/3928/3457 3820/3820/3454 3927/3927/3553
f 3820/3820/3454 3808/3808/3442 3927/3927/3553
f 3811/3811/3445 3915/3917/3544 3808/3808/3442
f 3921/3921/3548 3929/3929/3554 3922/3922/3549
f 3920/3920/3547 3929/3929/3554 3921/3921/3548
f 3925/3925/3551 3929/3929/3554 3920/3920/3547
f 3926/3926/3552 3918/3918/3545 3930/3930/3471
f 3858/3859/3495 3932/3931/3555 3931/3932/3556
f 3932/3931/3555 3934/3933/3557 3933/3934/3520
f 3934/3933/3557 3932/3931/3555 3935/3935/3558
f 3937/3936/3559 3933/3934/3520 3936/3937/3560
f 3936/3937/3560 3860/3860/3519 3937/3936/3559
f 3938/3938/3561 3937/3936/3559 3860/3860/3519
f 3938/3938/3561 3939/3939/3562 3937/3936/3559
f 3937/3936/3559 3939/3939/3562 3940/3940/3563
f 3933/3934/3520 3937/3936/3559 3940/3940/3563
f 3941/3941/3564 3861/3861/3497 3858/3859/3495
f 3943/3942/3565 3942/3943/3566 3860/3860/3519
f 3945/3944/3567 3944/3945/3568 3898/3897/3531
f 3947/3946/3569 3854/3854/3490 3946/3947/3570
f 3846/3845/3480 3806/3806/3440 3810/3810/3444
f 3950/3948/3571 3949/3949/3572 3948/3950/3573
f 3951/3951/3574 3948/3950/3573 3949/3949/3572
f 3950/3948/3571 3952/3952/3575 3949/3949/3572
f 3953/3953/3576 3949/3949/3572 3952/3952/3575
f 3952/3952/3575 3954/3954/3577 3953/3953/3576
f 3955/3955/3578 3953/3953/3576 3954/3954/3577
f 3948/3950/3573 3956/3956/3579 3950/3948/3571
f 3957/3957/3580 3950/3948/3571 3956/3956/3579
f 3957/3957/3580 3958/3958/3581 3950/3948/3571
f 3952/3952/3575 3950/3948/3571 3958/3958/3581
f 3958/3958/3581 3959/3959/3582 3952/3952/3575
f 3954/3954/3577 3952/3952/3575 3959/3959/3582
f 3956/3956/3579 3948/3950/3573 3960/3960/3583
f 3960/3960/3583 3961/3961/3584 3956/3956/3579
f 3961/3961/3584 3960/3960/3583 3962/3962/3585
f 3963/3963/3582 3962/3962/3585 3960/3960/3583
f 3964/3964/3586 3956/3956/3579 3961/3961/3584
f 3956/3956/3579 3964/3964/3586 3957/3957/3580
f 3962/3962/3585 3965/3965/3587 3961/3961/3584
f 3966/3966/3588 3961/3961/3584 3965/3965/3587
f 3966/3966/3588 3965/3965/3587 3967/3967/3589
f 3967/3967/3589 3968/3968/3590 3966/3966/3588
f 3969/3969/3591 3966/3966/3588 3968/3968/3590
f 3966/3966/3588 3969/3969/3591 3961/3961/3584
f 3964/3964/3586 3961/3961/3584 3969/3969/3591
f 3968/3968/3590 3970/3970/3592 3969/3969/3591
f 3971/3971/3593 3969/3969/3591 3970/3970/3592
f 3969/3969/3591 3971/3971/3593 3964/3964/3586
f 3971/3971/3593 3970/3970/3592 3972/3972/3594
f 3973/3973/3595 3972/3972/3594 3970/3970/3592
f 3972/3972/3594 3973/3973/3595 3974/3974/3596
f 3975/3975/3597 3974/3974/3596 3973/3973/3595
f 3976/3976/3597 3967/3967/3589 3965/3965/3587
f 3967/3967/3589 3976/3976/3597 3977/3977/3598
f 3978/3978/3599 3977/3977/3598 3976/3976/3597
f 3977/3977/3598 3978/3978/3599 3979/3979/3600
f 3980/3980/3601 3979/3979/3600 3978/3978/3599
f 3981/3981/3445 3977/3977/3598 3979/3979/3600
f 3981/3981/3445 3982/3982/3602 3977/3977/3598
f 3977/3977/3598 3982/3982/3602 3967/3967/3589
f 3968/3968/3590 3967/3967/3589 3982/3982/3602
f 3981/3981/3445 3983/3983/3603 3982/3982/3602
f 3984/3984/3604 3982/3982/3602 3983/3983/3603
f 3970/3970/3592 3984/3984/3604 3973/3973/3595
f 3983/3983/3603 3985/3985/3447 3984/3984/3604
f 3986/3986/3605 3984/3984/3604 3985/3985/3447
f 3986/3986/3605 3973/3973/3595 3984/3984/3604
f 3973/3973/3595 3986/3986/3605 3975/3975/3597
f 3986/3986/3605 3985/3985/3447 3987/3987/3599
f 3987/3987/3599 3975/3975/3597 3986/3986/3605
f 3988/3988/3448 3987/3987/3599 3985/3985/3447
f 3982/3982/3602 3984/3984/3604 3968/3968/3590
f 3970/3970/3592 3968/3968/3590 3984/3984/3604
f 3990/3989/3606 3828/3828/3462 3989/3990/3607
f 3991/3991/3608 3964/3964/3586 3971/3971/3593
f 3971/3971/3593 3972/3972/3594 3991/3991/3608
f 3992/3992/3609 3991/3991/3608 3972/3972/3594
f 3972/3972/3594 3974/3974/3596 3992/3992/3609
f 3993/3993/3585 3992/3992/3609 3974/3974/3596
f 3991/3991/3608 3957/3957/3580 3964/3964/3586
f 3991/3991/3608 3992/3992/3609 3957/3957/3580
f 3958/3958/3581 3957/3957/3580 3992/3992/3609
f 3992/3992/3609 3993/3993/3585 3958/3958/3581
f 3959/3959/3582 3958/3958/3581 3993/3993/3585
f 3995/3994/3577 3963/3963/3582 3994/3995/3610
f 3960/3960/3583 3994/3995/3610 3963/3963/3582
f 3994/3995/3610 3960/3960/3583 3948/3950/3573
f 3994/3995/3610 3996/3996/3611 3995/3994/3577
f 3997/3997/3612 3995/3994/3577 3996/3996/3611
f 3996/3996/3611 3994/3995/3610 3951/3951/3574
f 3948/3950/3573 3951/3951/3574 3994/3995/3610
